{
    "action": [
        0.5205307061225211,
        -0.7630248860549171
    ],
    "ep_idx": 0,
    "finger_pos": [
        0.10810095566915223,
        -0.05108587259512275
    ],
    "id": 4967223527871613259,
    "observation": [
        -1.4907617568969727,
        2.0985865592956543,
        -0.10005436092615128,
        0.16131086647510529,
        0.0,
        0.0
    ],
    "qpos": [
        -1.4907617041592107,
        2.098586657662563
    ],
    "qvel": [
        0.0,
        0.0
    ],
    "render_time": 0.08681893348693848,
    "reward": null,
    "score": 0.0,
    "step_idx": 0,
    "success": null,
    "target_pos": [
        0.008046597766300538,
        0.11022499038929386
    ],
    "terminated": false,
    "truncated": false
}