{
    "action": [
        0.9507501733232859,
        -0.08509945261459984
    ],
    "ep_idx": 0,
    "finger_pos": [
        0.1167865183455131,
        -0.05712345719519798
    ],
    "id": 4967223527871613259,
    "observation": [
        -1.4532477855682373,
        1.9966723918914795,
        -0.10873991996049881,
        0.1673484444618225,
        1.181527018547058,
        -3.0420005321502686
    ],
    "qpos": [
        -1.4532477482855901,
        1.9966723802417423
    ],
    "qvel": [
        1.1815269775887702,
        -3.042000451510977
    ],
    "render_time": 0.0021195411682128906,
    "reward": 0.0,
    "score": 0.0,
    "step_idx": 1,
    "success": null,
    "target_pos": [
        0.008046597766300538,
        0.11022499038929386
    ],
    "terminated": false,
    "truncated": false
}