{
    "action": [
        0.11457712341795867,
        -0.4159890631048415
    ],
    "ep_idx": 0,
    "finger_pos": [
        0.12540202884860918,
        -0.053235344033774334
    ],
    "id": 4967223527871613259,
    "observation": [
        -1.3686202764511108,
        1.9343169927597046,
        -0.11735542863607407,
        0.16346032917499542,
        2.381840467453003,
        -1.2744632959365845
    ],
    "qpos": [
        -1.3686202936909695,
        1.9343169568871914
    ],
    "qvel": [
        2.3818405759114842,
        -1.2744633260751572
    ],
    "render_time": 0.0017962455749511719,
    "reward": 0.0,
    "score": 0.0,
    "step_idx": 2,
    "success": null,
    "target_pos": [
        0.008046597766300538,
        0.11022499038929386
    ],
    "terminated": false,
    "truncated": false
}