{
    "action": [
        -0.9946274822294663,
        0.44617071564382904
    ],
    "ep_idx": 0,
    "finger_pos": [
        0.13389100604752963,
        -0.05065537613382548
    ],
    "id": 4967223527871613259,
    "observation": [
        -1.293389081954956,
        1.8633992671966553,
        -0.12584440410137177,
        0.16088037192821503,
        1.733953833580017,
        -1.8653773069381714
    ],
    "qpos": [
        -1.293389129711479,
        1.8633992967957145
    ],
    "qvel": [
        1.7339537884337586,
        -1.8653772753080256
    ],
    "render_time": 0.0017917156219482422,
    "reward": 0.0,
    "score": 0.0,
    "step_idx": 3,
    "success": null,
    "target_pos": [
        0.008046597766300538,
        0.11022499038929386
    ],
    "terminated": false,
    "truncated": false
}