{
    "action": [
        0.34281957518003736,
        0.42830857231552066
    ],
    "ep_idx": 0,
    "finger_pos": [
        0.1298165504354438,
        -0.04808398032345643
    ],
    "id": 4967223527871613259,
    "observation": [
        -1.3107033967971802,
        1.9119443893432617,
        -0.12176994979381561,
        0.1583089679479599,
        -0.9947616457939148,
        1.7726285457611084
    ],
    "qpos": [
        -1.310703441336415,
        1.9119444159424062
    ],
    "qvel": [
        -0.9947616256736451,
        1.772628506031109
    ],
    "render_time": 0.0017957687377929688,
    "reward": 0.0,
    "score": 0.0,
    "step_idx": 4,
    "success": null,
    "target_pos": [
        0.008046597766300538,
        0.11022499038929386
    ],
    "terminated": false,
    "truncated": false
}