{
    "action": [
        0.8054557332315235,
        0.8751264521607733
    ],
    "ep_idx": 0,
    "finger_pos": [
        0.12415325738535551,
        -0.04211413775821758
    ],
    "id": 4967223527871613259,
    "observation": [
        -1.3199386596679688,
        1.985815167427063,
        -0.11610665917396545,
        0.1523391306400299,
        -0.006760852411389351,
        1.878958821296692
    ],
    "qpos": [
        -1.3199386142296343,
        1.9858152257453812
    ],
    "qvel": [
        -0.006760852599699774,
        1.8789588487192639
    ],
    "render_time": 0.0018124580383300781,
    "reward": 0.0,
    "score": 0.0,
    "step_idx": 5,
    "success": null,
    "target_pos": [
        0.008046597766300538,
        0.11022499038929386
    ],
    "terminated": false,
    "truncated": false
}