{
    "action": [
        -0.3228618046274343,
        0.7534124443624048
    ],
    "ep_idx": 0,
    "finger_pos": [
        0.1148459936235198,
        -0.02517357118888522
    ],
    "id": 4967223527871613259,
    "observation": [
        -1.274619221687317,
        2.117675304412842,
        -0.10679939389228821,
        0.13539856672286987,
        1.5019373893737793,
        3.584444046020508
    ],
    "qpos": [
        -1.274619182130004,
        2.1176752884025385
    ],
    "qvel": [
        1.5019373389476751,
        3.5844440469507237
    ],
    "render_time": 0.0018053054809570312,
    "reward": 0.0,
    "score": 0.0,
    "step_idx": 6,
    "success": null,
    "target_pos": [
        0.008046597766300538,
        0.11022499038929386
    ],
    "terminated": false,
    "truncated": false
}