{
    "action": [
        0.0869465206384612,
        -0.03283135470723697
    ],
    "ep_idx": 0,
    "finger_pos": [
        0.10092536487217918,
        -0.011535207085600102
    ],
    "id": 4967223527871613259,
    "observation": [
        -1.2475563287734985,
        2.2675113677978516,
        -0.09287876635789871,
        0.12176019698381424,
        0.43379369378089905,
        3.7712788581848145
    ],
    "qpos": [
        -1.2475562854742581,
        2.267511349305375
    ],
    "qvel": [
        0.4337936816897539,
        3.771278777571589
    ],
    "render_time": 0.0017938613891601562,
    "reward": 0.0,
    "score": 0.0,
    "step_idx": 7,
    "success": null,
    "target_pos": [
        0.008046597766300538,
        0.11022499038929386
    ],
    "terminated": false,
    "truncated": false
}