{
    "action": [
        0.7139645111833561,
        0.7753258788320572
    ],
    "ep_idx": 0,
    "finger_pos": [
        0.0959084210848367,
        -0.00639573881835602
    ],
    "id": 4967223527871613259,
    "observation": [
        -1.2253146171569824,
        2.3174545764923096,
        -0.08786182105541229,
        0.11662072688341141,
        0.5571267008781433,
        0.7569966912269592
    ],
    "qpos": [
        -1.2253146413277805,
        2.3174546703034804
    ],
    "qvel": [
        0.5571267170866655,
        0.7569967069837206
    ],
    "render_time": 0.0018084049224853516,
    "reward": 0.0,
    "score": 0.0,
    "step_idx": 8,
    "success": null,
    "target_pos": [
        0.008046597766300538,
        0.11022499038929386
    ],
    "terminated": false,
    "truncated": false
}