{
    "action": [
        -0.9485234251838219,
        0.8581383169740904
    ],
    "ep_idx": 0,
    "finger_pos": [
        0.08379998644107634,
        0.004480299040757696
    ],
    "id": 4967223527871613259,
    "observation": [
        -1.1601691246032715,
        2.4271650314331055,
        -0.07575339078903198,
        0.10574468970298767,
        1.9485292434692383,
        3.1315114498138428
    ],
    "qpos": [
        -1.1601691691304217,
        2.4271650258967585
    ],
    "qvel": [
        1.9485292481177483,
        3.131511559805968
    ],
    "render_time": 0.0017979145050048828,
    "reward": 0.0,
    "score": 0.0,
    "step_idx": 9,
    "success": null,
    "target_pos": [
        0.008046597766300538,
        0.11022499038929386
    ],
    "terminated": false,
    "truncated": false
}