{
    "action": [
        -0.3264243847343642,
        -0.4111338322954088
    ],
    "ep_idx": 0,
    "finger_pos": [
        0.06645246779488043,
        0.007650763093378032
    ],
    "id": 4967223527871613259,
    "observation": [
        -1.173714518547058,
        2.5766823291778564,
        -0.05840586870908737,
        0.10257422924041748,
        -0.9846680164337158,
        3.860147714614868
    ],
    "qpos": [
        -1.173714523896811,
        2.5766823913334163
    ],
    "qvel": [
        -0.9846679898593877,
        3.8601476731404696
    ],
    "render_time": 0.0018274784088134766,
    "reward": 0.0,
    "score": 0.0,
    "step_idx": 10,
    "success": null,
    "target_pos": [
        0.008046597766300538,
        0.11022499038929386
    ],
    "terminated": false,
    "truncated": false
}