{
    "action": [
        -0.37057122988332836,
        0.35432112714841346
    ],
    "ep_idx": 0,
    "finger_pos": [
        0.06665259146018097,
        0.0039073243889323345
    ],
    "id": 4967223527871613259,
    "observation": [
        -1.230325698852539,
        2.5777618885040283,
        -0.058605995029211044,
        0.1063176691532135,
        -1.5093117952346802,
        -0.7177624702453613
    ],
    "qpos": [
        -1.2303257241474053,
        2.577761903631957
    ],
    "qvel": [
        -1.5093118118015867,
        -0.717762466593312
    ],
    "render_time": 0.001819610595703125,
    "reward": 0.0,
    "score": 0.0,
    "step_idx": 11,
    "success": null,
    "target_pos": [
        0.008046597766300538,
        0.11022499038929386
    ],
    "terminated": false,
    "truncated": false
}