{
    "action": [
        -0.07408186893911273,
        0.1893764816282104
    ],
    "ep_idx": 0,
    "finger_pos": [
        0.0628397279516617,
        0.0008510778166179456
    ],
    "id": 4967223527871613259,
    "observation": [
        -1.2923084497451782,
        2.6117026805877686,
        -0.05479313060641289,
        0.10937391221523285,
        -1.580396056175232,
        1.1520435810089111
    ],
    "qpos": [
        -1.2923085022656466,
        2.611702601888249
    ],
    "qvel": [
        -1.580396053805958,
        1.152043588994545
    ],
    "render_time": 0.0018122196197509766,
    "reward": 0.0,
    "score": 0.0,
    "step_idx": 12,
    "success": null,
    "target_pos": [
        0.008046597766300538,
        0.11022499038929386
    ],
    "terminated": false,
    "truncated": false
}