{
    "action": [
        0.7351477811319951,
        0.9720706877321605
    ],
    "ep_idx": 0,
    "finger_pos": [
        0.05797312040225073,
        -0.0006178841594570855
    ],
    "id": 4967223527871613259,
    "observation": [
        -1.3374722003936768,
        2.6536290645599365,
        -0.0499265231192112,
        0.11084287613630295,
        -1.007258653640747,
        1.0272082090377808
    ],
    "qpos": [
        -1.337472256064236,
        2.65362909006745
    ],
    "qvel": [
        -1.0072586069628022,
        1.027208229421694
    ],
    "render_time": 0.0018153190612792969,
    "reward": 0.0,
    "score": 0.0,
    "step_idx": 13,
    "success": null,
    "target_pos": [
        0.008046597766300538,
        0.11022499038929386
    ],
    "terminated": false,
    "truncated": false
}