{
    "action": [
        0.6307280365962442,
        -0.38055732169751644
    ],
    "ep_idx": 0,
    "finger_pos": [
        0.04032022260100784,
        0.004267188708304906
    ],
    "id": 4967223527871613259,
    "observation": [
        -1.2956030368804932,
        2.802086114883423,
        -0.03227362409234047,
        0.10595779865980148,
        1.5832732915878296,
        4.22183084487915
    ],
    "qpos": [
        -1.2956030944067118,
        2.802086143561066
    ],
    "qvel": [
        1.5832732755580565,
        4.221830938710574
    ],
    "render_time": 0.0018067359924316406,
    "reward": 0.0,
    "score": 0.0,
    "step_idx": 14,
    "success": null,
    "target_pos": [
        0.008046597766300538,
        0.11022499038929386
    ],
    "terminated": false,
    "truncated": false
}