{
    "action": [
        -0.9721318166938808,
        0.7069294184226897
    ],
    "ep_idx": 0,
    "finger_pos": [
        0.038215945840862076,
        0.007353749938256229
    ],
    "id": 4967223527871613259,
    "observation": [
        -1.2178202867507935,
        2.8158457279205322,
        -0.030169347301125526,
        0.10287123918533325,
        2.072835683822632,
        -0.4122905135154724
    ],
    "qpos": [
        -1.217820243487386,
        2.815845655773851
    ],
    "qvel": [
        2.072835685865276,
        -0.4122905103466765
    ],
    "render_time": 0.0018301010131835938,
    "reward": 0.0,
    "score": 0.0,
    "step_idx": 15,
    "success": null,
    "target_pos": [
        0.008046597766300538,
        0.11022499038929386
    ],
    "terminated": false,
    "truncated": false
}