{
    "action": [
        0.7353767182964157,
        -0.8119296973626493
    ],
    "ep_idx": 0,
    "finger_pos": [
        0.037669555896142085,
        0.006244560828726806
    ],
    "id": 4967223527871613259,
    "observation": [
        -1.246740698814392,
        2.822037696838379,
        -0.029622958973050117,
        0.10398042947053909,
        -1.4532320499420166,
        0.25850096344947815
    ],
    "qpos": [
        -1.2467407453586177,
        2.822037786199178
    ],
    "qvel": [
        -1.4532320438553792,
        0.25850095790161454
    ],
    "render_time": 0.001817941665649414,
    "reward": 0.0,
    "score": 0.0,
    "step_idx": 16,
    "success": null,
    "target_pos": [
        0.008046597766300538,
        0.11022499038929386
    ],
    "terminated": false,
    "truncated": false
}