{
    "action": [
        -0.6917073679945045,
        -0.41455433640241757
    ],
    "ep_idx": 0,
    "finger_pos": [
        0.048276379233852126,
        0.006621449209673946
    ],
    "id": 4967223527871613259,
    "observation": [
        -1.2300333976745605,
        2.732680082321167,
        -0.040229782462120056,
        0.1036035418510437,
        0.9415658712387085,
        -2.7425105571746826
    ],
    "qpos": [
        -1.2300334067869154,
        2.7326800748574267
    ],
    "qvel": [
        0.9415658599253875,
        -2.742510664302762
    ],
    "render_time": 0.0018162727355957031,
    "reward": 0.0,
    "score": 0.0,
    "step_idx": 17,
    "success": null,
    "target_pos": [
        0.008046597766300538,
        0.11022499038929386
    ],
    "terminated": false,
    "truncated": false
}