{
    "action": [
        0.10771649501563196,
        0.1720126051137032
    ],
    "ep_idx": 0,
    "finger_pos": [
        0.060488314315461575,
        0.0032965763998017844
    ],
    "id": 4967223527871613259,
    "observation": [
        -1.2611820697784424,
        2.6312551498413086,
        -0.05244171619415283,
        0.10692841559648514,
        -1.211484432220459,
        -2.460732936859131
    ],
    "qpos": [
        -1.2611820852384679,
        2.6312552324486536
    ],
    "qvel": [
        -1.2114843905038026,
        -2.4607328935837174
    ],
    "render_time": 0.0018172264099121094,
    "reward": 0.0,
    "score": 0.0,
    "step_idx": 18,
    "success": null,
    "target_pos": [
        0.008046597766300538,
        0.11022499038929386
    ],
    "terminated": false,
    "truncated": false
}