{
    "action": [
        -0.025405162265633274,
        0.46582299862008236
    ],
    "ep_idx": 0,
    "finger_pos": [
        0.061735228950507176,
        0.0021782658451975773
    ],
    "id": 4967223527871613259,
    "observation": [
        -1.2752065658569336,
        2.6209518909454346,
        -0.05368863046169281,
        0.10804672539234161,
        -0.16643299162387848,
        0.15919330716133118
    ],
    "qpos": [
        -1.2752065356047078,
        2.620951809141143
    ],
    "qvel": [
        -0.16643299758596541,
        0.15919330265199294
    ],
    "render_time": 0.0018024444580078125,
    "reward": 0.0,
    "score": 0.0,
    "step_idx": 19,
    "success": null,
    "target_pos": [
        0.008046597766300538,
        0.11022499038929386
    ],
    "terminated": false,
    "truncated": false
}