{
    "action": [
        0.4124486919898849,
        -0.9219299242252055
    ],
    "ep_idx": 0,
    "finger_pos": [
        0.054410650768475,
        0.003486475925664173
    ],
    "id": 4967223527871613259,
    "observation": [
        -1.2776298522949219,
        2.683238983154297,
        -0.04636405408382416,
        0.10673851519823074,
        -0.04471977427601814,
        1.8274394273757935
    ],
    "qpos": [
        -1.2776298541857976,
        2.6832389154419714
    ],
    "qvel": [
        -0.044719774910821165,
        1.8274393846234687
    ],
    "render_time": 0.0032889842987060547,
    "reward": 0.0,
    "score": 0.0,
    "step_idx": 20,
    "success": null,
    "target_pos": [
        0.008046597766300538,
        0.11022499038929386
    ],
    "terminated": false,
    "truncated": false
}