{
    "action": [
        -0.6321343826550001,
        0.36509940872507984
    ],
    "ep_idx": 0,
    "finger_pos": [
        0.06480871335844994,
        0.0025752061746650984
    ],
    "id": 4967223527871613259,
    "observation": [
        -1.2574297189712524,
        2.5942885875701904,
        -0.05676211416721344,
        0.1076497808098793,
        0.6993167996406555,
        -3.0147290229797363
    ],
    "qpos": [
        -1.257429663021148,
        2.5942885257511996
    ],
    "qvel": [
        0.699316793074295,
        -3.0147291376781964
    ],
    "render_time": 0.001825094223022461,
    "reward": 0.0,
    "score": 0.0,
    "step_idx": 21,
    "success": null,
    "target_pos": [
        0.008046597766300538,
        0.11022499038929386
    ],
    "terminated": false,
    "truncated": false
}