{
    "action": [
        -0.5656287469963932,
        0.8608682843094144
    ],
    "ep_idx": 0,
    "finger_pos": [
        0.06505524486661812,
        0.0009776281568127237
    ],
    "id": 4967223527871613259,
    "observation": [
        -1.2812402248382568,
        2.592533588409424,
        -0.05700864642858505,
        0.1092473641037941,
        -0.9711488485336304,
        0.5469059348106384
    ],
    "qpos": [
        -1.281240255561396,
        2.5925335706725847
    ],
    "qvel": [
        -0.9711488437891651,
        0.5469059200563169
    ],
    "render_time": 0.001811981201171875,
    "reward": 0.0,
    "score": 0.0,
    "step_idx": 22,
    "success": null,
    "target_pos": [
        0.008046597766300538,
        0.11022499038929386
    ],
    "terminated": false,
    "truncated": false
}