{
    "action": [
        -0.538920850313299,
        0.2823572426697334
    ],
    "ep_idx": 0,
    "finger_pos": [
        0.051655038432699085,
        0.0005373754705714079
    ],
    "id": 4967223527871613259,
    "observation": [
        -1.3434549570083618,
        2.7077155113220215,
        -0.043608441948890686,
        0.10968761146068573,
        -1.7316540479660034,
        3.332900285720825
    ],
    "qpos": [
        -1.3434549651109757,
        2.707715493520077
    ],
    "qvel": [
        -1.7316540516989316,
        3.3329003627532803
    ],
    "render_time": 0.0017986297607421875,
    "reward": 0.0,
    "score": 0.0,
    "step_idx": 23,
    "success": null,
    "target_pos": [
        0.008046597766300538,
        0.11022499038929386
    ],
    "terminated": false,
    "truncated": false
}