{
    "action": [
        -0.21051150868434787,
        -0.5227328776796767
    ],
    "ep_idx": 0,
    "finger_pos": [
        0.04213662676782279,
        -0.001621084903180109
    ],
    "id": 4967223527871613259,
    "observation": [
        -1.4326335191726685,
        2.788360834121704,
        -0.03409002721309662,
        0.11184607446193695,
        -2.3480708599090576,
        1.764114260673523
    ],
    "qpos": [
        -1.432633540092164,
        2.7883607900511285
    ],
    "qvel": [
        -2.348070826849077,
        1.7641142808145185
    ],
    "render_time": 0.0018105506896972656,
    "reward": 0.0,
    "score": 0.0,
    "step_idx": 24,
    "success": null,
    "target_pos": [
        0.008046597766300538,
        0.11022499038929386
    ],
    "terminated": false,
    "truncated": false
}