{
    "action": [
        0.08343684969484211,
        0.15060564013824762
    ],
    "ep_idx": 0,
    "finger_pos": [
        0.04653841921260836,
        -0.0066660899431081055
    ],
    "id": 4967223527871613259,
    "observation": [
        -1.5159028768539429,
        2.7472643852233887,
        -0.03849182277917862,
        0.11689107865095139,
        -1.9592550992965698,
        -1.5646777153015137
    ],
    "qpos": [
        -1.515902852605353,
        2.747264319847703
    ],
    "qvel": [
        -1.9592550423771549,
        -1.5646777582065132
    ],
    "render_time": 0.0018439292907714844,
    "reward": 0.0,
    "score": 0.0,
    "step_idx": 25,
    "success": null,
    "target_pos": [
        0.008046597766300538,
        0.11022499038929386
    ],
    "terminated": false,
    "truncated": false
}