{
    "action": [
        0.9805732149805699,
        -0.23940557844365928
    ],
    "ep_idx": 0,
    "finger_pos": [
        0.04608039927908153,
        -0.008148684090575217
    ],
    "id": 4967223527871613259,
    "observation": [
        -1.5495854616165161,
        2.749117374420166,
        -0.038033802062273026,
        0.11837367713451385,
        -0.5873015522956848,
        0.34293055534362793
    ],
    "qpos": [
        -1.5495854307412609,
        2.7491173098692157
    ],
    "qvel": [
        -0.5873015669005297,
        0.34293056268937794
    ],
    "render_time": 0.0018401145935058594,
    "reward": 0.0,
    "score": 0.0,
    "step_idx": 26,
    "success": null,
    "target_pos": [
        0.008046597766300538,
        0.11022499038929386
    ],
    "terminated": false,
    "truncated": false
}