{
    "action": [
        0.48631670602740473,
        -0.9382627631246332
    ],
    "ep_idx": 0,
    "finger_pos": [
        0.048129941496903195,
        -0.005780561593975955
    ],
    "id": 4967223527871613259,
    "observation": [
        -1.4869451522827148,
        2.7348289489746094,
        -0.04008334502577782,
        0.1160055547952652,
        2.131418228149414,
        -0.5263516902923584
    ],
    "qpos": [
        -1.4869451681082253,
        2.7348289509120143
    ],
    "qvel": [
        2.131418143971202,
        -0.5263516765808083
    ],
    "render_time": 0.0018239021301269531,
    "reward": 0.0,
    "score": 0.0,
    "step_idx": 27,
    "success": null,
    "target_pos": [
        0.008046597766300538,
        0.11022499038929386
    ],
    "terminated": false,
    "truncated": false
}