{
    "action": [
        0.5938459825493931,
        -0.9618777079172167
    ],
    "ep_idx": 0,
    "finger_pos": [
        0.06322816316864521,
        -0.006556909624209101
    ],
    "id": 4967223527871613259,
    "observation": [
        -1.4060670137405396,
        2.6054680347442627,
        -0.05518156662583351,
        0.11678189784288406,
        2.034276247024536,
        -3.7534797191619873
    ],
    "qpos": [
        -1.406066967638113,
        2.605467947240164
    ],
    "qvel": [
        2.034276305836417,
        -3.7534796334170237
    ],
    "render_time": 0.001827239990234375,
    "reward": 0.0,
    "score": 0.0,
    "step_idx": 28,
    "success": null,
    "target_pos": [
        0.008046597766300538,
        0.11022499038929386
    ],
    "terminated": false,
    "truncated": false
}