{
    "action": [
        -0.2975914542484477,
        -0.8842942646775962
    ],
    "ep_idx": 0,
    "finger_pos": [
        0.08345344091148059,
        -0.008232327963863723
    ],
    "id": 4967223527871613259,
    "observation": [
        -1.3121821880340576,
        2.4277091026306152,
        -0.07540684193372726,
        0.11845731735229492,
        2.435636281967163,
        -4.588358402252197
    ],
    "qpos": [
        -1.31218218192047,
        2.427709083541505
    ],
    "qvel": [
        2.4356362521673978,
        -4.588358209913444
    ],
    "render_time": 0.0018208026885986328,
    "reward": 0.0,
    "score": 0.0,
    "step_idx": 29,
    "success": null,
    "target_pos": [
        0.008046597766300538,
        0.11022499038929386
    ],
    "terminated": false,
    "truncated": false
}