{
    "action": [
        -0.9407494510466499,
        -0.4115136764887226
    ],
    "ep_idx": 0,
    "finger_pos": [
        0.10290272391661098,
        -0.015282208463737151
    ],
    "id": 4967223527871613259,
    "observation": [
        -1.2698969841003418,
        2.244926691055298,
        -0.0948561280965805,
        0.1255072057247162,
        0.7153928875923157,
        -4.532845497131348
    ],
    "qpos": [
        -1.2698969685338912,
        2.2449267265785835
    ],
    "qvel": [
        0.7153928963664294,
        -4.532845478890029
    ],
    "render_time": 0.0018541812896728516,
    "reward": 0.0,
    "score": 0.0,
    "step_idx": 30,
    "success": null,
    "target_pos": [
        0.008046597766300538,
        0.11022499038929386
    ],
    "terminated": false,
    "truncated": false
}