{
    "action": [
        -0.0006834368842483229,
        0.3107511047174125
    ],
    "ep_idx": 0,
    "finger_pos": [
        0.11282145691675267,
        -0.02820110443240921
    ],
    "id": 4967223527871613259,
    "observation": [
        -1.3098876476287842,
        2.1298890113830566,
        -0.10477486252784729,
        0.13842609524726868,
        -1.4591675996780396,
        -2.5442023277282715
    ],
    "qpos": [
        -1.3098876267350115,
        2.1298889997981236
    ],
    "qvel": [
        -1.4591676508169074,
        -2.5442022088322545
    ],
    "render_time": 0.0018239021301269531,
    "reward": 0.0,
    "score": 0.0,
    "step_idx": 31,
    "success": null,
    "target_pos": [
        0.008046597766300538,
        0.11022499038929386
    ],
    "terminated": false,
    "truncated": false
}