{
    "action": [
        -0.8116068463266402,
        -0.352419251209942
    ],
    "ep_idx": 0,
    "finger_pos": [
        0.11149782112787911,
        -0.03287480832814994
    ],
    "id": 4967223527871613259,
    "observation": [
        -1.3519020080566406,
        2.1303586959838867,
        -0.10345122218132019,
        0.1430997997522354,
        -0.942970871925354,
        0.5180748105049133
    ],
    "qpos": [
        -1.3519020340634962,
        2.130358713680373
    ],
    "qvel": [
        -0.9429708805399114,
        0.5180748099388945
    ],
    "render_time": 0.0018391609191894531,
    "reward": 0.0,
    "score": 0.0,
    "step_idx": 32,
    "success": null,
    "target_pos": [
        0.008046597766300538,
        0.11022499038929386
    ],
    "terminated": false,
    "truncated": false
}