{
    "action": [
        -0.42554757354916783,
        -0.923131572470471
    ],
    "ep_idx": 0,
    "finger_pos": [
        0.11143358921554987,
        -0.04429964450656387
    ],
    "id": 4967223527871613259,
    "observation": [
        -1.4259870052337646,
        2.095201015472412,
        -0.10338699072599411,
        0.15452463924884796,
        -2.107891082763672,
        -1.1647467613220215
    ],
    "qpos": [
        -1.4259870107132842,
        2.095201042071886
    ],
    "qvel": [
        -2.1078911822312216,
        -1.1647467971399728
    ],
    "render_time": 0.0018630027770996094,
    "reward": 0.0,
    "score": 0.0,
    "step_idx": 33,
    "success": null,
    "target_pos": [
        0.008046597766300538,
        0.11022499038929386
    ],
    "terminated": false,
    "truncated": false
}