{
    "action": [
        0.5736430365904956,
        0.8070793011098087
    ],
    "ep_idx": 0,
    "finger_pos": [
        0.11604618748617661,
        -0.06702203107588674
    ],
    "id": 4967223527871613259,
    "observation": [
        -1.5021164417266846,
        1.9567415714263916,
        -0.10799959301948547,
        0.17724701762199402,
        -1.8327263593673706,
        -3.9104928970336914
    ],
    "qpos": [
        -1.5021164955351363,
        1.9567416142291183
    ],
    "qvel": [
        -1.832726409490958,
        -3.910492780305445
    ],
    "render_time": 0.0018298625946044922,
    "reward": 0.0,
    "score": 0.0,
    "step_idx": 34,
    "success": null,
    "target_pos": [
        0.008046597766300538,
        0.11022499038929386
    ],
    "terminated": false,
    "truncated": false
}