{
    "action": [
        -0.412533193546212,
        0.5654675090173613
    ],
    "ep_idx": 0,
    "finger_pos": [
        0.11211345018861912,
        -0.06634523757767222
    ],
    "id": 4967223527871613259,
    "observation": [
        -1.5313678979873657,
        1.9940454959869385,
        -0.10406684875488281,
        0.17657022178173065,
        -0.412952721118927,
        1.9032033681869507
    ],
    "qpos": [
        -1.5313679124476642,
        1.9940455550648286
    ],
    "qvel": [
        -0.41295271462573746,
        1.9032033193359048
    ],
    "render_time": 0.001840353012084961,
    "reward": 0.0,
    "score": 0.0,
    "step_idx": 35,
    "success": null,
    "target_pos": [
        0.008046597766300538,
        0.11022499038929386
    ],
    "terminated": false,
    "truncated": false
}