{
    "action": [
        -0.9842684874612875,
        -0.5989141924515127
    ],
    "ep_idx": 0,
    "finger_pos": [
        0.1039101102608536,
        -0.05953758291197285
    ],
    "id": 4967223527871613259,
    "observation": [
        -1.5686691999435425,
        2.0967206954956055,
        -0.09586351364850998,
        0.16976256668567657,
        -1.071979284286499,
        2.6827306747436523
    ],
    "qpos": [
        -1.5686691973531428,
        2.0967207093579856
    ],
    "qvel": [
        -1.0719792322092072,
        2.682730709248436
    ],
    "render_time": 0.0018436908721923828,
    "reward": 0.0,
    "score": 0.0,
    "step_idx": 36,
    "success": null,
    "target_pos": [
        0.008046597766300538,
        0.11022499038929386
    ],
    "terminated": false,
    "truncated": false
}