{
    "action": [
        -0.9525667795167694,
        0.6897084814103855
    ],
    "ep_idx": 0,
    "finger_pos": [
        0.10037194733152734,
        -0.07170517302587379
    ],
    "id": 4967223527871613259,
    "observation": [
        -1.6513065099716187,
        2.0619699954986572,
        -0.0923253521323204,
        0.18193016946315765,
        -2.3743600845336914,
        -1.5750988721847534
    ],
    "qpos": [
        -1.6513065487560226,
        2.0619699875809543
    ],
    "qvel": [
        -2.374360009596854,
        -1.5750988634515455
    ],
    "render_time": 0.0018420219421386719,
    "reward": 0.0,
    "score": 0.0,
    "step_idx": 37,
    "success": null,
    "target_pos": [
        0.008046597766300538,
        0.11022499038929386
    ],
    "terminated": false,
    "truncated": false
}