{
    "action": [
        -0.710818138666258,
        -0.5581066627905411
    ],
    "ep_idx": 0,
    "finger_pos": [
        0.08779548658689514,
        -0.07665843521182808
    ],
    "id": 4967223527871613259,
    "observation": [
        -1.781484842300415,
        2.1274096965789795,
        -0.07974889129400253,
        0.18688341975212097,
        -3.496961832046509,
        2.234593391418457
    ],
    "qpos": [
        -1.7814848235649825,
        2.1274096516792333
    ],
    "qvel": [
        -3.4969617451092723,
        2.2345934792412554
    ],
    "render_time": 0.0018427371978759766,
    "reward": 0.0,
    "score": 0.0,
    "step_idx": 38,
    "success": null,
    "target_pos": [
        0.008046597766300538,
        0.11022499038929386
    ],
    "terminated": false,
    "truncated": false
}