{
    "action": [
        -0.6993054690954374,
        0.08343683226236243
    ],
    "ep_idx": 0,
    "finger_pos": [
        0.07763237272243383,
        -0.09335934391649031
    ],
    "id": 4967223527871613259,
    "observation": [
        -1.9174684286117554,
        2.0807065963745117,
        -0.06958577781915665,
        0.20358432829380035,
        -3.3693418502807617,
        -1.830016851425171
    ],
    "qpos": [
        -1.9174684324956484,
        2.0807065300642904
    ],
    "qvel": [
        -3.3693417348182924,
        -1.8300168666388072
    ],
    "render_time": 0.0018374919891357422,
    "reward": 0.0,
    "score": 0.0,
    "step_idx": 39,
    "success": null,
    "target_pos": [
        0.008046597766300538,
        0.11022499038929386
    ],
    "terminated": false,
    "truncated": false
}