{
    "action": [
        -0.262573907291743,
        -0.3322318688796002
    ],
    "ep_idx": 0,
    "finger_pos": [
        0.06434663321886086,
        -0.10570574211542517
    ],
    "id": 4967223527871613259,
    "observation": [
        -2.053036689758301,
        2.0581135749816895,
        -0.05630003660917282,
        0.2159307301044464,
        -3.4020419120788574,
        -0.31729206442832947
    ],
    "qpos": [
        -2.0530366479939435,
        2.0581136495477343
    ],
    "qvel": [
        -3.402041999249535,
        -0.31729207383885244
    ],
    "render_time": 0.0018334388732910156,
    "reward": 0.0,
    "score": 0.0,
    "step_idx": 40,
    "success": null,
    "target_pos": [
        0.008046597766300538,
        0.11022499038929386
    ],
    "terminated": false,
    "truncated": false
}