{
    "action": [
        0.08403598208328433,
        -0.33400457115020576
    ],
    "ep_idx": 0,
    "finger_pos": [
        0.05181512876364562,
        -0.11877673945002759
    ],
    "id": 4967223527871613259,
    "observation": [
        -2.1598691940307617,
        2.000849723815918,
        -0.04376853257417679,
        0.2290017306804657,
        -2.4662981033325195,
        -1.628380537033081
    ],
    "qpos": [
        -2.159869096857878,
        2.00084978743377
    ],
    "qvel": [
        -2.4662982148609007,
        -1.6283805010320445
    ],
    "render_time": 0.0018641948699951172,
    "reward": 0.0,
    "score": 0.0,
    "step_idx": 41,
    "success": null,
    "target_pos": [
        0.008046597766300538,
        0.11022499038929386
    ],
    "terminated": false,
    "truncated": false
}