{
    "action": [
        -0.6700190103577643,
        0.9887444047186118
    ],
    "ep_idx": 0,
    "finger_pos": [
        0.04216614511249536,
        -0.13046874667077601
    ],
    "id": 4967223527871613259,
    "observation": [
        -2.220903158187866,
        1.9254008531570435,
        -0.03411954641342163,
        0.24069373309612274,
        -1.269026279449463,
        -1.9137376546859741
    ],
    "qpos": [
        -2.2209031495862535,
        1.9254008557097166
    ],
    "qvel": [
        -1.2690263304788518,
        -1.9137376332274392
    ],
    "render_time": 0.0018444061279296875,
    "reward": 0.0,
    "score": 0.0,
    "step_idx": 42,
    "success": null,
    "target_pos": [
        0.008046597766300538,
        0.11022499038929386
    ],
    "terminated": false,
    "truncated": false
}