{
    "action": [
        0.41967362033318345,
        0.7645584433550385
    ],
    "ep_idx": 0,
    "finger_pos": [
        0.03450980051143386,
        -0.12186422554083261
    ],
    "id": 4967223527871613259,
    "observation": [
        -2.309704065322876,
        2.0297300815582275,
        -0.026463203132152557,
        0.23208922147750854,
        -2.4435787200927734,
        3.4477481842041016
    ],
    "qpos": [
        -2.309704131974331,
        2.029730152869119
    ],
    "qvel": [
        -2.443578649864105,
        3.447748265798411
    ],
    "render_time": 0.001837015151977539,
    "reward": 0.0,
    "score": 0.0,
    "step_idx": 43,
    "success": null,
    "target_pos": [
        0.008046597766300538,
        0.11022499038929386
    ],
    "terminated": false,
    "truncated": false
}