{
    "action": [
        -0.6135713372517704,
        -0.2488752920138564
    ],
    "ep_idx": 0,
    "finger_pos": [
        0.033315360913292416,
        -0.10727437770403353
    ],
    "id": 4967223527871613259,
    "observation": [
        -2.353407621383667,
        2.167459487915039,
        -0.025268763303756714,
        0.21749937534332275,
        -0.692390501499176,
        3.485863447189331
    ],
    "qpos": [
        -2.353407566042145,
        2.1674593750864775
    ],
    "qvel": [
        -0.6923904813458249,
        3.4858633753035297
    ],
    "render_time": 0.0018336772918701172,
    "reward": 0.0,
    "score": 0.0,
    "step_idx": 44,
    "success": null,
    "target_pos": [
        0.008046597766300538,
        0.11022499038929386
    ],
    "terminated": false,
    "truncated": false
}