{
    "action": [
        0.7841545227395663,
        -0.16646049896053094
    ],
    "ep_idx": 0,
    "finger_pos": [
        0.02815920358355574,
        -0.10657219478730998
    ],
    "id": 4967223527871613259,
    "observation": [
        -2.406073808670044,
        2.1872007846832275,
        -0.02011260576546192,
        0.21679718792438507,
        -1.5279854536056519,
        -0.09607556462287903
    ],
    "qpos": [
        -2.4060738306819562,
        2.1872007991565408
    ],
    "qvel": [
        -1.5279854674846884,
        -0.09607556432621833
    ],
    "render_time": 0.0018427371978759766,
    "reward": 0.0,
    "score": 0.0,
    "step_idx": 45,
    "success": null,
    "target_pos": [
        0.008046597766300538,
        0.11022499038929386
    ],
    "terminated": false,
    "truncated": false
}