{
    "action": [
        -0.7125903274780503,
        -0.4529117920222949
    ],
    "ep_idx": 0,
    "finger_pos": [
        0.02846349225315692,
        -0.10958001541332289
    ],
    "id": 4967223527871613259,
    "observation": [
        -2.396200656890869,
        2.1590778827667236,
        -0.020416894927620888,
        0.21980500221252441,
        0.7336887121200562,
        -0.8039571642875671
    ],
    "qpos": [
        -2.3962006875148227,
        2.159077893229041
    ],
    "qvel": [
        0.7336887333081484,
        -0.8039571351686157
    ],
    "render_time": 0.0018367767333984375,
    "reward": 0.0,
    "score": 0.0,
    "step_idx": 46,
    "success": null,
    "target_pos": [
        0.008046597766300538,
        0.11022499038929386
    ],
    "terminated": false,
    "truncated": false
}