{
    "action": [
        -0.3313729650082724,
        0.0009425393629636236
    ],
    "ep_idx": 0,
    "finger_pos": [
        0.023608522860944017,
        -0.11773209063650143
    ],
    "id": 4967223527871613259,
    "observation": [
        -2.4197261333465576,
        2.093665361404419,
        -0.015561925247311592,
        0.227957084774971,
        -0.9495008587837219,
        -1.7993508577346802
    ],
    "qpos": [
        -2.4197262223331872,
        2.0936652481141613
    ],
    "qvel": [
        -0.9495008291132337,
        -1.7993508877913222
    ],
    "render_time": 0.0018270015716552734,
    "reward": 0.0,
    "score": 0.0,
    "step_idx": 47,
    "success": null,
    "target_pos": [
        0.008046597766300538,
        0.11022499038929386
    ],
    "terminated": false,
    "truncated": false
}