{
    "action": [
        0.3086620724529179,
        -0.5038898205009168
    ],
    "ep_idx": 0,
    "finger_pos": [
        0.01682915834597093,
        -0.1215451869720925
    ],
    "id": 4967223527871613259,
    "observation": [
        -2.467345714569092,
        2.0682694911956787,
        -0.00878256093710661,
        0.23177017271518707,
        -1.2555899620056152,
        -0.41121912002563477
    ],
    "qpos": [
        -2.4673457436257014,
        2.0682694773914845
    ],
    "qvel": [
        -1.2555899349059267,
        -0.4112191063743414
    ],
    "render_time": 0.0018413066864013672,
    "reward": 0.0,
    "score": 0.0,
    "step_idx": 48,
    "success": null,
    "target_pos": [
        0.008046597766300538,
        0.11022499038929386
    ],
    "terminated": false,
    "truncated": false
}