{
    "action": [
        0.7076800272902048,
        0.6848474877158834
    ],
    "ep_idx": 0,
    "finger_pos": [
        0.011403562350330979,
        -0.1299382537731633
    ],
    "id": 4967223527871613259,
    "observation": [
        -2.479465961456299,
        1.9924134016036987,
        -0.003356964560225606,
        0.24016323685646057,
        -0.04551397264003754,
        -2.1735970973968506
    ],
    "qpos": [
        -2.479465895823726,
        1.9924133689824266
    ],
    "qvel": [
        -0.04551397377768063,
        -2.1735970046882542
    ],
    "render_time": 0.0018391609191894531,
    "reward": 0.0,
    "score": 0.0,
    "step_idx": 49,
    "success": null,
    "target_pos": [
        0.008046597766300538,
        0.11022499038929386
    ],
    "terminated": false,
    "truncated": false
}