{
    "action": [
        -0.6168979778418329,
        -0.6181957500598183
    ],
    "ep_idx": 0,
    "finger_pos": [
        0.01800268350351239,
        -0.12397140410728219
    ],
    "id": 4967223527871613259,
    "observation": [
        -2.448230504989624,
        2.043285369873047,
        -0.009956086054444313,
        0.23419639468193054,
        1.0511181354522705,
        1.9462969303131104
    ],
    "qpos": [
        -2.448230598364261,
        2.043285300720994
    ],
    "qvel": [
        1.0511181739690638,
        1.9462968974050365
    ],
    "render_time": 0.0018455982208251953,
    "reward": 0.0,
    "score": 0.0,
    "step_idx": 50,
    "success": null,
    "target_pos": [
        0.008046597766300538,
        0.11022499038929386
    ],
    "terminated": false,
    "truncated": false
}