{
    "action": [
        -0.5861415134927341,
        -0.8047272862644563
    ],
    "ep_idx": 0,
    "finger_pos": [
        0.01594471428496884,
        -0.12895104619004624
    ],
    "id": 4967223527871613259,
    "observation": [
        -2.4464807510375977,
        1.9974188804626465,
        -0.007898116484284401,
        0.23917603492736816,
        -0.28463849425315857,
        -1.7455217838287354
    ],
    "qpos": [
        -2.4464808251487877,
        1.9974188225882328
    ],
    "qvel": [
        -0.2846385026275009,
        -1.7455218393592977
    ],
    "render_time": 0.001834869384765625,
    "reward": 0.0,
    "score": 0.0,
    "step_idx": 51,
    "success": null,
    "target_pos": [
        0.008046597766300538,
        0.11022499038929386
    ],
    "terminated": false,
    "truncated": false
}