{
    "action": [
        -0.13193902200717256,
        0.8117928908995036
    ],
    "ep_idx": 0,
    "finger_pos": [
        0.003533827954487548,
        -0.14215425339138396
    ],
    "id": 4967223527871613259,
    "observation": [
        -2.4825894832611084,
        1.8732941150665283,
        0.004512769635766745,
        0.25237923860549927,
        -1.0706098079681396,
        -3.3746535778045654
    ],
    "qpos": [
        -2.482589424140711,
        1.873294173180855
    ],
    "qvel": [
        -1.070609777860677,
        -3.374653579069062
    ],
    "render_time": 0.0026552677154541016,
    "reward": 0.0,
    "score": 0.0,
    "step_idx": 52,
    "success": null,
    "target_pos": [
        0.008046597766300538,
        0.11022499038929386
    ],
    "terminated": false,
    "truncated": false
}