{
    "action": [
        -0.018977875428058733,
        0.3305352477753005
    ],
    "ep_idx": 0,
    "finger_pos": [
        -4.83009915342586e-05,
        -0.13667998959248465
    ],
    "id": 4967223527871613259,
    "observation": [
        -2.536048650741577,
        1.9297977685928345,
        0.00809489842504263,
        0.24690498411655426,
        -1.3700828552246094,
        2.3261566162109375
    ],
    "qpos": [
        -2.536048602482297,
        1.9297977765254968
    ],
    "qvel": [
        -1.3700827975511372,
        2.326156646297632
    ],
    "render_time": 0.0018362998962402344,
    "reward": 0.0,
    "score": 0.0,
    "step_idx": 53,
    "success": null,
    "target_pos": [
        0.008046597766300538,
        0.11022499038929386
    ],
    "terminated": false,
    "truncated": false
}