{
    "action": [
        0.025470680496948672,
        0.11242532692591678
    ],
    "ep_idx": 0,
    "finger_pos": [
        -0.0004034704105063541,
        -0.12951331279557965
    ],
    "id": 4967223527871613259,
    "observation": [
        -2.5746967792510986,
        2.001570463180542,
        0.008450068533420563,
        0.23973830044269562,
        -0.8581845760345459,
        1.7041550874710083
    ],
    "qpos": [
        -2.5746967915066885,
        2.0015703868394876
    ],
    "qvel": [
        -0.8581845884662512,
        1.70415505845152
    ],
    "render_time": 0.001837015151977539,
    "reward": 0.0,
    "score": 0.0,
    "step_idx": 54,
    "success": null,
    "target_pos": [
        0.008046597766300538,
        0.11022499038929386
    ],
    "terminated": false,
    "truncated": false
}