{
    "action": [
        0.9939672320108155,
        -0.1727682729490918
    ],
    "ep_idx": 0,
    "finger_pos": [
        -0.0006707061030626349,
        -0.12580435656717667
    ],
    "id": 4967223527871613259,
    "observation": [
        -2.5951576232910156,
        2.038059949874878,
        0.008717304095625877,
        0.23602934181690216,
        -0.42359140515327454,
        0.7668586373329163
    ],
    "qpos": [
        -2.595157596631427,
        2.0380599558495462
    ],
    "qvel": [
        -0.4235913955207773,
        0.7668586513865416
    ],
    "render_time": 0.0018663406372070312,
    "reward": 0.0,
    "score": 0.0,
    "step_idx": 55,
    "success": null,
    "target_pos": [
        0.008046597766300538,
        0.11022499038929386
    ],
    "terminated": false,
    "truncated": false
}