{
    "action": [
        0.5060335084902288,
        0.13130482667237886
    ],
    "ep_idx": 0,
    "finger_pos": [
        0.00451227417203523,
        -0.12782481041318425
    ],
    "id": 4967223527871613259,
    "observation": [
        -2.544241189956665,
        2.0174615383148193,
        0.003534323535859585,
        0.23804980516433716,
        1.7349387407302856,
        -0.7480889558792114
    ],
    "qpos": [
        -2.5442412912021233,
        2.017461538126186
    ],
    "qvel": [
        1.734938777874226,
        -0.7480889284472729
    ],
    "render_time": 0.0018351078033447266,
    "reward": 0.0,
    "score": 0.0,
    "step_idx": 56,
    "success": null,
    "target_pos": [
        0.008046597766300538,
        0.11022499038929386
    ],
    "terminated": false,
    "truncated": false
}