{
    "action": [
        -0.990198397178053,
        0.11062564826286625
    ],
    "ep_idx": 0,
    "finger_pos": [
        0.014380808923847715,
        -0.12678897623884994
    ],
    "id": 4967223527871613259,
    "observation": [
        -2.4680755138397217,
        2.020439386367798,
        -0.006334211211651564,
        0.23701396584510803,
        1.9645060300827026,
        0.23217055201530457
    ],
    "qpos": [
        -2.4680754654320483,
        2.020439299483116
    ],
    "qvel": [
        1.964506046092098,
        0.2321705559129365
    ],
    "render_time": 0.0018496513366699219,
    "reward": 0.0,
    "score": 0.0,
    "step_idx": 57,
    "success": null,
    "target_pos": [
        0.008046597766300538,
        0.11022499038929386
    ],
    "terminated": false,
    "truncated": false
}