{
    "action": [
        0.6917149112980312,
        0.950873296037904
    ],
    "ep_idx": 0,
    "finger_pos": [
        0.015202453957223291,
        -0.12381753261037792
    ],
    "id": 4967223527871613259,
    "observation": [
        -2.4728288650512695,
        2.0484046936035156,
        -0.007155856117606163,
        0.23404252529144287,
        -0.7036858201026917,
        0.7815803289413452
    ],
    "qpos": [
        -2.4728289697587216,
        2.0484045797702137
    ],
    "qvel": [
        -0.7036858111895075,
        0.7815803354374502
    ],
    "render_time": 0.0018434524536132812,
    "reward": 0.0,
    "score": 0.0,
    "step_idx": 58,
    "success": null,
    "target_pos": [
        0.008046597766300538,
        0.11022499038929386
    ],
    "terminated": false,
    "truncated": false
}