{
    "action": [
        -0.10106850697246439,
        0.47377666687627107
    ],
    "ep_idx": 0,
    "finger_pos": [
        0.02249132115403242,
        -0.10918117089821366
    ],
    "id": 4967223527871613259,
    "observation": [
        -2.4553942680358887,
        2.1755120754241943,
        -0.014444723725318909,
        0.2194061577320099,
        0.8070357441902161,
        3.659769058227539
    ],
    "qpos": [
        -2.4553942581964265,
        2.175512017308955
    ],
    "qvel": [
        0.8070357515998534,
        3.6597691282874525
    ],
    "render_time": 0.0018534660339355469,
    "reward": 0.0,
    "score": 0.0,
    "step_idx": 59,
    "success": null,
    "target_pos": [
        0.008046597766300538,
        0.11022499038929386
    ],
    "terminated": false,
    "truncated": false
}