{
    "action": [
        0.42275791070166324,
        0.8365635081105258
    ],
    "ep_idx": 0,
    "finger_pos": [
        0.027535790268443883,
        -0.09531876566516556
    ],
    "id": 4967223527871613259,
    "observation": [
        -2.434180974960327,
        2.289219379425049,
        -0.019489193335175514,
        0.20554375648498535,
        0.4316328465938568,
        2.682328939437866
    ],
    "qpos": [
        -2.434181052397136,
        2.2892194847627243
    ],
    "qvel": [
        0.4316328576938726,
        2.6823288854708243
    ],
    "render_time": 0.0018367767333984375,
    "reward": 0.0,
    "score": 0.0,
    "step_idx": 60,
    "success": null,
    "target_pos": [
        0.008046597766300538,
        0.11022499038929386
    ],
    "terminated": false,
    "truncated": false
}