{
    "action": [
        -0.2367895458636209,
        -0.3447625773558822
    ],
    "ep_idx": 0,
    "finger_pos": [
        0.032152302889038906,
        -0.07662182418099815
    ],
    "id": 4967223527871613259,
    "observation": [
        -2.3907389640808105,
        2.4345009326934814,
        -0.024105705320835114,
        0.1868468075990677,
        1.287441372871399,
        3.8213582038879395
    ],
    "qpos": [
        -2.3907390386173066,
        2.4345008960084624
    ],
    "qvel": [
        1.2874413227042556,
        3.821358227259471
    ],
    "render_time": 0.0018482208251953125,
    "reward": 0.0,
    "score": 0.0,
    "step_idx": 61,
    "success": null,
    "target_pos": [
        0.008046597766300538,
        0.11022499038929386
    ],
    "terminated": false,
    "truncated": false
}