{
    "action": [
        -0.6145639847058124,
        0.8380193992614666
    ],
    "ep_idx": 0,
    "finger_pos": [
        0.033343438153966815,
        -0.0750089225307617
    ],
    "id": 4967223527871613259,
    "observation": [
        -2.3742287158966064,
        2.4434499740600586,
        -0.02529684081673622,
        0.18523390591144562,
        0.14931811392307281,
        -0.4745270907878876
    ],
    "qpos": [
        -2.374228638651801,
        2.4434499715615
    ],
    "qvel": [
        0.14931811545070817,
        -0.4745270771969301
    ],
    "render_time": 0.00185394287109375,
    "reward": 0.0,
    "score": 0.0,
    "step_idx": 62,
    "success": null,
    "target_pos": [
        0.008046597766300538,
        0.11022499038929386
    ],
    "terminated": false,
    "truncated": false
}