{
    "action": [
        0.8701932006236222,
        0.41843609275549154
    ],
    "ep_idx": 0,
    "finger_pos": [
        0.029550163617846806,
        -0.0644786588746016
    ],
    "id": 4967223527871613259,
    "observation": [
        -2.411851644515991,
        2.541569471359253,
        -0.021503565832972527,
        0.17470364272594452,
        -1.244584083557129,
        3.0232558250427246
    ],
    "qpos": [
        -2.411851581792726,
        2.5415695734012584
    ],
    "qvel": [
        -1.2445840449441241,
        3.0232557549313945
    ],
    "render_time": 0.0018527507781982422,
    "reward": 0.0,
    "score": 0.0,
    "step_idx": 63,
    "success": null,
    "target_pos": [
        0.008046597766300538,
        0.11022499038929386
    ],
    "terminated": false,
    "truncated": false
}