{
    "action": [
        0.00631058539470386,
        -0.8622664511826024
    ],
    "ep_idx": 0,
    "finger_pos": [
        0.02911449332825229,
        -0.05123580370485902
    ],
    "id": 4967223527871613259,
    "observation": [
        -2.3767707347869873,
        2.645434617996216,
        -0.021067894995212555,
        0.1614607870578766,
        1.4629523754119873,
        2.5135765075683594
    ],
    "qpos": [
        -2.3767706695998796,
        2.6454346052905415
    ],
    "qvel": [
        1.462952403782678,
        2.5135764710976214
    ],
    "render_time": 0.001865386962890625,
    "reward": 0.0,
    "score": 0.0,
    "step_idx": 64,
    "success": null,
    "target_pos": [
        0.008046597766300538,
        0.11022499038929386
    ],
    "terminated": false,
    "truncated": false
}