{
    "action": [
        0.5476093553744699,
        -0.9974410662987625
    ],
    "ep_idx": 0,
    "finger_pos": [
        0.032813401080884555,
        -0.0595052167522261
    ],
    "id": 4967223527871613259,
    "observation": [
        -2.35058331489563,
        2.5674660205841064,
        -0.02476680278778076,
        0.16973020136356354,
        0.47939422726631165,
        -2.800664186477661
    ],
    "qpos": [
        -2.3505832935464612,
        2.5674661317334952
    ],
    "qvel": [
        0.4793942255924386,
        -2.800664123138734
    ],
    "render_time": 0.0018718242645263672,
    "reward": 0.0,
    "score": 0.0,
    "step_idx": 65,
    "success": null,
    "target_pos": [
        0.008046597766300538,
        0.11022499038929386
    ],
    "terminated": false,
    "truncated": false
}