{
    "action": [
        -0.9722825412250253,
        -0.35851693390261463
    ],
    "ep_idx": 0,
    "finger_pos": [
        0.03953437293280883,
        -0.07723166357910116
    ],
    "id": 4967223527871613259,
    "observation": [
        -2.2985892295837402,
        2.4018197059631348,
        -0.03148777410387993,
        0.1874566525220871,
        1.5292130708694458,
        -4.4176530838012695
    ],
    "qpos": [
        -2.2985892532857584,
        2.401819722071305
    ],
    "qvel": [
        1.529213050649208,
        -4.417653025249097
    ],
    "render_time": 0.0018429756164550781,
    "reward": 0.0,
    "score": 0.0,
    "step_idx": 66,
    "success": null,
    "target_pos": [
        0.008046597766300538,
        0.11022499038929386
    ],
    "terminated": false,
    "truncated": false
}