{
    "action": [
        0.36098283640906836,
        0.6001207460902531
    ],
    "ep_idx": 0,
    "finger_pos": [
        0.037790212677292614,
        -0.0916664659543377
    ],
    "id": 4967223527871613259,
    "observation": [
        -2.324678421020508,
        2.2898213863372803,
        -0.02974361553788185,
        0.2018914520740509,
        -1.2274987697601318,
        -2.454339027404785
    ],
    "qpos": [
        -2.3246784372512725,
        2.289821327732319
    ],
    "qvel": [
        -1.2274987165503757,
        -2.454339063602668
    ],
    "render_time": 0.0018527507781982422,
    "reward": 0.0,
    "score": 0.0,
    "step_idx": 67,
    "success": null,
    "target_pos": [
        0.008046597766300538,
        0.11022499038929386
    ],
    "terminated": false,
    "truncated": false
}