{
    "action": [
        0.0060704241938494,
        0.9473510188284828
    ],
    "ep_idx": 0,
    "finger_pos": [
        0.037238483434645184,
        -0.08711752670963474
    ],
    "id": 4967223527871613259,
    "observation": [
        -2.3318400382995605,
        2.32997727394104,
        -0.029191885143518448,
        0.19734251499176025,
        0.09230663627386093,
        1.687633752822876
    ],
    "qpos": [
        -2.331840011084609,
        2.32997722036915
    ],
    "qvel": [
        0.09230663740542555,
        1.6876336993094454
    ],
    "render_time": 0.0018486976623535156,
    "reward": 0.0,
    "score": 0.0,
    "step_idx": 68,
    "success": null,
    "target_pos": [
        0.008046597766300538,
        0.11022499038929386
    ],
    "terminated": false,
    "truncated": false
}