{
    "action": [
        -0.3783969354737262,
        -0.7292161789717224
    ],
    "ep_idx": 0,
    "finger_pos": [
        0.0363293801958863,
        -0.06954392821453662
    ],
    "id": 4967223527871613259,
    "observation": [
        -2.3271450996398926,
        2.4755024909973145,
        -0.028282782062888145,
        0.17976891994476318,
        0.142439067363739,
        4.019733905792236
    ],
    "qpos": [
        -2.327145175682618,
        2.4755025946388307
    ],
    "qvel": [
        0.14243906851881377,
        4.019733904711786
    ],
    "render_time": 0.0019011497497558594,
    "reward": 0.0,
    "score": 0.0,
    "step_idx": 69,
    "success": null,
    "target_pos": [
        0.008046597766300538,
        0.11022499038929386
    ],
    "terminated": false,
    "truncated": false
}