{
    "action": [
        0.9710583229465994,
        0.40011677034946724
    ],
    "ep_idx": 0,
    "finger_pos": [
        0.03483975486190648,
        -0.07496660152649541
    ],
    "id": 4967223527871613259,
    "observation": [
        -2.3549036979675293,
        2.4382975101470947,
        -0.026793157681822777,
        0.1851915866136551,
        -0.9199061393737793,
        -1.893246054649353
    ],
    "qpos": [
        -2.3549036844477977,
        2.4382975617915097
    ],
    "qvel": [
        -0.9199061304928458,
        -1.8932461081526661
    ],
    "render_time": 0.0018503665924072266,
    "reward": 0.0,
    "score": 0.0,
    "step_idx": 70,
    "success": null,
    "target_pos": [
        0.008046597766300538,
        0.11022499038929386
    ],
    "terminated": false,
    "truncated": false
}