{
    "action": [
        -0.827255430228087,
        0.40795261291687623
    ],
    "ep_idx": 0,
    "finger_pos": [
        0.038083943424595146,
        -0.06988395340002168
    ],
    "id": 4967223527871613259,
    "observation": [
        -2.3046133518218994,
        2.465564489364624,
        -0.030037345364689827,
        0.1801089495420456,
        1.8218011856079102,
        1.1765614748001099
    ],
    "qpos": [
        -2.304613303192461,
        2.465564595600022
    ],
    "qvel": [
        1.8218011391417508,
        1.1765614871003236
    ],
    "render_time": 0.001847982406616211,
    "reward": 0.0,
    "score": 0.0,
    "step_idx": 71,
    "success": null,
    "target_pos": [
        0.008046597766300538,
        0.11022499038929386
    ],
    "terminated": false,
    "truncated": false
}