{
    "action": [
        -0.9148749595200669,
        -0.1195008006284588
    ],
    "ep_idx": 0,
    "finger_pos": [
        0.03582507551614937,
        -0.06287216053430558
    ],
    "id": 4967223527871613259,
    "observation": [
        -2.317392110824585,
        2.529039144515991,
        -0.02777847833931446,
        0.1730971485376358,
        -0.9050606489181519,
        1.6824111938476562
    ],
    "qpos": [
        -2.3173920734573508,
        2.529039064509387
    ],
    "qvel": [
        -0.9050606776404078,
        1.6824111766947738
    ],
    "render_time": 0.001840353012084961,
    "reward": 0.0,
    "score": 0.0,
    "step_idx": 72,
    "success": null,
    "target_pos": [
        0.008046597766300538,
        0.11022499038929386
    ],
    "terminated": false,
    "truncated": false
}