{
    "action": [
        -0.6051799029463818,
        0.6663587327962648
    ],
    "ep_idx": 0,
    "finger_pos": [
        0.029700445900669087,
        -0.06550620254755436
    ],
    "id": 4967223527871613259,
    "observation": [
        -2.4115514755249023,
        2.5328640937805176,
        -0.02165384776890278,
        0.17573119699954987,
        -2.730997323989868,
        -0.21353521943092346
    ],
    "qpos": [
        -2.4115514497268595,
        2.5328641029872574
    ],
    "qvel": [
        -2.7309972709422166,
        -0.21353521208077675
    ],
    "render_time": 0.0018603801727294922,
    "reward": 0.0,
    "score": 0.0,
    "step_idx": 73,
    "success": null,
    "target_pos": [
        0.008046597766300538,
        0.11022499038929386
    ],
    "terminated": false,
    "truncated": false
}