{
    "action": [
        -0.9456483743798687,
        -0.23068485061836674
    ],
    "ep_idx": 0,
    "finger_pos": [
        0.021846158414064648,
        -0.05889144792050174
    ],
    "id": 4967223527871613259,
    "observation": [
        -2.5215675830841064,
        2.6119842529296875,
        -0.013799560256302357,
        0.16911643743515015,
        -2.781487464904785,
        2.4042551517486572
    ],
    "qpos": [
        -2.5215675625218723,
        2.6119842229032555
    ],
    "qvel": [
        -2.781487523321016,
        2.404255169357478
    ],
    "render_time": 0.0018377304077148438,
    "reward": 0.0,
    "score": 0.0,
    "step_idx": 74,
    "success": null,
    "target_pos": [
        0.008046597766300538,
        0.11022499038929386
    ],
    "terminated": false,
    "truncated": false
}