{
    "action": [
        -0.48276597596981086,
        -0.593948381001443
    ],
    "ep_idx": 0,
    "finger_pos": [
        0.012876489387109238,
        -0.061701747676724844
    ],
    "id": 4967223527871613259,
    "observation": [
        -2.670109987258911,
        2.610100507736206,
        -0.004829891491681337,
        0.17192673683166504,
        -3.9278106689453125,
        -0.5244935154914856
    ],
    "qpos": [
        -2.6701101042925686,
        2.6101004438690865
    ],
    "qvel": [
        -3.9278107662550257,
        -0.524493510060161
    ],
    "render_time": 0.0018603801727294922,
    "reward": 0.0,
    "score": 0.0,
    "step_idx": 75,
    "success": null,
    "target_pos": [
        0.008046597766300538,
        0.11022499038929386
    ],
    "terminated": false,
    "truncated": false
}