{
    "action": [
        -0.573175785971413,
        -0.4734988695467648
    ],
    "ep_idx": 0,
    "finger_pos": [
        0.0019506258027393308,
        -0.07297717424693718
    ],
    "id": 4967223527871613259,
    "observation": [
        -2.8057920932769775,
        2.523437261581421,
        0.006095971912145615,
        0.18320216238498688,
        -3.2146410942077637,
        -2.4839694499969482
    ],
    "qpos": [
        -2.8057920648042343,
        2.5234372685756314
    ],
    "qvel": [
        -3.2146411260582615,
        -2.4839695445726395
    ],
    "render_time": 0.0018579959869384766,
    "reward": 0.0,
    "score": 0.0,
    "step_idx": 76,
    "success": null,
    "target_pos": [
        0.008046597766300538,
        0.11022499038929386
    ],
    "terminated": false,
    "truncated": false
}