{
    "action": [
        0.6165442919786897,
        -0.18515603821224036
    ],
    "ep_idx": 0,
    "finger_pos": [
        -0.011875384275681494,
        -0.08347434968241468
    ],
    "id": 4967223527871613259,
    "observation": [
        -2.923936367034912,
        2.4236488342285156,
        0.019921982660889626,
        0.19369934499263763,
        -2.884258508682251,
        -2.498014450073242
    ],
    "qpos": [
        -2.923936386646172,
        2.4236489160193537
    ],
    "qvel": [
        -2.8842584209163964,
        -2.49801453266574
    ],
    "render_time": 0.0018610954284667969,
    "reward": 0.0,
    "score": 0.0,
    "step_idx": 77,
    "success": null,
    "target_pos": [
        0.008046597766300538,
        0.11022499038929386
    ],
    "terminated": false,
    "truncated": false
}