{
    "action": [
        0.8663768332688058,
        0.4102707369720535
    ],
    "ep_idx": 0,
    "finger_pos": [
        -0.01773360926203714,
        -0.08919735639471095
    ],
    "id": 4967223527871613259,
    "observation": [
        -2.949207305908203,
        2.364313840866089,
        0.0257802065461874,
        0.19942234456539154,
        -0.059269558638334274,
        -1.2769191265106201
    ],
    "qpos": [
        -2.9492073788184836,
        2.3643138680189173
    ],
    "qvel": [
        -0.05926955724060323,
        -1.276919125657595
    ],
    "render_time": 0.00185394287109375,
    "reward": 0.0,
    "score": 0.0,
    "step_idx": 78,
    "success": null,
    "target_pos": [
        0.008046597766300538,
        0.11022499038929386
    ],
    "terminated": false,
    "truncated": false
}