{
    "action": [
        -0.8499321382675691,
        0.6137202979533616
    ],
    "ep_idx": 0,
    "finger_pos": [
        -0.01030706686390874,
        -0.08645671030534444
    ],
    "id": 4967223527871613259,
    "observation": [
        -2.8889920711517334,
        2.399078369140625,
        0.018353665247559547,
        0.19668170809745789,
        1.9283581972122192,
        1.2831546068191528
    ],
    "qpos": [
        -2.8889920042915063,
        2.3990783908719346
    ],
    "qvel": [
        1.9283581649143389,
        1.2831545920758285
    ],
    "render_time": 0.0018596649169921875,
    "reward": 0.0,
    "score": 0.0,
    "step_idx": 79,
    "success": null,
    "target_pos": [
        0.008046597766300538,
        0.11022499038929386
    ],
    "terminated": false,
    "truncated": false
}