{
    "action": [
        -0.39564720500018447,
        0.12073759432208209
    ],
    "ep_idx": 0,
    "finger_pos": [
        -0.006179497693811431,
        -0.0763191477095596
    ],
    "id": 4967223527871613259,
    "observation": [
        -2.897672176361084,
        2.492166042327881,
        0.014226095750927925,
        0.18654413521289825,
        -0.8079336285591125,
        2.540567636489868
    ],
    "qpos": [
        -2.8976722059296636,
        2.492165931443614
    ],
    "qvel": [
        -0.807933654863306,
        2.54056771535865
    ],
    "render_time": 0.0018527507781982422,
    "reward": 0.0,
    "score": 0.0,
    "step_idx": 80,
    "success": null,
    "target_pos": [
        0.008046597766300538,
        0.11022499038929386
    ],
    "terminated": false,
    "truncated": false
}