{
    "action": [
        -0.1119628184266972,
        0.3017954439631301
    ],
    "ep_idx": 0,
    "finger_pos": [
        -0.0075513509022993724,
        -0.07040221827362438
    ],
    "id": 4967223527871613259,
    "observation": [
        -2.948962450027466,
        2.5426290035247803,
        0.015597948804497719,
        0.18062721192836761,
        -1.4095271825790405,
        1.0111548900604248
    ],
    "qpos": [
        -2.9489624084550625,
        2.542628942232491
    ],
    "qvel": [
        -1.4095271755600993,
        1.0111548726682624
    ],
    "render_time": 0.0018558502197265625,
    "reward": 0.0,
    "score": 0.0,
    "step_idx": 81,
    "success": null,
    "target_pos": [
        0.008046597766300538,
        0.11022499038929386
    ],
    "terminated": false,
    "truncated": false
}