{
    "action": [
        0.5119831593272091,
        0.06561443610824913
    ],
    "ep_idx": 0,
    "finger_pos": [
        -0.007955005925272221,
        -0.06414884101615245
    ],
    "id": 4967223527871613259,
    "observation": [
        -2.99226975440979,
        2.596189498901367,
        0.01600160449743271,
        0.1743738353252411,
        -0.9966905117034912,
        1.4032056331634521
    ],
    "qpos": [
        -2.992269752243341,
        2.59618945747507
    ],
    "qvel": [
        -0.9966904912225096,
        1.40320559581343
    ],
    "render_time": 0.0018687248229980469,
    "reward": 0.0,
    "score": 0.0,
    "step_idx": 82,
    "success": null,
    "target_pos": [
        0.008046597766300538,
        0.11022499038929386
    ],
    "terminated": false,
    "truncated": false
}