{
    "action": [
        -0.8506416413191766,
        -0.8430063137755985
    ],
    "ep_idx": 0,
    "finger_pos": [
        -0.005644284473709127,
        -0.060486220946939284
    ],
    "id": 4967223527871613259,
    "observation": [
        -2.978733539581299,
        2.6297831535339355,
        0.013690882362425327,
        0.1707112044095993,
        0.7000231742858887,
        0.722941517829895
    ],
    "qpos": [
        -2.978733635234538,
        2.629783091039476
    ],
    "qvel": [
        0.700023157056646,
        0.7229414895405162
    ],
    "render_time": 0.0018565654754638672,
    "reward": 0.0,
    "score": 0.0,
    "step_idx": 83,
    "success": null,
    "target_pos": [
        0.008046597766300538,
        0.11022499038929386
    ],
    "terminated": false,
    "truncated": false
}