{
    "action": [
        0.3047125966515625,
        0.9907914510638212
    ],
    "ep_idx": 0,
    "finger_pos": [
        -0.014660092953691903,
        -0.0714821547010522
    ],
    "id": 4967223527871613259,
    "observation": [
        -3.034943103790283,
        2.523728370666504,
        0.022706691175699234,
        0.18170714378356934,
        -1.8995904922485352,
        -3.2734296321868896
    ],
    "qpos": [
        -3.0349429867508846,
        2.5237282794024645
    ],
    "qvel": [
        -1.8995905343754225,
        -3.2734295465812107
    ],
    "render_time": 0.001870870590209961,
    "reward": 0.0,
    "score": 0.0,
    "step_idx": 84,
    "success": null,
    "target_pos": [
        0.008046597766300538,
        0.11022499038929386
    ],
    "terminated": false,
    "truncated": false
}