{
    "action": [
        0.833590193448011,
        -0.8518765755045072
    ],
    "ep_idx": 0,
    "finger_pos": [
        -0.010890515114595364,
        -0.06245075281597564
    ],
    "id": 4967223527871613259,
    "observation": [
        -3.046931743621826,
        2.6069717407226562,
        0.018937112763524055,
        0.1726757436990738,
        0.0556354783475399,
        3.1206257343292236
    ],
    "qpos": [
        -3.0469316765765577,
        2.606971680356068
    ],
    "qvel": [
        0.05563547939192215,
        3.1206257755391063
    ],
    "render_time": 0.0018417835235595703,
    "reward": 0.0,
    "score": 0.0,
    "step_idx": 85,
    "success": null,
    "target_pos": [
        0.008046597766300538,
        0.11022499038929386
    ],
    "terminated": false,
    "truncated": false
}