{
    "action": [
        -0.7417049778912348,
        -0.8492825692171351
    ],
    "ep_idx": 0,
    "finger_pos": [
        -0.010206826081048503,
        -0.06942818655955864
    ],
    "id": 4967223527871613259,
    "observation": [
        -2.990830898284912,
        2.5481350421905518,
        0.018253423273563385,
        0.17965318262577057,
        1.7876425981521606,
        -2.3813133239746094
    ],
    "qpos": [
        -2.9908310016091177,
        2.5481351032237867
    ],
    "qvel": [
        1.7876426044719222,
        -2.3813132315283174
    ],
    "render_time": 0.001859426498413086,
    "reward": 0.0,
    "score": 0.0,
    "step_idx": 86,
    "success": null,
    "target_pos": [
        0.008046597766300538,
        0.11022499038929386
    ],
    "terminated": false,
    "truncated": false
}