{
    "action": [
        0.055988244408489374,
        0.5004841282638135
    ],
    "ep_idx": 0,
    "finger_pos": [
        -0.020165669213318457,
        -0.08478873643359419
    ],
    "id": 4967223527871613259,
    "observation": [
        -3.0034523010253906,
        2.3983194828033447,
        0.02821226790547371,
        0.19501373171806335,
        -0.822441577911377,
        -3.966716766357422
    ],
    "qpos": [
        -3.003452252960206,
        2.398319410759874
    ],
    "qvel": [
        -0.822441595648169,
        -3.9667168189453452
    ],
    "render_time": 0.0018620491027832031,
    "reward": 0.0,
    "score": 0.0,
    "step_idx": 87,
    "success": null,
    "target_pos": [
        0.008046597766300538,
        0.11022499038929386
    ],
    "terminated": false,
    "truncated": false
}