{
    "action": [
        -0.7258657886655118,
        0.4650104929405223
    ],
    "ep_idx": 0,
    "finger_pos": [
        -0.020609930259086806,
        -0.0838597480180059
    ],
    "id": 4967223527871613259,
    "observation": [
        -3.0145151615142822,
        2.405456781387329,
        0.028656527400016785,
        0.19408473372459412,
        -0.17924551665782928,
        0.9861781001091003
    ],
    "qpos": [
        -3.01451507159589,
        2.4054567045675235
    ],
    "qvel": [
        -0.17924551164945493,
        0.9861781104628169
    ],
    "render_time": 0.0019006729125976562,
    "reward": 0.0,
    "score": 0.0,
    "step_idx": 88,
    "success": null,
    "target_pos": [
        0.008046597766300538,
        0.11022499038929386
    ],
    "terminated": false,
    "truncated": false
}