{
    "action": [
        -0.6332360972728521,
        -0.21382597135032388
    ],
    "ep_idx": 0,
    "finger_pos": [
        -0.020192744320664174,
        -0.07561119400584496
    ],
    "id": 4967223527871613259,
    "observation": [
        -3.0704002380371094,
        2.4772679805755615,
        0.02823934145271778,
        0.18583618104457855,
        -1.7338112592697144,
        1.948257565498352
    ],
    "qpos": [
        -3.07040014615497,
        2.4772680219410312
    ],
    "qvel": [
        -1.7338112018072902,
        1.9482575846303798
    ],
    "render_time": 0.0019276142120361328,
    "reward": 0.0,
    "score": 0.0,
    "step_idx": 89,
    "success": null,
    "target_pos": [
        0.008046597766300538,
        0.11022499038929386
    ],
    "terminated": false,
    "truncated": false
}