{
    "action": [
        0.38640371042927235,
        -0.127377400101661
    ],
    "ep_idx": 0,
    "finger_pos": [
        -0.027340985224249548,
        -0.07359964256686308
    ],
    "id": 4967223527871613259,
    "observation": [
        -3.163999080657959,
        2.475038766860962,
        0.03538758307695389,
        0.18382462859153748,
        -2.4894418716430664,
        -0.44918951392173767
    ],
    "qpos": [
        -3.1639991029039436,
        2.475038860701893
    ],
    "qvel": [
        -2.4894419822183944,
        -0.44918951094740545
    ],
    "render_time": 0.0018687248229980469,
    "reward": 0.0,
    "score": 0.0,
    "step_idx": 90,
    "success": null,
    "target_pos": [
        0.008046597766300538,
        0.11022499038929386
    ],
    "terminated": false,
    "truncated": false
}