{
    "action": [
        0.781452348656684,
        0.03396966370718113
    ],
    "ep_idx": 0,
    "finger_pos": [
        -0.031553657808760405,
        -0.07449811331318784
    ],
    "id": 4967223527871613259,
    "observation": [
        -3.1983954906463623,
        2.4539148807525635,
        0.03960025683045387,
        0.1847231090068817,
        -0.4256711006164551,
        -0.5383273959159851
    ],
    "qpos": [
        -3.198395426615017,
        2.453914924083314
    ],
    "qvel": [
        -0.42567110887520765,
        -0.5383274104598492
    ],
    "render_time": 0.00185394287109375,
    "reward": 0.0,
    "score": 0.0,
    "step_idx": 91,
    "success": null,
    "target_pos": [
        0.008046597766300538,
        0.11022499038929386
    ],
    "terminated": false,
    "truncated": false
}