{
    "action": [
        0.6378101321273795,
        0.5991065424633017
    ],
    "ep_idx": 0,
    "finger_pos": [
        -0.028088675510707428,
        -0.07593585081458999
    ],
    "id": 4967223527871613259,
    "observation": [
        -3.151782512664795,
        2.4533886909484863,
        0.03613527491688728,
        0.1861608475446701,
        1.587942123413086,
        0.08005251735448837
    ],
    "qpos": [
        -3.1517826261249677,
        2.4533885836127713
    ],
    "qvel": [
        1.5879420904967625,
        0.08005251434155267
    ],
    "render_time": 0.001852273941040039,
    "reward": 0.0,
    "score": 0.0,
    "step_idx": 92,
    "success": null,
    "target_pos": [
        0.008046597766300538,
        0.11022499038929386
    ],
    "terminated": false,
    "truncated": false
}