{
    "action": [
        -0.9042134931061909,
        -0.3724162415668981
    ],
    "ep_idx": 0,
    "finger_pos": [
        -0.016129887863845574,
        -0.07029604390533012
    ],
    "id": 4967223527871613259,
    "observation": [
        -3.061915397644043,
        2.5311338901519775,
        0.02417648583650589,
        0.18052104115486145,
        2.4328877925872803,
        2.301708936691284
    ],
    "qpos": [
        -3.0619154985530033,
        2.5311339776913266
    ],
    "qvel": [
        2.4328878567568246,
        2.301708938189817
    ],
    "render_time": 0.0018634796142578125,
    "reward": 0.0,
    "score": 0.0,
    "step_idx": 93,
    "success": null,
    "target_pos": [
        0.008046597766300538,
        0.11022499038929386
    ],
    "terminated": false,
    "truncated": false
}