{
    "action": [
        0.5925618582701757,
        -0.268533521859865
    ],
    "ep_idx": 0,
    "finger_pos": [
        -0.018302442023631765,
        -0.07257652231190449
    ],
    "id": 4967223527871613259,
    "observation": [
        -3.071463108062744,
        2.507272243499756,
        0.026349039748311043,
        0.1828015148639679,
        -0.9514145851135254,
        -1.1240050792694092
    ],
    "qpos": [
        -3.071463039827744,
        2.507272228209546
    ],
    "qvel": [
        -0.9514145655730646,
        -1.1240050720223962
    ],
    "render_time": 0.0018548965454101562,
    "reward": 0.0,
    "score": 0.0,
    "step_idx": 94,
    "success": null,
    "target_pos": [
        0.008046597766300538,
        0.11022499038929386
    ],
    "terminated": false,
    "truncated": false
}