{
    "action": [
        -0.008330271072655604,
        -0.42908253461601453
    ],
    "ep_idx": 0,
    "finger_pos": [
        -0.0198454450081567,
        -0.07769512538269546
    ],
    "id": 4967223527871613259,
    "observation": [
        -3.050997734069824,
        2.460242509841919,
        0.027892041951417923,
        0.18792010843753815,
        0.8951781392097473,
        -1.1962279081344604
    ],
    "qpos": [
        -3.0509976535927,
        2.460242619196918
    ],
    "qvel": [
        0.8951781588129833,
        -1.1962278638743393
    ],
    "render_time": 0.0018525123596191406,
    "reward": 0.0,
    "score": 0.0,
    "step_idx": 95,
    "success": null,
    "target_pos": [
        0.008046597766300538,
        0.11022499038929386
    ],
    "terminated": false,
    "truncated": false
}