{
    "action": [
        -0.6161096398573591,
        0.6977044685155191
    ],
    "ep_idx": 0,
    "finger_pos": [
        -0.023163514408904656,
        -0.08531030174349889
    ],
    "id": 4967223527871613259,
    "observation": [
        -3.0295097827911377,
        2.387169599533081,
        0.03121011145412922,
        0.19553528726100922,
        0.44868114590644836,
        -1.9451714754104614
    ],
    "qpos": [
        -3.029509815452606,
        2.387169613644711
    ],
    "qvel": [
        0.4486811360526063,
        -1.9451714397231568
    ],
    "render_time": 0.0018472671508789062,
    "reward": 0.0,
    "score": 0.0,
    "step_idx": 96,
    "success": null,
    "target_pos": [
        0.008046597766300538,
        0.11022499038929386
    ],
    "terminated": false,
    "truncated": false
}