{
    "action": [
        -0.1374993986388422,
        -0.32623816000511496
    ],
    "ep_idx": 0,
    "finger_pos": [
        -0.021393109285624684,
        -0.07882772625716285
    ],
    "id": 4967223527871613259,
    "observation": [
        -3.059332847595215,
        2.4470579624176025,
        0.029439706355333328,
        0.18905271589756012,
        -1.0797905921936035,
        2.169722080230713
    ],
    "qpos": [
        -3.059332824142769,
        2.447057880714849
    ],
    "qvel": [
        -1.0797906312189598,
        2.1697221740800954
    ],
    "render_time": 0.0018684864044189453,
    "reward": 0.0,
    "score": 0.0,
    "step_idx": 97,
    "success": null,
    "target_pos": [
        0.008046597766300538,
        0.11022499038929386
    ],
    "terminated": false,
    "truncated": false
}