{
    "action": [
        -0.15534643729709496,
        0.8278439667287776
    ],
    "ep_idx": 0,
    "finger_pos": [
        -0.025325258089991767,
        -0.07893177305831245
    ],
    "id": 4967223527871613259,
    "observation": [
        -3.099405527114868,
        2.4362709522247314,
        0.033371854573488235,
        0.18915677070617676,
        -0.9711410403251648,
        -0.745368242263794
    ],
    "qpos": [
        -3.099405559938841,
        2.436270897683779
    ],
    "qvel": [
        -0.971141011188202,
        -0.745368257544172
    ],
    "render_time": 0.0018587112426757812,
    "reward": 0.0,
    "score": 0.0,
    "step_idx": 98,
    "success": null,
    "target_pos": [
        0.008046597766300538,
        0.11022499038929386
    ],
    "terminated": false,
    "truncated": false
}