{
    "action": [
        -0.38868242174784173,
        0.7782538537527124
    ],
    "ep_idx": 0,
    "finger_pos": [
        -0.02099968945073087,
        -0.06897920058899633
    ],
    "id": 4967223527871613259,
    "observation": [
        -3.131962537765503,
        2.5312907695770264,
        0.02904628776013851,
        0.17920419573783875,
        -0.7832447290420532,
        2.9850380420684814
    ],
    "qpos": [
        -3.131962470007549,
        2.5312908755460852
    ],
    "qvel": [
        -0.7832447303491745,
        2.985038114622075
    ],
    "render_time": 0.0018694400787353516,
    "reward": 0.0,
    "score": 0.0,
    "step_idx": 99,
    "success": null,
    "target_pos": [
        0.008046597766300538,
        0.11022499038929386
    ],
    "terminated": false,
    "truncated": false
}