{
    "action": [
        -0.3415546459736063,
        0.4089032557763095
    ],
    "ep_idx": 0,
    "finger_pos": [
        -0.014986167417431223,
        -0.053752177845391914
    ],
    "id": 4967223527871613259,
    "observation": [
        -3.178832769393921,
        2.6722793579101562,
        0.023032765835523605,
        0.16397716104984283,
        -1.2807838916778564,
        3.628781318664551
    ],
    "qpos": [
        -3.1788326713047907,
        2.672279415304503
    ],
    "qvel": [
        -1.2807838367324278,
        3.6287813797383133
    ],
    "render_time": 0.001851797103881836,
    "reward": 0.0,
    "score": 0.0,
    "step_idx": 100,
    "success": null,
    "target_pos": [
        0.008046597766300538,
        0.11022499038929386
    ],
    "terminated": false,
    "truncated": false
}