{
    "action": [
        0.8390904021699723,
        0.06829669274778327
    ],
    "ep_idx": 0,
    "finger_pos": [
        -0.01212650248846682,
        -0.04200218481888155
    ],
    "id": 4967223527871613259,
    "observation": [
        -3.239481210708618,
        2.775233268737793,
        0.020173100754618645,
        0.15222717821598053,
        -1.5723769664764404,
        2.3702526092529297
    ],
    "qpos": [
        -3.2394811630802534,
        2.775233230481443
    ],
    "qvel": [
        -1.5723769623522068,
        2.370252674203642
    ],
    "render_time": 0.0018649101257324219,
    "reward": 0.0,
    "score": 0.0,
    "step_idx": 101,
    "success": null,
    "target_pos": [
        0.008046597766300538,
        0.11022499038929386
    ],
    "terminated": false,
    "truncated": false
}