{
    "action": [
        0.706808987292173,
        -0.4089606737353646
    ],
    "ep_idx": 0,
    "finger_pos": [
        -0.008775380294433727,
        -0.03723361489746448
    ],
    "id": 4967223527871613259,
    "observation": [
        -3.212979793548584,
        2.821445941925049,
        0.016821978613734245,
        0.14745859801769257,
        1.2441747188568115,
        0.7114210724830627
    ],
    "qpos": [
        -3.2129796938276525,
        2.821445943315767
    ],
    "qvel": [
        1.2441746946705516,
        0.7114210649603566
    ],
    "render_time": 0.0018486976623535156,
    "reward": 0.0,
    "score": 0.0,
    "step_idx": 102,
    "success": null,
    "target_pos": [
        0.008046597766300538,
        0.11022499038929386
    ],
    "terminated": false,
    "truncated": false
}