{
    "action": [
        0.2810524576844413,
        0.661109298624184
    ],
    "ep_idx": 0,
    "finger_pos": [
        -0.007197008848795233,
        -0.04212207214733066
    ],
    "id": 4967223527871613259,
    "observation": [
        -3.131812810897827,
        2.7835795879364014,
        0.015243606641888618,
        0.15234705805778503,
        2.2536704540252686,
        -1.282496452331543
    ],
    "qpos": [
        -3.131812749881824,
        2.7835796236391084
    ],
    "qvel": [
        2.2536704490293347,
        -1.2824964267423158
    ],
    "render_time": 0.0018630027770996094,
    "reward": 0.0,
    "score": 0.0,
    "step_idx": 103,
    "success": null,
    "target_pos": [
        0.008046597766300538,
        0.11022499038929386
    ],
    "terminated": false,
    "truncated": false
}