{
    "action": [
        0.8981708318283119,
        0.5663968125542695
    ],
    "ep_idx": 0,
    "finger_pos": [
        -0.0025959869587691697,
        -0.03838559201181279
    ],
    "id": 4967223527871613259,
    "observation": [
        -3.048119068145752,
        2.8195927143096924,
        0.010642584413290024,
        0.14861057698726654,
        1.9602293968200684,
        0.7524731755256653
    ],
    "qpos": [
        -3.048119078039876,
        2.819592745160603
    ],
    "qvel": [
        1.9602294412572472,
        0.7524731895785268
    ],
    "render_time": 0.0018508434295654297,
    "reward": 0.0,
    "score": 0.0,
    "step_idx": 104,
    "success": null,
    "target_pos": [
        0.008046597766300538,
        0.11022499038929386
    ],
    "terminated": false,
    "truncated": false
}