{
    "action": [
        -0.3635074960594631,
        0.7360385087623154
    ],
    "ep_idx": 0,
    "finger_pos": [
        0.0021497150240267077,
        -0.03674096932393209
    ],
    "id": 4967223527871613259,
    "observation": [
        -2.929192543029785,
        2.833679437637329,
        0.0058968826197087765,
        0.14696596562862396,
        3.23832368850708,
        0.2556378245353699
    ],
    "qpos": [
        -2.929192593945167,
        2.833679321021624
    ],
    "qvel": [
        3.2383237198967305,
        0.255637828125474
    ],
    "render_time": 0.0018763542175292969,
    "reward": 0.0,
    "score": 0.0,
    "step_idx": 105,
    "success": null,
    "target_pos": [
        0.008046597766300538,
        0.11022499038929386
    ],
    "terminated": false,
    "truncated": false
}