{
    "action": [
        -0.6695801427526895,
        -0.17017192792334068
    ],
    "ep_idx": 0,
    "finger_pos": [
        0.003908491775786366,
        -0.03530235154051073
    ],
    "id": 4967223527871613259,
    "observation": [
        -2.882789373397827,
        2.844517707824707,
        0.0041381060145795345,
        0.14552734792232513,
        0.6211428642272949,
        0.2573888599872589
    ],
    "qpos": [
        -2.882789449491774,
        2.84451764084403
    ],
    "qvel": [
        0.6211428541122923,
        0.2573888649412238
    ],
    "render_time": 0.0018429756164550781,
    "reward": 0.0,
    "score": 0.0,
    "step_idx": 106,
    "success": null,
    "target_pos": [
        0.008046597766300538,
        0.11022499038929386
    ],
    "terminated": false,
    "truncated": false
}