{
    "action": [
        -0.8356069503770824,
        0.07156626888735751
    ],
    "ep_idx": 0,
    "finger_pos": [
        0.002004940371682501,
        -0.03885877352494632
    ],
    "id": 4967223527871613259,
    "observation": [
        -2.927196979522705,
        2.815901279449463,
        0.00604165717959404,
        0.14908376336097717,
        -1.532812237739563,
        -0.8696244955062866
    ],
    "qpos": [
        -2.9271970844531765,
        2.8159012226667226
    ],
    "qvel": [
        -1.5328122883404594,
        -0.8696244907088072
    ],
    "render_time": 0.0018799304962158203,
    "reward": 0.0,
    "score": 0.0,
    "step_idx": 107,
    "success": null,
    "target_pos": [
        0.008046597766300538,
        0.11022499038929386
    ],
    "terminated": false,
    "truncated": false
}