{
    "action": [
        0.19619815084805103,
        -0.7732075723131469
    ],
    "ep_idx": 0,
    "finger_pos": [
        -0.002385306503119633,
        -0.040666418693942344
    ],
    "id": 4967223527871613259,
    "observation": [
        -3.02962064743042,
        2.800471782684326,
        0.010431904345750809,
        0.15089140832424164,
        -2.8319013118743896,
        -0.27241572737693787
    ],
    "qpos": [
        -3.029620562088325,
        2.8004718567930746
    ],
    "qvel": [
        -2.831901264422843,
        -0.2724157278296596
    ],
    "render_time": 0.0018684864044189453,
    "reward": 0.0,
    "score": 0.0,
    "step_idx": 108,
    "success": null,
    "target_pos": [
        0.008046597766300538,
        0.11022499038929386
    ],
    "terminated": false,
    "truncated": false
}