{
    "action": [
        0.28875673520260103,
        0.8963888743116566
    ],
    "ep_idx": 0,
    "finger_pos": [
        -0.008546900740685898,
        -0.05137747872962923
    ],
    "id": 4967223527871613259,
    "observation": [
        -3.0876827239990234,
        2.7040820121765137,
        0.01659349910914898,
        0.1616024672985077,
        -1.0516693592071533,
        -2.8353707790374756
    ],
    "qpos": [
        -3.0876827949410943,
        2.704082088485422
    ],
    "qvel": [
        -1.051669364151825,
        -2.8353707303852502
    ],
    "render_time": 0.0018820762634277344,
    "reward": 0.0,
    "score": 0.0,
    "step_idx": 109,
    "success": null,
    "target_pos": [
        0.008046597766300538,
        0.11022499038929386
    ],
    "terminated": false,
    "truncated": false
}