{
    "action": [
        -0.7385660710199777,
        -0.4026126598297397
    ],
    "ep_idx": 0,
    "finger_pos": [
        -0.004678697848090885,
        -0.04235408182225894
    ],
    "id": 4967223527871613259,
    "observation": [
        -3.073117733001709,
        2.784602403640747,
        0.01272529549896717,
        0.15257906913757324,
        0.6535829901695251,
        2.9303770065307617
    ],
    "qpos": [
        -3.0731177238698315,
        2.784602377067764
    ],
    "qvel": [
        0.6535829768760958,
        2.9303769323513498
    ],
    "render_time": 0.0018689632415771484,
    "reward": 0.0,
    "score": 0.0,
    "step_idx": 110,
    "success": null,
    "target_pos": [
        0.008046597766300538,
        0.11022499038929386
    ],
    "terminated": false,
    "truncated": false
}