{
    "action": [
        -0.7978896981975017,
        0.1541561890446559
    ],
    "ep_idx": 0,
    "finger_pos": [
        -0.00791059099995832,
        -0.04438063747039064
    ],
    "id": 4967223527871613259,
    "observation": [
        -3.129028081893921,
        2.7636799812316895,
        0.015957187861204147,
        0.15460562705993652,
        -1.8833307027816772,
        -1.1566967964172363
    ],
    "qpos": [
        -3.1290280552526,
        2.7636800232234084
    ],
    "qvel": [
        -1.8833306525883646,
        -1.1566968405546922
    ],
    "render_time": 0.001867532730102539,
    "reward": 0.0,
    "score": 0.0,
    "step_idx": 111,
    "success": null,
    "target_pos": [
        0.008046597766300538,
        0.11022499038929386
    ],
    "terminated": false,
    "truncated": false
}