{
    "action": [
        -0.9248841504935763,
        0.7010607366706585
    ],
    "ep_idx": 0,
    "finger_pos": [
        -0.012636849439314701,
        -0.04354492322118603
    ],
    "id": 4967223527871613259,
    "observation": [
        -3.2339718341827393,
        2.761462450027466,
        0.020683446899056435,
        0.15376991033554077,
        -2.836653232574463,
        0.1618863195180893
    ],
    "qpos": [
        -3.2339718044977093,
        2.761462386467981
    ],
    "qvel": [
        -2.8366531462672575,
        0.16188631588448843
    ],
    "render_time": 0.0018761157989501953,
    "reward": 0.0,
    "score": 0.0,
    "step_idx": 112,
    "success": null,
    "target_pos": [
        0.008046597766300538,
        0.11022499038929386
    ],
    "terminated": false,
    "truncated": false
}