{
    "action": [
        0.7886167048920969,
        -0.1434866376097712
    ],
    "ep_idx": 0,
    "finger_pos": [
        -0.014649032239141338,
        -0.03545465446303657
    ],
    "id": 4967223527871613259,
    "observation": [
        -3.3728768825531006,
        2.8205339908599854,
        0.0226956307888031,
        0.14567963778972626,
        -3.7288730144500732,
        1.1775598526000977
    ],
    "qpos": [
        -3.37287692133455,
        2.8205339448110545
    ],
    "qvel": [
        -3.728873111482782,
        1.177559821763
    ],
    "render_time": 0.0018630027770996094,
    "reward": 0.0,
    "score": 0.0,
    "step_idx": 113,
    "success": null,
    "target_pos": [
        0.008046597766300538,
        0.11022499038929386
    ],
    "terminated": false,
    "truncated": false
}