{
    "action": [
        0.17534094893543073,
        0.6427814576076538
    ],
    "ep_idx": 0,
    "finger_pos": [
        -0.0154586604178229,
        -0.03476229515021711
    ],
    "id": 4967223527871613259,
    "observation": [
        -3.400836706161499,
        2.823211669921875,
        0.023505257442593575,
        0.1449872851371765,
        0.10761002451181412,
        -0.15510046482086182
    ],
    "qpos": [
        -3.400836749527651,
        2.823211774528236
    ],
    "qvel": [
        0.1076100208037718,
        -0.1551004604245762
    ],
    "render_time": 0.0018532276153564453,
    "reward": 0.0,
    "score": 0.0,
    "step_idx": 114,
    "success": null,
    "target_pos": [
        0.008046597766300538,
        0.11022499038929386
    ],
    "terminated": false,
    "truncated": false
}