{
    "action": [
        -0.5086984904738177,
        -0.5821241935485642
    ],
    "ep_idx": 0,
    "finger_pos": [
        -0.014644450876806075,
        -0.034725507334083666
    ],
    "id": 4967223527871613259,
    "observation": [
        -3.3829996585845947,
        2.826227903366089,
        0.022691048681735992,
        0.1449504941701889,
        0.5295016169548035,
        0.12175989896059036
    ],
    "qpos": [
        -3.38299969473956,
        2.826227888781879
    ],
    "qvel": [
        0.5295016090317705,
        0.12175989745358072
    ],
    "render_time": 0.0019214153289794922,
    "reward": 0.0,
    "score": 0.0,
    "step_idx": 115,
    "success": null,
    "target_pos": [
        0.008046597766300538,
        0.11022499038929386
    ],
    "terminated": false,
    "truncated": false
}