{
    "action": [
        -0.5484559797003912,
        -0.48391377785554446
    ],
    "ep_idx": 0,
    "finger_pos": [
        -0.021706784430882156,
        -0.04201064974204509
    ],
    "id": 4967223527871613259,
    "observation": [
        -3.4201810359954834,
        2.7449374198913574,
        0.02975338138639927,
        0.15223564207553864,
        -1.2565193176269531,
        -2.415665626525879
    ],
    "qpos": [
        -3.420181003278258,
        2.744937443117432
    ],
    "qvel": [
        -1.256519352711703,
        -2.415665507660644
    ],
    "render_time": 0.0019021034240722656,
    "reward": 0.0,
    "score": 0.0,
    "step_idx": 116,
    "success": null,
    "target_pos": [
        0.008046597766300538,
        0.11022499038929386
    ],
    "terminated": false,
    "truncated": false
}