{
    "action": [
        0.2082794825171923,
        -0.45077886367483067
    ],
    "ep_idx": 0,
    "finger_pos": [
        -0.03327198582050524,
        -0.048728789871719934
    ],
    "id": 4967223527871613259,
    "observation": [
        -3.4922828674316406,
        2.644796133041382,
        0.041318584233522415,
        0.15895378589630127,
        -1.9354422092437744,
        -2.5127623081207275
    ],
    "qpos": [
        -3.49228277657338,
        2.6447961386266057
    ],
    "qvel": [
        -1.9354421720994475,
        -2.5127623939007395
    ],
    "render_time": 0.0019228458404541016,
    "reward": 0.0,
    "score": 0.0,
    "step_idx": 117,
    "success": null,
    "target_pos": [
        0.008046597766300538,
        0.11022499038929386
    ],
    "terminated": false,
    "truncated": false
}