{
    "action": [
        0.4598350694800628,
        0.44947677721366874
    ],
    "ep_idx": 0,
    "finger_pos": [
        -0.04315043916057369,
        -0.05430531862244547
    ],
    "id": 4967223527871613259,
    "observation": [
        -3.519836902618408,
        2.5552146434783936,
        0.05119703710079193,
        0.16453030705451965,
        -0.37785184383392334,
        -2.199894428253174
    ],
    "qpos": [
        -3.519836875094415,
        2.555214747187386
    ],
    "qvel": [
        -0.37785185539411914,
        -2.1998944528570115
    ],
    "render_time": 0.0019257068634033203,
    "reward": 0.0,
    "score": 0.0,
    "step_idx": 118,
    "success": null,
    "target_pos": [
        0.008046597766300538,
        0.11022499038929386
    ],
    "terminated": false,
    "truncated": false
}