{
    "action": [
        0.07799880538994897,
        0.18010367874585587
    ],
    "ep_idx": 0,
    "finger_pos": [
        -0.03856702299560799,
        -0.05350815557679587
    ],
    "id": 4967223527871613259,
    "observation": [
        -3.4877116680145264,
        2.5847721099853516,
        0.04661362245678902,
        0.16373313963413239,
        1.081862449645996,
        1.298714280128479
    ],
    "qpos": [
        -3.4877116912420663,
        2.5847720049937895
    ],
    "qvel": [
        1.081862450917391,
        1.2987142905849016
    ],
    "render_time": 0.0019066333770751953,
    "reward": 0.0,
    "score": 0.0,
    "step_idx": 119,
    "success": null,
    "target_pos": [
        0.008046597766300538,
        0.11022499038929386
    ],
    "terminated": false,
    "truncated": false
}