{
    "action": [
        -0.3532312534013693,
        -0.9879379436052107
    ],
    "ep_idx": 0,
    "finger_pos": [
        -0.03314334770051479,
        -0.05154615711791172
    ],
    "id": 4967223527871613259,
    "observation": [
        -3.4548184871673584,
        2.625190258026123,
        0.04118994623422623,
        0.16177114844322205,
        0.7537018060684204,
        0.9573739767074585
    ],
    "qpos": [
        -3.454818581181085,
        2.6251902168406267
    ],
    "qvel": [
        0.7537017981146195,
        0.95737399626158
    ],
    "render_time": 0.0019121170043945312,
    "reward": 0.0,
    "score": 0.0,
    "step_idx": 120,
    "success": null,
    "target_pos": [
        0.008046597766300538,
        0.11022499038929386
    ],
    "terminated": false,
    "truncated": false
}