{
    "action": [
        -0.6689354098789198,
        -0.1475101665656604
    ],
    "ep_idx": 0,
    "finger_pos": [
        -0.04511489581386889,
        -0.05964296376764379
    ],
    "id": 4967223527871613259,
    "observation": [
        -3.47231125831604,
        2.507840394973755,
        0.05316149443387985,
        0.16986794769763947,
        -0.6931241154670715,
        -3.667226552963257
    ],
    "qpos": [
        -3.4723112958089217,
        2.50784042072042
    ],
    "qvel": [
        -0.6931241126495681,
        -3.6672265087604803
    ],
    "render_time": 0.0018961429595947266,
    "reward": 0.0,
    "score": 0.0,
    "step_idx": 121,
    "success": null,
    "target_pos": [
        0.008046597766300538,
        0.11022499038929386
    ],
    "terminated": false,
    "truncated": false
}