{
    "action": [
        -0.032772301210771015,
        0.7959764096695507
    ],
    "ep_idx": 0,
    "finger_pos": [
        -0.056407635875729195,
        -0.06114443054199939
    ],
    "id": 4967223527871613259,
    "observation": [
        -3.532749652862549,
        2.43365740776062,
        0.06445423513650894,
        0.17136941850185394,
        -1.752088189125061,
        -1.497843623161316
    ],
    "qpos": [
        -3.5327497060654007,
        2.433657436620672
    ],
    "qvel": [
        -1.7520882433432234,
        -1.4978436047023536
    ],
    "render_time": 0.0019268989562988281,
    "reward": 0.0,
    "score": 0.0,
    "step_idx": 122,
    "success": null,
    "target_pos": [
        0.008046597766300538,
        0.11022499038929386
    ],
    "terminated": false,
    "truncated": false
}