{
    "action": [
        0.14892669031484496,
        0.5898805603154531
    ],
    "ep_idx": 0,
    "finger_pos": [
        -0.05037409049960451,
        -0.05432907257342536
    ],
    "id": 4967223527871613259,
    "observation": [
        -3.575404644012451,
        2.5139310359954834,
        0.05842068791389465,
        0.16455405950546265,
        -0.9061024188995361,
        2.694692373275757
    ],
    "qpos": [
        -3.57540462027736,
        2.5139309238323935
    ],
    "qvel": [
        -0.9061024382955034,
        2.6946924682861884
    ],
    "render_time": 0.0019180774688720703,
    "reward": 0.0,
    "score": 0.0,
    "step_idx": 123,
    "success": null,
    "target_pos": [
        0.008046597766300538,
        0.11022499038929386
    ],
    "terminated": false,
    "truncated": false
}