{
    "action": [
        -0.31377064203237803,
        -0.1389080373203626
    ],
    "ep_idx": 0,
    "finger_pos": [
        -0.03911952372907995,
        -0.04644987569650586
    ],
    "id": 4967223527871613259,
    "observation": [
        -3.5857181549072266,
        2.6299612522125244,
        0.0471661202609539,
        0.15667486190795898,
        -0.07824228703975677,
        2.9426910877227783
    ],
    "qpos": [
        -3.5857181843214083,
        2.629961268101573
    ],
    "qvel": [
        -0.07824228448993231,
        2.942691044144461
    ],
    "render_time": 0.001917123794555664,
    "reward": 0.0,
    "score": 0.0,
    "step_idx": 124,
    "success": null,
    "target_pos": [
        0.008046597766300538,
        0.11022499038929386
    ],
    "terminated": false,
    "truncated": false
}