{
    "action": [
        -0.3767145874559632,
        -0.643762193328645
    ],
    "ep_idx": 0,
    "finger_pos": [
        -0.03841202348846326,
        -0.0437426693536954
    ],
    "id": 4967223527871613259,
    "observation": [
        -3.6171927452087402,
        2.6515860557556152,
        0.04645862057805061,
        0.15396766364574432,
        -0.9603869318962097,
        0.07930056005716324
    ],
    "qpos": [
        -3.617192819330055,
        2.651585939860116
    ],
    "qvel": [
        -0.9603869027515243,
        0.0793005586729193
    ],
    "render_time": 0.0019335746765136719,
    "reward": 0.0,
    "score": 0.0,
    "step_idx": 125,
    "success": null,
    "target_pos": [
        0.008046597766300538,
        0.11022499038929386
    ],
    "terminated": false,
    "truncated": false
}