{
    "action": [
        -0.9552740104463038,
        0.7001759857446685
    ],
    "ep_idx": 0,
    "finger_pos": [
        -0.0496711137682396,
        -0.04630197939091722
    ],
    "id": 4967223527871613259,
    "observation": [
        -3.6752259731292725,
        2.5678815841674805,
        0.057717710733413696,
        0.15652696788311005,
        -1.5393847227096558,
        -2.506443977355957
    ],
    "qpos": [
        -3.675225897491075,
        2.5678816566676215
    ],
    "qvel": [
        -1.5393847669782126,
        -2.506444095316076
    ],
    "render_time": 0.0019121170043945312,
    "reward": 0.0,
    "score": 0.0,
    "step_idx": 126,
    "success": null,
    "target_pos": [
        0.008046597766300538,
        0.11022499038929386
    ],
    "terminated": false,
    "truncated": false
}