{
    "action": [
        0.6952939791495005,
        -0.8802146265220601
    ],
    "ep_idx": 0,
    "finger_pos": [
        -0.04869977328204774,
        -0.03884422098009252
    ],
    "id": 4967223527871613259,
    "observation": [
        -3.7765321731567383,
        2.6164629459381104,
        0.05674637109041214,
        0.14906920492649078,
        -2.853144884109497,
        1.9341365098953247
    ],
    "qpos": [
        -3.7765322817063307,
        2.616463056137759
    ],
    "qvel": [
        -2.8531449200830994,
        1.934136481464367
    ],
    "render_time": 0.00193023681640625,
    "reward": 0.0,
    "score": 0.0,
    "step_idx": 127,
    "success": null,
    "target_pos": [
        0.008046597766300538,
        0.11022499038929386
    ],
    "terminated": false,
    "truncated": false
}