{
    "action": [
        -0.7531349330163835,
        0.27709672291729315
    ],
    "ep_idx": 0,
    "finger_pos": [
        -0.058503523413540266,
        -0.04071278798325981
    ],
    "id": 4967223527871613259,
    "observation": [
        -3.8028881549835205,
        2.5385334491729736,
        0.0665501207113266,
        0.1509377807378769,
        -0.024825718253850937,
        -2.707303762435913
    ],
    "qpos": [
        -3.8028882513427082,
        2.53853344654472
    ],
    "qvel": [
        -0.024825719019494263,
        -2.7073036784626985
    ],
    "render_time": 0.0019195079803466797,
    "reward": 0.0,
    "score": 0.0,
    "step_idx": 128,
    "success": null,
    "target_pos": [
        0.008046597766300538,
        0.11022499038929386
    ],
    "terminated": false,
    "truncated": false
}