{
    "action": [
        0.40906936051164045,
        0.5406115508664104
    ],
    "ep_idx": 0,
    "finger_pos": [
        -0.061398521155169763,
        -0.0378794669858082
    ],
    "id": 4967223527871613259,
    "observation": [
        -3.854285478591919,
        2.530956745147705,
        0.06944511830806732,
        0.1481044590473175,
        -1.647519588470459,
        0.3077738881111145
    ],
    "qpos": [
        -3.8542855967307967,
        2.530956807348209
    ],
    "qvel": [
        -1.6475196082381847,
        0.30777389257125465
    ],
    "render_time": 0.00193023681640625,
    "reward": 0.0,
    "score": 0.0,
    "step_idx": 129,
    "success": null,
    "target_pos": [
        0.008046597766300538,
        0.11022499038929386
    ],
    "terminated": false,
    "truncated": false
}