{
    "action": [
        0.07353624197882014,
        0.22229775272280983
    ],
    "ep_idx": 0,
    "finger_pos": [
        -0.052748307811289995,
        -0.034864697693604535
    ],
    "id": 4967223527871613259,
    "observation": [
        -3.861743211746216,
        2.608388662338257,
        0.060794904828071594,
        0.14508968591690063,
        0.19815365970134735,
        2.254157781600952
    ],
    "qpos": [
        -3.8617432650637826,
        2.6083887151751872
    ],
    "qvel": [
        0.1981536664645116,
        2.2541577727287168
    ],
    "render_time": 0.0019145011901855469,
    "reward": 0.0,
    "score": 0.0,
    "step_idx": 130,
    "success": null,
    "target_pos": [
        0.008046597766300538,
        0.11022499038929386
    ],
    "terminated": false,
    "truncated": false
}