{
    "action": [
        0.9514098325941953,
        0.18913391081960973
    ],
    "ep_idx": 0,
    "finger_pos": [
        -0.04553258484980682,
        -0.032814425486579465
    ],
    "id": 4967223527871613259,
    "observation": [
        -3.8518788814544678,
        2.6695139408111572,
        0.053579181432724,
        0.14303942024707794,
        0.2624847888946533,
        1.3864035606384277
    ],
    "qpos": [
        -3.851878799871086,
        2.6695138540763015
    ],
    "qvel": [
        0.2624847819214636,
        1.3864035821771172
    ],
    "render_time": 0.0019342899322509766,
    "reward": 0.0,
    "score": 0.0,
    "step_idx": 131,
    "success": null,
    "target_pos": [
        0.008046597766300538,
        0.11022499038929386
    ],
    "terminated": false,
    "truncated": false
}