{
    "action": [
        -0.5861327089393735,
        0.3092184423300599
    ],
    "ep_idx": 0,
    "finger_pos": [
        -0.037177107559042355,
        -0.033444937529931176
    ],
    "id": 4967223527871613259,
    "observation": [
        -3.769888401031494,
        2.7217917442321777,
        0.04522370547056198,
        0.14366993308067322,
        2.5238256454467773,
        1.26784348487854
    ],
    "qpos": [
        -3.769888337094707,
        2.721791731128307
    ],
    "qvel": [
        2.5238256644555808,
        1.26784350746803
    ],
    "render_time": 0.0019223690032958984,
    "reward": 0.0,
    "score": 0.0,
    "step_idx": 132,
    "success": null,
    "target_pos": [
        0.008046597766300538,
        0.11022499038929386
    ],
    "terminated": false,
    "truncated": false
}