{
    "action": [
        -0.18334569828573022,
        -0.8710755243552111
    ],
    "ep_idx": 0,
    "finger_pos": [
        -0.03208446599620857,
        -0.031077313332412246
    ],
    "id": 4967223527871613259,
    "observation": [
        -3.755727767944336,
        2.7671778202056885,
        0.040131062269210815,
        0.14130230247974396,
        -0.21392413973808289,
        1.1482876539230347
    ],
    "qpos": [
        -3.7557276520488703,
        2.767177820025617
    ],
    "qvel": [
        -0.21392414537285442,
        1.1482876189292162
    ],
    "render_time": 0.0019140243530273438,
    "reward": 0.0,
    "score": 0.0,
    "step_idx": 133,
    "success": null,
    "target_pos": [
        0.008046597766300538,
        0.11022499038929386
    ],
    "terminated": false,
    "truncated": false
}