{
    "action": [
        0.1795077749216587,
        -0.3105571356168937
    ],
    "ep_idx": 0,
    "finger_pos": [
        -0.043365677134026934,
        -0.03568713039584015
    ],
    "id": 4967223527871613259,
    "observation": [
        -3.787621021270752,
        2.6691970825195312,
        0.051412273198366165,
        0.14591212570667267,
        -0.881690263748169,
        -3.129943370819092
    ],
    "qpos": [
        -3.7876211277573395,
        2.6691970406556815
    ],
    "qvel": [
        -0.8816902894675055,
        -3.129943433013255
    ],
    "render_time": 0.0019114017486572266,
    "reward": 0.0,
    "score": 0.0,
    "step_idx": 134,
    "success": null,
    "target_pos": [
        0.008046597766300538,
        0.11022499038929386
    ],
    "terminated": false,
    "truncated": false
}