{
    "action": [
        -0.999639197996455,
        0.12638430667410727
    ],
    "ep_idx": 0,
    "finger_pos": [
        -0.05238471844902207,
        -0.039489312312511654
    ],
    "id": 4967223527871613259,
    "observation": [
        -3.7895760536193848,
        2.5878658294677734,
        0.06043131649494171,
        0.14971430599689484,
        0.13898780941963196,
        -1.8349015712738037
    ],
    "qpos": [
        -3.7895760904244296,
        2.5878658938339516
    ],
    "qvel": [
        0.13898780641923625,
        -1.834901611401273
    ],
    "render_time": 0.0019338130950927734,
    "reward": 0.0,
    "score": 0.0,
    "step_idx": 135,
    "success": null,
    "target_pos": [
        0.008046597766300538,
        0.11022499038929386
    ],
    "terminated": false,
    "truncated": false
}