{
    "action": [
        0.5788816070441711,
        -0.3428487038195607
    ],
    "ep_idx": 0,
    "finger_pos": [
        -0.05699111280241452,
        -0.0363622242418519
    ],
    "id": 4967223527871613259,
    "observation": [
        -3.8589274883270264,
        2.5705032348632812,
        0.06503771245479584,
        0.14658720791339874,
        -2.2401769161224365,
        -0.14657656848430634
    ],
    "qpos": [
        -3.8589275597697266,
        2.5705031774110476
    ],
    "qvel": [
        -2.2401768160792623,
        -0.14657657160038262
    ],
    "render_time": 0.0019359588623046875,
    "reward": 0.0,
    "score": 0.0,
    "step_idx": 136,
    "success": null,
    "target_pos": [
        0.008046597766300538,
        0.11022499038929386
    ],
    "terminated": false,
    "truncated": false
}