{
    "action": [
        0.81404971392196,
        0.6959093842394644
    ],
    "ep_idx": 0,
    "finger_pos": [
        -0.06219144981734001,
        -0.03681438572808449
    ],
    "id": 4967223527871613259,
    "observation": [
        -3.8720319271087646,
        2.5298409461975098,
        0.07023804634809494,
        0.14703936874866486,
        0.18623360991477966,
        -1.1920561790466309
    ],
    "qpos": [
        -3.872031857374419,
        2.5298408585869168
    ],
    "qvel": [
        0.18623361025237428,
        -1.1920561690663243
    ],
    "render_time": 0.004506826400756836,
    "reward": 0.0,
    "score": 0.0,
    "step_idx": 137,
    "success": null,
    "target_pos": [
        0.008046597766300538,
        0.11022499038929386
    ],
    "terminated": false,
    "truncated": false
}