{
    "action": [
        0.8468596674004696,
        0.9728907723580216
    ],
    "ep_idx": 0,
    "finger_pos": [
        -0.05073125796870289,
        -0.03814250434285271
    ],
    "id": 4967223527871613259,
    "observation": [
        -3.8000576496124268,
        2.6063034534454346,
        0.058777857571840286,
        0.1483674943447113,
        2.2171733379364014,
        2.5021417140960693
    ],
    "qpos": [
        -3.800057695462868,
        2.6063034390158113
    ],
    "qvel": [
        2.2171733095882664,
        2.5021416040879076
    ],
    "render_time": 0.0019137859344482422,
    "reward": 0.0,
    "score": 0.0,
    "step_idx": 138,
    "success": null,
    "target_pos": [
        0.008046597766300538,
        0.11022499038929386
    ],
    "terminated": false,
    "truncated": false
}