{
    "action": [
        -0.8993770179298095,
        0.10676545346810662
    ],
    "ep_idx": 0,
    "finger_pos": [
        -0.029183983981653866,
        -0.03354578793439833
    ],
    "id": 4967223527871613259,
    "observation": [
        -3.671227216720581,
        2.7689082622528076,
        0.03723058104515076,
        0.14377078413963318,
        3.4984123706817627,
        4.360177516937256
    ],
    "qpos": [
        -3.671227172059541,
        2.768908358241486
    ],
    "qvel": [
        3.4984124226452016,
        4.360177675263584
    ],
    "render_time": 0.001949310302734375,
    "reward": 0.0,
    "score": 0.0,
    "step_idx": 139,
    "success": null,
    "target_pos": [
        0.008046597766300538,
        0.11022499038929386
    ],
    "terminated": false,
    "truncated": false
}