{
    "action": [
        0.9945267308136272,
        0.4110324705357873
    ],
    "ep_idx": 0,
    "finger_pos": [
        -0.023931516657864443,
        -0.029386904785351296
    ],
    "id": 4967223527871613259,
    "observation": [
        -3.6664535999298096,
        2.8244431018829346,
        0.03197811543941498,
        0.13961189985275269,
        -0.7598687410354614,
        0.8758119940757751
    ],
    "qpos": [
        -3.6664537095237026,
        2.824443069416267
    ],
    "qvel": [
        -0.7598687591389957,
        0.8758119860138529
    ],
    "render_time": 0.001934051513671875,
    "reward": 0.0,
    "score": 0.0,
    "step_idx": 140,
    "success": null,
    "target_pos": [
        0.008046597766300538,
        0.11022499038929386
    ],
    "terminated": false,
    "truncated": false
}