{
    "action": [
        0.13014770071807358,
        -0.49019750452962385
    ],
    "ep_idx": 0,
    "finger_pos": [
        -0.021237196025012256,
        -0.02994445747584515
    ],
    "id": 4967223527871613259,
    "observation": [
        -3.604914665222168,
        2.834462881088257,
        0.02928379364311695,
        0.1401694416999817,
        2.1422433853149414,
        0.11643603444099426
    ],
    "qpos": [
        -3.6049146305804483,
        2.8344629090446007
    ],
    "qvel": [
        2.1422433508923024,
        0.11643603407450781
    ],
    "render_time": 0.001949310302734375,
    "reward": 0.0,
    "score": 0.0,
    "step_idx": 141,
    "success": null,
    "target_pos": [
        0.008046597766300538,
        0.11022499038929386
    ],
    "terminated": false,
    "truncated": false
}