{
    "action": [
        -0.16703092407549858,
        -0.808271226451851
    ],
    "ep_idx": 0,
    "finger_pos": [
        -0.02501499727376437,
        -0.03688791755183391
    ],
    "id": 4967223527871613259,
    "observation": [
        -3.550701141357422,
        2.7680089473724365,
        0.033061593770980835,
        0.1471129059791565,
        1.1849294900894165,
        -1.983537197113037
    ],
    "qpos": [
        -3.550701168886372,
        2.768008836604184
    ],
    "qvel": [
        1.1849294844798426,
        -1.9835371996277793
    ],
    "render_time": 0.0019555091857910156,
    "reward": 0.0,
    "score": 0.0,
    "step_idx": 142,
    "success": null,
    "target_pos": [
        0.008046597766300538,
        0.11022499038929386
    ],
    "terminated": false,
    "truncated": false
}