{
    "action": [
        0.23770790806981013,
        -0.9107502654462041
    ],
    "ep_idx": 0,
    "finger_pos": [
        -0.03689019062177179,
        -0.048106236159034615
    ],
    "id": 4967223527871613259,
    "observation": [
        -3.5404295921325684,
        2.6308720111846924,
        0.04493678733706474,
        0.1583312302827835,
        0.056551095098257065,
        -3.682875156402588
    ],
    "qpos": [
        -3.540429525882603,
        2.6308720438143935
    ],
    "qvel": [
        0.0565510952055685,
        -3.682875069361181
    ],
    "render_time": 0.0019462108612060547,
    "reward": 0.0,
    "score": 0.0,
    "step_idx": 143,
    "success": null,
    "target_pos": [
        0.008046597766300538,
        0.11022499038929386
    ],
    "terminated": false,
    "truncated": false
}