{
    "action": [
        -0.45905923982643504,
        0.9795369502169786
    ],
    "ep_idx": 0,
    "finger_pos": [
        -0.05246474462641094,
        -0.06021579466169376
    ],
    "id": 4967223527871613259,
    "observation": [
        -3.519068717956543,
        2.4631078243255615,
        0.06051134318113327,
        0.17044077813625336,
        0.6656844615936279,
        -4.301948070526123
    ],
    "qpos": [
        -3.5190687997829877,
        2.463107905731178
    ],
    "qvel": [
        0.665684444624938,
        -4.301948009118203
    ],
    "render_time": 0.0019364356994628906,
    "reward": 0.0,
    "score": 0.0,
    "step_idx": 144,
    "success": null,
    "target_pos": [
        0.008046597766300538,
        0.11022499038929386
    ],
    "terminated": false,
    "truncated": false
}