{
    "action": [
        -0.1254975179636042,
        -0.7922200677118478
    ],
    "ep_idx": 0,
    "finger_pos": [
        -0.04660824418195271,
        -0.05604622508077595
    ],
    "id": 4967223527871613259,
    "observation": [
        -3.526710033416748,
        2.5243945121765137,
        0.054654840379953384,
        0.16627120971679688,
        -0.47012755274772644,
        2.6728954315185547
    ],
    "qpos": [
        -3.526710150353182,
        2.5243944501976032
    ],
    "qvel": [
        -0.47012753846847644,
        2.672895453090327
    ],
    "render_time": 0.0019376277923583984,
    "reward": 0.0,
    "score": 0.0,
    "step_idx": 145,
    "success": null,
    "target_pos": [
        0.008046597766300538,
        0.11022499038929386
    ],
    "terminated": false,
    "truncated": false
}