{
    "action": [
        0.45294061268870367,
        -0.06481701493391023
    ],
    "ep_idx": 0,
    "finger_pos": [
        -0.05477831819642267,
        -0.05846108232885535
    ],
    "id": 4967223527871613259,
    "observation": [
        -3.5541365146636963,
        2.460905075073242,
        0.06282491236925125,
        0.16868607699871063,
        -0.7146525979042053,
        -2.4152324199676514
    ],
    "qpos": [
        -3.554136560118988,
        2.4609050874771357
    ],
    "qvel": [
        -0.7146526270849645,
        -2.4152323935405304
    ],
    "render_time": 0.0020356178283691406,
    "reward": 0.0,
    "score": 0.0,
    "step_idx": 146,
    "success": null,
    "target_pos": [
        0.008046597766300538,
        0.11022499038929386
    ],
    "terminated": false,
    "truncated": false
}