{
    "action": [
        -0.16659718785449518,
        0.05324411358226144
    ],
    "ep_idx": 0,
    "finger_pos": [
        -0.05810829941016195,
        -0.06168181223187842
    ],
    "id": 4967223527871613259,
    "observation": [
        -3.5362942218780518,
        2.41984486579895,
        0.06615489721298218,
        0.17190679907798767,
        0.7332429885864258,
        -0.7637311220169067
    ],
    "qpos": [
        -3.5362942802319233,
        2.4198447928093834
    ],
    "qvel": [
        0.7332430127413546,
        -0.7637311136514784
    ],
    "render_time": 0.0019996166229248047,
    "reward": 0.0,
    "score": 0.0,
    "step_idx": 147,
    "success": null,
    "target_pos": [
        0.008046597766300538,
        0.11022499038929386
    ],
    "terminated": false,
    "truncated": false
}