{
    "action": [
        -0.1914679063335838,
        0.12091618064153598
    ],
    "ep_idx": 0,
    "finger_pos": [
        -0.05820919988455636,
        -0.06237800883688563
    ],
    "id": 4967223527871613259,
    "observation": [
        -3.528989315032959,
        2.414703845977783,
        0.06625580042600632,
        0.17260299623012543,
        0.03300824761390686,
        -0.0007853451534174383
    ],
    "qpos": [
        -3.528989300855967,
        2.414703906431227
    ],
    "qvel": [
        0.033008247398150004,
        -0.0007853451681696932
    ],
    "render_time": 0.0020067691802978516,
    "reward": 0.0,
    "score": 0.0,
    "step_idx": 148,
    "success": null,
    "target_pos": [
        0.008046597766300538,
        0.11022499038929386
    ],
    "terminated": false,
    "truncated": false
}