{
    "action": [
        0.8913263566671992,
        0.5157961647304048
    ],
    "ep_idx": 0,
    "finger_pos": [
        -0.05737234491361813,
        -0.06085805716770768
    ],
    "id": 4967223527871613259,
    "observation": [
        -3.5415563583374023,
        2.429671287536621,
        0.06541894376277924,
        0.17108304798603058,
        -0.4092128872871399,
        0.44805771112442017
    ],
    "qpos": [
        -3.541556266836695,
        2.429671214472852
    ],
    "qvel": [
        -0.4092128982557133,
        0.4480577042530263
    ],
    "render_time": 0.002025604248046875,
    "reward": 0.0,
    "score": 0.0,
    "step_idx": 149,
    "success": null,
    "target_pos": [
        0.008046597766300538,
        0.11022499038929386
    ],
    "terminated": false,
    "truncated": false
}