{
    "action": [
        0.4990255319763972,
        -0.5490348550555939
    ],
    "ep_idx": 0,
    "finger_pos": [
        -0.04619613861896241,
        -0.059216796867975006
    ],
    "id": 4967223527871613259,
    "observation": [
        -3.4858100414276123,
        2.5050268173217773,
        0.05424273759126663,
        0.16944178938865662,
        1.8899931907653809,
        2.1617836952209473
    ],
    "qpos": [
        -3.4858099468609622,
        2.505026892301756
    ],
    "qvel": [
        1.8899931425313539,
        2.1617837897895837
    ],
    "render_time": 0.002017498016357422,
    "reward": 0.0,
    "score": 0.0,
    "step_idx": 150,
    "success": null,
    "target_pos": [
        0.008046597766300538,
        0.11022499038929386
    ],
    "terminated": false,
    "truncated": false
}