{
    "action": [
        -0.014049781632836655,
        -0.47393757409991855
    ],
    "ep_idx": 0,
    "finger_pos": [
        -0.04505273173725355,
        -0.06571193062760453
    ],
    "id": 4967223527871613259,
    "observation": [
        -3.404202461242676,
        2.4648072719573975,
        0.05309933051466942,
        0.17593692243099213,
        2.078348159790039,
        -1.6269677877426147
    ],
    "qpos": [
        -3.4042025428285427,
        2.4648073136189548
    ],
    "qvel": [
        2.0783481160318225,
        -1.6269677581857334
    ],
    "render_time": 0.0020177364349365234,
    "reward": 0.0,
    "score": 0.0,
    "step_idx": 151,
    "success": null,
    "target_pos": [
        0.008046597766300538,
        0.11022499038929386
    ],
    "terminated": false,
    "truncated": false
}