{
    "action": [
        0.5600456868025931,
        0.1320642049181191
    ],
    "ep_idx": 0,
    "finger_pos": [
        -0.05007487760140264,
        -0.07413057583546043
    ],
    "id": 4967223527871613259,
    "observation": [
        -3.3537182807922363,
        2.3776638507843018,
        0.05812147632241249,
        0.18435557186603546,
        1.053969383239746,
        -2.270944118499756
    ],
    "qpos": [
        -3.353718293303864,
        2.377663815191394
    ],
    "qvel": [
        1.0539694279343617,
        -2.270944035401357
    ],
    "render_time": 0.0020236968994140625,
    "reward": 0.0,
    "score": 0.0,
    "step_idx": 152,
    "success": null,
    "target_pos": [
        0.008046597766300538,
        0.11022499038929386
    ],
    "terminated": false,
    "truncated": false
}