{
    "action": [
        0.4819202774212663,
        -0.7276515143542421
    ],
    "ep_idx": 0,
    "finger_pos": [
        -0.04652037117094901,
        -0.07851343579981541
    ],
    "id": 4967223527871613259,
    "observation": [
        -3.2864205837249756,
        2.3614537715911865,
        0.054566968232393265,
        0.18873842060565948,
        1.8437563180923462,
        -0.048069216310977936
    ],
    "qpos": [
        -3.2864206645291505,
        2.361453709679508
    ],
    "qvel": [
        1.8437562756947397,
        -0.04806921478410675
    ],
    "render_time": 0.0020194053649902344,
    "reward": 0.0,
    "score": 0.0,
    "step_idx": 153,
    "success": null,
    "target_pos": [
        0.008046597766300538,
        0.11022499038929386
    ],
    "terminated": false,
    "truncated": false
}