{
    "action": [
        -0.10715192663920337,
        0.7276812308640506
    ],
    "ep_idx": 0,
    "finger_pos": [
        -0.048954596286539656,
        -0.08920183495966308
    ],
    "id": 4967223527871613259,
    "observation": [
        -3.205697774887085,
        2.265949010848999,
        0.05700119584798813,
        0.1994268298149109,
        2.0637943744659424,
        -2.8480515480041504
    ],
    "qpos": [
        -3.205697745426055,
        2.2659491164512433
    ],
    "qvel": [
        2.0637942724021663,
        -2.84805146548473
    ],
    "render_time": 0.0020477771759033203,
    "reward": 0.0,
    "score": 0.0,
    "step_idx": 154,
    "success": null,
    "target_pos": [
        0.008046597766300538,
        0.11022499038929386
    ],
    "terminated": false,
    "truncated": false
}