{
    "action": [
        0.35924876082165147,
        0.30041067413621003
    ],
    "ep_idx": 0,
    "finger_pos": [
        -0.040205154845467744,
        -0.08734497856921886
    ],
    "id": 4967223527871613259,
    "observation": [
        -3.160764217376709,
        2.3171582221984863,
        0.04825175181031227,
        0.19756996631622314,
        0.8848518133163452,
        2.093012571334839
    ],
    "qpos": [
        -3.160764181270837,
        2.317158135570705
    ],
    "qvel": [
        0.8848518159490504,
        2.0930126725177547
    ],
    "render_time": 0.002883434295654297,
    "reward": 0.0,
    "score": 0.0,
    "step_idx": 155,
    "success": null,
    "target_pos": [
        0.008046597766300538,
        0.11022499038929386
    ],
    "terminated": false,
    "truncated": false
}