{
    "action": [
        -0.6876229270925613,
        0.28993587114548514
    ],
    "ep_idx": 0,
    "finger_pos": [
        -0.030157586657755128,
        -0.08332408370495019
    ],
    "id": 4967223527871613259,
    "observation": [
        -3.1106834411621094,
        2.3852455615997314,
        0.03820418566465378,
        0.19354906678199768,
        1.3509197235107422,
        1.6254013776779175
    ],
    "qpos": [
        -3.1106833347798375,
        2.3852456754678797
    ],
    "qvel": [
        1.350919699780128,
        1.6254013601633825
    ],
    "render_time": 0.002155303955078125,
    "reward": 0.0,
    "score": 0.0,
    "step_idx": 156,
    "success": null,
    "target_pos": [
        0.008046597766300538,
        0.11022499038929386
    ],
    "terminated": false,
    "truncated": false
}