{
    "action": [
        0.6247530848141556,
        -0.3686319414552859
    ],
    "ep_idx": 0,
    "finger_pos": [
        -0.02664478004881575,
        -0.07763511117839915
    ],
    "id": 4967223527871613259,
    "observation": [
        -3.1231563091278076,
        2.443502187728882,
        0.034691378474235535,
        0.18786010146141052,
        -0.7744539380073547,
        1.4281771183013916
    ],
    "qpos": [
        -3.123156311523716,
        2.4435022910476034
    ],
    "qvel": [
        -0.7744539584956076,
        1.4281770762626385
    ],
    "render_time": 0.0020325183868408203,
    "reward": 0.0,
    "score": 0.0,
    "step_idx": 157,
    "success": null,
    "target_pos": [
        0.008046597766300538,
        0.11022499038929386
    ],
    "terminated": false,
    "truncated": false
}