{
    "action": [
        0.3381550853767481,
        0.48358233777751924
    ],
    "ep_idx": 0,
    "finger_pos": [
        -0.026634911768616445,
        -0.08052788682566701
    ],
    "id": 4967223527871613259,
    "observation": [
        -3.099806070327759,
        2.4191651344299316,
        0.03468151018023491,
        0.19075287878513336,
        0.9574300050735474,
        -1.0099430084228516
    ],
    "qpos": [
        -3.0998061271909467,
        2.4191650785003156
    ],
    "qvel": [
        0.9574299926411441,
        -1.0099430473353257
    ],
    "render_time": 0.0020236968994140625,
    "reward": 0.0,
    "score": 0.0,
    "step_idx": 158,
    "success": null,
    "target_pos": [
        0.008046597766300538,
        0.11022499038929386
    ],
    "terminated": false,
    "truncated": false
}