{
    "action": [
        0.23250061083883988,
        0.1054415855648998
    ],
    "ep_idx": 0,
    "finger_pos": [
        -0.01929176874499658,
        -0.0771169141218877
    ],
    "id": 4967223527871613259,
    "observation": [
        -3.0491256713867188,
        2.466395378112793,
        0.027338366955518723,
        0.18734189867973328,
        1.3502676486968994,
        1.6063212156295776
    ],
    "qpos": [
        -3.0491257160914436,
        2.466395368951091
    ],
    "qvel": [
        1.3502676934986604,
        1.6063212321249873
    ],
    "render_time": 0.0020215511322021484,
    "reward": 0.0,
    "score": 0.0,
    "step_idx": 159,
    "success": null,
    "target_pos": [
        0.008046597766300538,
        0.11022499038929386
    ],
    "terminated": false,
    "truncated": false
}