{
    "action": [
        -0.5861825477253733,
        -0.4122814477337442
    ],
    "ep_idx": 0,
    "finger_pos": [
        -0.013166133182154371,
        -0.07427458115910825
    ],
    "id": 4967223527871613259,
    "observation": [
        -2.99731183052063,
        2.502150058746338,
        0.021212730556726456,
        0.1844995766878128,
        1.2782529592514038,
        0.7552021145820618
    ],
    "qpos": [
        -2.99731185802722,
        2.502149962971019
    ],
    "qvel": [
        1.2782529687333806,
        0.7552021142493945
    ],
    "render_time": 0.002033710479736328,
    "reward": 0.0,
    "score": 0.0,
    "step_idx": 160,
    "success": null,
    "target_pos": [
        0.008046597766300538,
        0.11022499038929386
    ],
    "terminated": false,
    "truncated": false
}