{
    "action": [
        0.5486702134122652,
        -0.3942392580595966
    ],
    "ep_idx": 0,
    "finger_pos": [
        -0.016990077677632165,
        -0.07888024668398345
    ],
    "id": 4967223527871613259,
    "observation": [
        -3.010857582092285,
        2.4558234214782715,
        0.025036675855517387,
        0.18910524249076843,
        -0.757138729095459,
        -1.5124024152755737
    ],
    "qpos": [
        -3.010857628908511,
        2.4558233200202757
    ],
    "qvel": [
        -0.7571387020582824,
        -1.5124024208991265
    ],
    "render_time": 0.0020308494567871094,
    "reward": 0.0,
    "score": 0.0,
    "step_idx": 161,
    "success": null,
    "target_pos": [
        0.008046597766300538,
        0.11022499038929386
    ],
    "terminated": false,
    "truncated": false
}