{
    "action": [
        0.38518330382974564,
        0.7741880233641361
    ],
    "ep_idx": 0,
    "finger_pos": [
        -0.01985173376432843,
        -0.08630644152196498
    ],
    "id": 4967223527871613259,
    "observation": [
        -2.989741563796997,
        2.385725975036621,
        0.027898332104086876,
        0.19653142988681793,
        0.8662874698638916,
        -1.8081212043762207
    ],
    "qpos": [
        -2.9897414642522415,
        2.3857259390715817
    ],
    "qvel": [
        0.866287485546917,
        -1.8081212130953692
    ],
    "render_time": 0.002032041549682617,
    "reward": 0.0,
    "score": 0.0,
    "step_idx": 162,
    "success": null,
    "target_pos": [
        0.008046597766300538,
        0.11022499038929386
    ],
    "terminated": false,
    "truncated": false
}