{
    "action": [
        0.2455308416680777,
        0.02318685143950927
    ],
    "ep_idx": 0,
    "finger_pos": [
        -0.011027977790010496,
        -0.07961252871432892
    ],
    "id": 4967223527871613259,
    "observation": [
        -2.9377529621124268,
        2.4586236476898193,
        0.0190745759755373,
        0.1898375153541565,
        1.4196285009384155,
        2.529376268386841
    ],
    "qpos": [
        -2.9377528613402806,
        2.4586236332812974
    ],
    "qvel": [
        1.4196284673283546,
        2.529376312201685
    ],
    "render_time": 0.002030611038208008,
    "reward": 0.0,
    "score": 0.0,
    "step_idx": 163,
    "success": null,
    "target_pos": [
        0.008046597766300538,
        0.11022499038929386
    ],
    "terminated": false,
    "truncated": false
}