{
    "action": [
        -0.05829975916717789,
        0.28581808449193113
    ],
    "ep_idx": 0,
    "finger_pos": [
        -0.004835207628148264,
        -0.07585538302676566
    ],
    "id": 4967223527871613259,
    "observation": [
        -2.8829946517944336,
        2.497084140777588,
        0.012881805188953876,
        0.18608036637306213,
        1.346914291381836,
        0.6552237868309021
    ],
    "qpos": [
        -2.88299475852379,
        2.4970842137569753
    ],
    "qvel": [
        1.3469142713900766,
        0.6552237617975226
    ],
    "render_time": 0.002039670944213867,
    "reward": 0.0,
    "score": 0.0,
    "step_idx": 164,
    "success": null,
    "target_pos": [
        0.008046597766300538,
        0.11022499038929386
    ],
    "terminated": false,
    "truncated": false
}