{
    "action": [
        0.5388007654930269,
        0.10013701820259047
    ],
    "ep_idx": 0,
    "finger_pos": [
        -0.0007720666725112846,
        -0.0709912488994058
    ],
    "id": 4967223527871613259,
    "observation": [
        -2.8521597385406494,
        2.5409767627716064,
        0.008818664588034153,
        0.18121623992919922,
        0.6147758364677429,
        1.1893190145492554
    ],
    "qpos": [
        -2.85215982064384,
        2.540976807290594
    ],
    "qvel": [
        0.6147758091298261,
        1.1893190212711235
    ],
    "render_time": 0.0020186901092529297,
    "reward": 0.0,
    "score": 0.0,
    "step_idx": 165,
    "success": null,
    "target_pos": [
        0.008046597766300538,
        0.11022499038929386
    ],
    "terminated": false,
    "truncated": false
}