{
    "action": [
        -0.39845305663257746,
        0.12749190853633352
    ],
    "ep_idx": 0,
    "finger_pos": [
        0.004109204608906,
        -0.06717535204520864
    ],
    "id": 4967223527871613259,
    "observation": [
        -2.7962653636932373,
        2.5731284618377686,
        0.003937392961233854,
        0.17740033566951752,
        1.6087156534194946,
        0.7207576036453247
    ],
    "qpos": [
        -2.796265320678925,
        2.5731283599526193
    ],
    "qvel": [
        1.6087156720557603,
        0.7207576123647818
    ],
    "render_time": 0.002054929733276367,
    "reward": 0.0,
    "score": 0.0,
    "step_idx": 166,
    "success": null,
    "target_pos": [
        0.008046597766300538,
        0.11022499038929386
    ],
    "terminated": false,
    "truncated": false
}