{
    "action": [
        -0.38986367425169344,
        0.10646754637041278
    ],
    "ep_idx": 0,
    "finger_pos": [
        0.005259755367966162,
        -0.06464467434584202
    ],
    "id": 4967223527871613259,
    "observation": [
        -2.786761999130249,
        2.59430193901062,
        0.002786842407658696,
        0.17486967146396637,
        -0.12656792998313904,
        0.5097319483757019
    ],
    "qpos": [
        -2.786762073698823,
        2.5943020085341133
    ],
    "qvel": [
        -0.1265679348709603,
        0.5097319722038527
    ],
    "render_time": 0.002032756805419922,
    "reward": 0.0,
    "score": 0.0,
    "step_idx": 167,
    "success": null,
    "target_pos": [
        0.008046597766300538,
        0.11022499038929386
    ],
    "terminated": false,
    "truncated": false
}