{
    "action": [
        -0.14929284542736942,
        0.4615063016598331
    ],
    "ep_idx": 0,
    "finger_pos": [
        0.003580180031217489,
        -0.06264819446860775
    ],
    "id": 4967223527871613259,
    "observation": [
        -2.8199727535247803,
        2.6125235557556152,
        0.004466417711228132,
        0.17287318408489227,
        -1.0164363384246826,
        0.4500952959060669
    ],
    "qpos": [
        -2.8199728108790763,
        2.6125235446572876
    ],
    "qvel": [
        -1.0164363053221128,
        0.45009529596526016
    ],
    "render_time": 0.002045154571533203,
    "reward": 0.0,
    "score": 0.0,
    "step_idx": 168,
    "success": null,
    "target_pos": [
        0.008046597766300538,
        0.11022499038929386
    ],
    "terminated": false,
    "truncated": false
}