{
    "action": [
        0.4519282315770936,
        -0.05764305897971522
    ],
    "ep_idx": 0,
    "finger_pos": [
        0.003103129111312955,
        -0.05499865009809279
    ],
    "id": 4967223527871613259,
    "observation": [
        -2.85364031791687,
        2.678412437438965,
        0.0049434686079621315,
        0.1652236431837082,
        -0.8066605925559998,
        1.8787238597869873
    ],
    "qpos": [
        -2.853640345829606,
        2.678412350897039
    ],
    "qvel": [
        -0.8066606074642189,
        1.8787238965324082
    ],
    "render_time": 0.002040386199951172,
    "reward": 0.0,
    "score": 0.0,
    "step_idx": 169,
    "success": null,
    "target_pos": [
        0.008046597766300538,
        0.11022499038929386
    ],
    "terminated": false,
    "truncated": false
}