{
    "action": [
        -0.06640814919754523,
        -0.7465535888815047
    ],
    "ep_idx": 0,
    "finger_pos": [
        0.004249035689120176,
        -0.05199134556351952
    ],
    "id": 4967223527871613259,
    "observation": [
        -2.8409464359283447,
        2.7033894062042236,
        0.0037975620944052935,
        0.16221633553504944,
        0.627505362033844,
        0.3711496591567993
    ],
    "qpos": [
        -2.8409463881611847,
        2.703389323328039
    ],
    "qvel": [
        0.6275053912909256,
        0.37114965767335906
    ],
    "render_time": 0.002053976058959961,
    "reward": 0.0,
    "score": 0.0,
    "step_idx": 170,
    "success": null,
    "target_pos": [
        0.008046597766300538,
        0.11022499038929386
    ],
    "terminated": false,
    "truncated": false
}