{
    "action": [
        0.6732543592895279,
        0.5356209206925293
    ],
    "ep_idx": 0,
    "finger_pos": [
        0.0023337486882698266,
        -0.06294766139344497
    ],
    "id": 4967223527871613259,
    "observation": [
        -2.8389623165130615,
        2.6104469299316406,
        0.005712849088013172,
        0.17317265272140503,
        -0.05699515715241432,
        -2.8321454524993896
    ],
    "qpos": [
        -2.838962307126575,
        2.610446876494099
    ],
    "qvel": [
        -0.05699515786110146,
        -2.8321455491437932
    ],
    "render_time": 0.002059459686279297,
    "reward": 0.0,
    "score": 0.0,
    "step_idx": 171,
    "success": null,
    "target_pos": [
        0.008046597766300538,
        0.11022499038929386
    ],
    "terminated": false,
    "truncated": false
}