{
    "action": [
        -0.5333362336902272,
        0.9780239011935892
    ],
    "ep_idx": 0,
    "finger_pos": [
        0.00674721498797741,
        -0.058699233698411
    ],
    "id": 4967223527871613259,
    "observation": [
        -2.7784013748168945,
        2.644096851348877,
        0.0012993827695026994,
        0.1689242273569107,
        1.8771930932998657,
        1.5315474271774292
    ],
    "qpos": [
        -2.778401475719795,
        2.644096848112646
    ],
    "qvel": [
        1.877193122328119,
        1.5315473960296722
    ],
    "render_time": 0.0020294189453125,
    "reward": 0.0,
    "score": 0.0,
    "step_idx": 172,
    "success": null,
    "target_pos": [
        0.008046597766300538,
        0.11022499038929386
    ],
    "terminated": false,
    "truncated": false
}