{
    "action": [
        0.3503339810490127,
        0.283377935699453
    ],
    "ep_idx": 0,
    "finger_pos": [
        0.008289563118241625,
        -0.04196909142230578
    ],
    "id": 4967223527871613259,
    "observation": [
        -2.7673795223236084,
        2.7831780910491943,
        -0.00024296535411849618,
        0.152194082736969,
        -0.1638711541891098,
        3.8736796379089355
    ],
    "qpos": [
        -2.7673794428114182,
        2.7831779739118563
    ],
    "qvel": [
        -0.16387115630813986,
        3.8736797559362603
    ],
    "render_time": 0.002059459686279297,
    "reward": 0.0,
    "score": 0.0,
    "step_idx": 173,
    "success": null,
    "target_pos": [
        0.008046597766300538,
        0.11022499038929386
    ],
    "terminated": false,
    "truncated": false
}