{
    "action": [
        0.7959610381630913,
        0.44604567459206756
    ],
    "ep_idx": 0,
    "finger_pos": [
        0.008394596118318484,
        -0.03239750765495154
    ],
    "id": 4967223527871613259,
    "observation": [
        -2.748152732849121,
        2.861785650253296,
        -0.0003479983424767852,
        0.14262250065803528,
        0.6278786659240723,
        1.23419189453125
    ],
    "qpos": [
        -2.7481526708070576,
        2.8617856599612073
    ],
    "qvel": [
        0.6278786709608597,
        1.2341918361684865
    ],
    "render_time": 0.002051830291748047,
    "reward": 0.0,
    "score": 0.0,
    "step_idx": 174,
    "success": null,
    "target_pos": [
        0.008046597766300538,
        0.11022499038929386
    ],
    "terminated": false,
    "truncated": false
}