{
    "action": [
        -0.2847375643367278,
        0.9271897666930944
    ],
    "ep_idx": 0,
    "finger_pos": [
        0.010677843005378745,
        -0.030750301023473477
    ],
    "id": 4967223527871613259,
    "observation": [
        -2.671325206756592,
        2.8694918155670166,
        -0.00263124518096447,
        0.14097529649734497,
        2.2678322792053223,
        -0.030217168852686882
    ],
    "qpos": [
        -2.6713252053819576,
        2.8694918718346094
    ],
    "qvel": [
        2.267832342215378,
        -0.030217169131509347
    ],
    "render_time": 0.0020651817321777344,
    "reward": 0.0,
    "score": 0.0,
    "step_idx": 175,
    "success": null,
    "target_pos": [
        0.008046597766300538,
        0.11022499038929386
    ],
    "terminated": false,
    "truncated": false
}