{
    "action": [
        -0.5663964088162261,
        0.033678115239751616
    ],
    "ep_idx": 0,
    "finger_pos": [
        0.011544771995165126,
        -0.030248339899997836
    ],
    "id": 4967223527871613259,
    "observation": [
        -2.6416754722595215,
        2.870962619781494,
        -0.003498174250125885,
        0.14047333598136902,
        0.3472844958305359,
        0.044179875403642654
    ],
    "qpos": [
        -2.6416753659911083,
        2.870962580947415
    ],
    "qvel": [
        0.3472844957208949,
        0.044179873614928505
    ],
    "render_time": 0.0020503997802734375,
    "reward": 0.0,
    "score": 0.0,
    "step_idx": 176,
    "success": null,
    "target_pos": [
        0.008046597766300538,
        0.11022499038929386
    ],
    "terminated": false,
    "truncated": false
}