{
    "action": [
        -0.2063528534369241,
        0.11154469912462384
    ],
    "ep_idx": 0,
    "finger_pos": [
        0.010653987265556969,
        -0.0326124216266149
    ],
    "id": 4967223527871613259,
    "observation": [
        -2.682393789291382,
        2.8547050952911377,
        -0.002607389586046338,
        0.14283740520477295,
        -1.3591318130493164,
        -0.48988422751426697
    ],
    "qpos": [
        -2.682393773460684,
        2.8547051360702635
    ],
    "qvel": [
        -1.3591318704191078,
        -0.48988422528945946
    ],
    "render_time": 0.0020360946655273438,
    "reward": 0.0,
    "score": 0.0,
    "step_idx": 177,
    "success": null,
    "target_pos": [
        0.008046597766300538,
        0.11022499038929386
    ],
    "terminated": false,
    "truncated": false
}