{
    "action": [
        0.04677840827960189,
        0.41174890554528165
    ],
    "ep_idx": 0,
    "finger_pos": [
        0.009325239573183208,
        -0.03550229445221964
    ],
    "id": 4967223527871613259,
    "observation": [
        -2.73118257522583,
        2.8344991207122803,
        -0.0012786417501047254,
        0.14572729170322418,
        -1.1808334589004517,
        -0.48620277643203735
    ],
    "qpos": [
        -2.731182467936263,
        2.8344992068164725
    ],
    "qvel": [
        -1.1808334664525122,
        -0.48620278693176794
    ],
    "render_time": 0.002062559127807617,
    "reward": 0.0,
    "score": 0.0,
    "step_idx": 178,
    "success": null,
    "target_pos": [
        0.008046597766300538,
        0.11022499038929386
    ],
    "terminated": false,
    "truncated": false
}