{
    "action": [
        -0.7242492231434088,
        0.9236223936912105
    ],
    "ep_idx": 0,
    "finger_pos": [
        0.008600192236293505,
        -0.03684819647806724
    ],
    "id": 4967223527871613259,
    "observation": [
        -2.753981113433838,
        2.824950695037842,
        -0.0005535944947041571,
        0.1470731794834137,
        -0.41578617691993713,
        -0.1738521009683609
    ],
    "qpos": [
        -2.753981014205957,
        2.8249505868986837
    ],
    "qvel": [
        -0.41578618235777687,
        -0.17385210319242914
    ],
    "render_time": 0.0020520687103271484,
    "reward": 0.0,
    "score": 0.0,
    "step_idx": 179,
    "success": null,
    "target_pos": [
        0.008046597766300538,
        0.11022499038929386
    ],
    "terminated": false,
    "truncated": false
}