{
    "action": [
        0.07968800914145469,
        0.04681337808273334
    ],
    "ep_idx": 0,
    "finger_pos": [
        0.006075429176030919,
        -0.03614401077425794
    ],
    "id": 4967223527871613259,
    "observation": [
        -2.821747303009033,
        2.8349673748016357,
        0.001971168676391244,
        0.14636899530887604,
        -2.0328285694122314,
        0.3237398564815521
    ],
    "qpos": [
        -2.821747255413342,
        2.834967354036902
    ],
    "qvel": [
        -2.0328284852425793,
        0.3237398420886859
    ],
    "render_time": 0.0020551681518554688,
    "reward": 0.0,
    "score": 0.0,
    "step_idx": 180,
    "success": null,
    "target_pos": [
        0.008046597766300538,
        0.11022499038929386
    ],
    "terminated": false,
    "truncated": false
}