{
    "action": [
        -0.866070800287752,
        0.27066500969556984
    ],
    "ep_idx": 0,
    "finger_pos": [
        0.004484438767131116,
        -0.037124548618099495
    ],
    "id": 4967223527871613259,
    "observation": [
        -2.8649332523345947,
        2.828697681427002,
        0.0035621589049696922,
        0.1473495364189148,
        -0.8241970539093018,
        -0.24680382013320923
    ],
    "qpos": [
        -2.864933166591192,
        2.8286976934603447
    ],
    "qvel": [
        -0.8241970388803651,
        -0.24680381643410057
    ],
    "render_time": 0.0020606517791748047,
    "reward": 0.0,
    "score": 0.0,
    "step_idx": 181,
    "success": null,
    "target_pos": [
        0.008046597766300538,
        0.11022499038929386
    ],
    "terminated": false,
    "truncated": false
}