{
    "action": [
        -0.0690665209665946,
        0.019230463545525822
    ],
    "ep_idx": 0,
    "finger_pos": [
        0.0010433322086928626,
        -0.03799459668172414
    ],
    "id": 4967223527871613259,
    "observation": [
        -2.95509934425354,
        2.823512554168701,
        0.007003265433013439,
        0.14821958541870117,
        -2.624206304550171,
        -0.10571286827325821
    ],
    "qpos": [
        -2.955099435480781,
        2.8235124501507505
    ],
    "qvel": [
        -2.6242062737759375,
        -0.1057128674573327
    ],
    "render_time": 0.0020647048950195312,
    "reward": 0.0,
    "score": 0.0,
    "step_idx": 182,
    "success": null,
    "target_pos": [
        0.008046597766300538,
        0.11022499038929386
    ],
    "terminated": false,
    "truncated": false
}