{
    "action": [
        -0.6827727646828641,
        -0.12066779233190505
    ],
    "ep_idx": 0,
    "finger_pos": [
        -0.0017841362296330682,
        -0.03916056230320727
    ],
    "id": 4967223527871613259,
    "observation": [
        -3.0230472087860107,
        2.813445806503296,
        0.009830733761191368,
        0.14938555657863617,
        -1.4558438062667847,
        -0.26718398928642273
    ],
    "qpos": [
        -3.0230472665555745,
        2.8134458152473054
    ],
    "qvel": [
        -1.4558437581344559,
        -0.2671839746711589
    ],
    "render_time": 0.0020666122436523438,
    "reward": 0.0,
    "score": 0.0,
    "step_idx": 183,
    "success": null,
    "target_pos": [
        0.008046597766300538,
        0.11022499038929386
    ],
    "terminated": false,
    "truncated": false
}