{
    "action": [
        -0.05738358714918279,
        -0.6559554915996562
    ],
    "ep_idx": 0,
    "finger_pos": [
        -0.00627067815070928,
        -0.041667537734968056
    ],
    "id": 4967223527871613259,
    "observation": [
        -3.1144802570343018,
        2.788623571395874,
        0.014317275956273079,
        0.1518925279378891,
        -2.4903225898742676,
        -0.6776129007339478
    ],
    "qpos": [
        -3.1144803541485846,
        2.788623672930986
    ],
    "qvel": [
        -2.4903225507919835,
        -0.6776129085998369
    ],
    "render_time": 0.002060413360595703,
    "reward": 0.0,
    "score": 0.0,
    "step_idx": 184,
    "success": null,
    "target_pos": [
        0.008046597766300538,
        0.11022499038929386
    ],
    "terminated": false,
    "truncated": false
}