{
    "action": [
        0.4056741206217773,
        -0.06782511726504703
    ],
    "ep_idx": 0,
    "finger_pos": [
        -0.01372555669009097,
        -0.050972290297886885
    ],
    "id": 4967223527871613259,
    "observation": [
        -3.182865619659424,
        2.6980669498443604,
        0.021772153675556183,
        0.16119727492332458,
        -1.4743144512176514,
        -2.576965808868408
    ],
    "qpos": [
        -3.1828655970258244,
        2.6980668432942556
    ],
    "qvel": [
        -1.474314428301855,
        -2.576965757515712
    ],
    "render_time": 0.002059459686279297,
    "reward": 0.0,
    "score": 0.0,
    "step_idx": 185,
    "success": null,
    "target_pos": [
        0.008046597766300538,
        0.11022499038929386
    ],
    "terminated": false,
    "truncated": false
}