{
    "action": [
        0.6336011273486657,
        -0.9260163027697688
    ],
    "ep_idx": 0,
    "finger_pos": [
        -0.015795415727398177,
        -0.05510015248083569
    ],
    "id": 4967223527871613259,
    "observation": [
        -3.1796112060546875,
        2.659268617630005,
        0.023842014372348785,
        0.16532514989376068,
        0.4452682435512543,
        -0.681513786315918
    ],
    "qpos": [
        -3.1796112672803574,
        2.6592687025648325
    ],
    "qvel": [
        0.44526823416111094,
        -0.6815137825705183
    ],
    "render_time": 0.002073049545288086,
    "reward": 0.0,
    "score": 0.0,
    "step_idx": 186,
    "success": null,
    "target_pos": [
        0.008046597766300538,
        0.11022499038929386
    ],
    "terminated": false,
    "truncated": false
}