{
    "action": [
        -0.7857988001412264,
        0.8908973267583062
    ],
    "ep_idx": 0,
    "finger_pos": [
        -0.020338719709617425,
        -0.0687680660272798
    ],
    "id": 4967223527871613259,
    "observation": [
        -3.1257152557373047,
        2.5347166061401367,
        0.02838531695306301,
        0.17899306118488312,
        1.6134941577911377,
        -3.6013755798339844
    ],
    "qpos": [
        -3.125715374372877,
        2.534716675608576
    ],
    "qvel": [
        1.613494124736802,
        -3.601375684827346
    ],
    "render_time": 0.00208282470703125,
    "reward": 0.0,
    "score": 0.0,
    "step_idx": 187,
    "success": null,
    "target_pos": [
        0.008046597766300538,
        0.11022499038929386
    ],
    "terminated": false,
    "truncated": false
}