{
    "action": [
        0.7023351627777175,
        -0.1336861240134386
    ],
    "ep_idx": 0,
    "finger_pos": [
        -0.01737707457824028,
        -0.06295992449941903
    ],
    "id": 4967223527871613259,
    "observation": [
        -3.13527250289917,
        2.5903568267822266,
        0.025423672050237656,
        0.17318491637706757,
        -0.7701889276504517,
        2.3825840950012207
    ],
    "qpos": [
        -3.135272439656194,
        2.590356898447253
    ],
    "qvel": [
        -0.7701889466895593,
        2.3825841229321383
    ],
    "render_time": 0.0027201175689697266,
    "reward": 0.0,
    "score": 0.0,
    "step_idx": 188,
    "success": null,
    "target_pos": [
        0.008046597766300538,
        0.11022499038929386
    ],
    "terminated": false,
    "truncated": false
}