{
    "action": [
        -0.20324571720609907,
        0.6718063995864956
    ],
    "ep_idx": 0,
    "finger_pos": [
        -0.014069157372395169,
        -0.06104912822555586
    ],
    "id": 4967223527871613259,
    "observation": [
        -3.1039962768554688,
        2.613396167755127,
        0.022115755826234818,
        0.1712741255760193,
        1.2092258930206299,
        0.21438251435756683
    ],
    "qpos": [
        -3.1039962009835245,
        2.6133962736617264
    ],
    "qvel": [
        1.2092259500127747,
        0.2143825171932109
    ],
    "render_time": 0.002057313919067383,
    "reward": 0.0,
    "score": 0.0,
    "step_idx": 189,
    "success": null,
    "target_pos": [
        0.008046597766300538,
        0.11022499038929386
    ],
    "terminated": false,
    "truncated": false
}