{
    "action": [
        0.34683199864109593,
        0.9154049305504273
    ],
    "ep_idx": 0,
    "finger_pos": [
        -0.008632346339478583,
        -0.05196733868905182
    ],
    "id": 4967223527871613259,
    "observation": [
        -3.0849010944366455,
        2.698993682861328,
        0.01667894423007965,
        0.16219232976436615,
        0.27153900265693665,
        2.522610664367676
    ],
    "qpos": [
        -3.0849011472716037,
        2.698993690402418
    ],
    "qvel": [
        0.27153900995667163,
        2.5226107614575195
    ],
    "render_time": 0.0020780563354492188,
    "reward": 0.0,
    "score": 0.0,
    "step_idx": 190,
    "success": null,
    "target_pos": [
        0.008046597766300538,
        0.11022499038929386
    ],
    "terminated": false,
    "truncated": false
}