{
    "action": [
        -0.08384903326186954,
        0.6383588471881854
    ],
    "ep_idx": 0,
    "finger_pos": [
        -0.0015443099469114319,
        -0.03409797894083599
    ],
    "id": 4967223527871613259,
    "observation": [
        -3.0441477298736572,
        2.8561837673187256,
        0.009590907953679562,
        0.1443229764699936,
        1.2110729217529297,
        4.196119785308838
    ],
    "qpos": [
        -3.044147681140757,
        2.8561838341183763
    ],
    "qvel": [
        1.2110729317926645,
        4.196119973842137
    ],
    "render_time": 0.0020515918731689453,
    "reward": 0.0,
    "score": 0.0,
    "step_idx": 191,
    "success": null,
    "target_pos": [
        0.008046597766300538,
        0.11022499038929386
    ],
    "terminated": false,
    "truncated": false
}