{
    "action": [
        0.8523419547938849,
        -0.9520882171345715
    ],
    "ep_idx": 0,
    "finger_pos": [
        -0.00010260306454655532,
        -0.027266156083742627
    ],
    "id": 4967223527871613259,
    "observation": [
        -3.0315001010894775,
        2.913881540298462,
        0.008149201050400734,
        0.1374911516904831,
        0.09813571721315384,
        0.8017794489860535
    ],
    "qpos": [
        -3.0315000392317075,
        2.91388142231291
    ],
    "qvel": [
        0.09813571735755722,
        0.8017794526523168
    ],
    "render_time": 0.002094268798828125,
    "reward": 0.0,
    "score": 0.0,
    "step_idx": 192,
    "success": null,
    "target_pos": [
        0.008046597766300538,
        0.11022499038929386
    ],
    "terminated": false,
    "truncated": false
}