{
    "action": [
        -0.6137590126860322,
        -0.9231335875140692
    ],
    "ep_idx": 0,
    "finger_pos": [
        0.00019921460429506155,
        -0.03929576097452541
    ],
    "id": 4967223527871613259,
    "observation": [
        -2.972048044204712,
        2.8126425743103027,
        0.007847383618354797,
        0.14952075481414795,
        1.9007242918014526,
        -3.1974494457244873
    ],
    "qpos": [
        -2.97204807357205,
        2.8126426481453275
    ],
    "qvel": [
        1.900724274887852,
        -3.197449497368207
    ],
    "render_time": 0.002084016799926758,
    "reward": 0.0,
    "score": 0.0,
    "step_idx": 193,
    "success": null,
    "target_pos": [
        0.008046597766300538,
        0.11022499038929386
    ],
    "terminated": false,
    "truncated": false
}