{
    "action": [
        0.6982716252923316,
        0.6158764432271919
    ],
    "ep_idx": 0,
    "finger_pos": [
        -0.005501670154608937,
        -0.059765840631452766
    ],
    "id": 4967223527871613259,
    "observation": [
        -2.9806277751922607,
        2.6360726356506348,
        0.013548268005251884,
        0.16999083757400513,
        -0.7004809379577637,
        -4.5889506340026855
    ],
    "qpos": [
        -2.980627705148519,
        2.636072650956215
    ],
    "qvel": [
        -0.7004809241736051,
        -4.5889504381173145
    ],
    "render_time": 0.0021009445190429688,
    "reward": 0.0,
    "score": 0.0,
    "step_idx": 194,
    "success": null,
    "target_pos": [
        0.008046597766300538,
        0.11022499038929386
    ],
    "terminated": false,
    "truncated": false
}