{
    "action": [
        0.7358939172647887,
        -0.29525947397534047
    ],
    "ep_idx": 0,
    "finger_pos": [
        -0.0015780873570408055,
        -0.05756562059351274
    ],
    "id": 4967223527871613259,
    "observation": [
        -2.9266884326934814,
        2.656970500946045,
        0.009624685160815716,
        0.16779060661792755,
        1.7846864461898804,
        1.4796345233917236
    ],
    "qpos": [
        -2.9266883869405715,
        2.656970424132577
    ],
    "qvel": [
        1.7846864055779643,
        1.4796344647937485
    ],
    "render_time": 0.002092599868774414,
    "reward": 0.0,
    "score": 0.0,
    "step_idx": 195,
    "success": null,
    "target_pos": [
        0.008046597766300538,
        0.11022499038929386
    ],
    "terminated": false,
    "truncated": false
}