{
    "action": [
        -0.33501168273495563,
        0.947312940243181
    ],
    "ep_idx": 0,
    "finger_pos": [
        0.003684095527760195,
        -0.05919827029116779
    ],
    "id": 4967223527871613259,
    "observation": [
        -2.8297154903411865,
        2.6421444416046143,
        0.004362502135336399,
        0.16942326724529266,
        2.6028852462768555,
        -0.7427191138267517
    ],
    "qpos": [
        -2.8297155243263323,
        2.642144406211039
    ],
    "qvel": [
        2.6028852363206134,
        -0.7427190923862728
    ],
    "render_time": 0.0021393299102783203,
    "reward": 0.0,
    "score": 0.0,
    "step_idx": 196,
    "success": null,
    "target_pos": [
        0.008046597766300538,
        0.11022499038929386
    ],
    "terminated": false,
    "truncated": false
}