{
    "action": [
        0.015337714048680562,
        -0.8619866192055665
    ],
    "ep_idx": 0,
    "finger_pos": [
        0.007521404257087097,
        -0.04674329850702644
    ],
    "id": 4967223527871613259,
    "observation": [
        -2.783480167388916,
        2.7444498538970947,
        0.0005251935217529535,
        0.15696829557418823,
        0.756337583065033,
        3.2238781452178955
    ],
    "qpos": [
        -2.7834800816751777,
        2.744449854271471
    ],
    "qvel": [
        0.7563375989236761,
        3.223878180939079
    ],
    "render_time": 0.002173185348510742,
    "reward": 0.0,
    "score": 0.0,
    "step_idx": 197,
    "success": null,
    "target_pos": [
        0.008046597766300538,
        0.11022499038929386
    ],
    "terminated": false,
    "truncated": false
}