{
    "action": [
        -0.7657137808466354,
        -0.12484323416366272
    ],
    "ep_idx": 0,
    "finger_pos": [
        0.007190144880452595,
        -0.054745275639859425
    ],
    "id": 4967223527871613259,
    "observation": [
        -2.778858184814453,
        2.677305221557617,
        0.0008564529125578701,
        0.164970263838768,
        0.007591599598526955,
        -2.613642692565918
    ],
    "qpos": [
        -2.7788582008525125,
        2.6773051862498813
    ],
    "qvel": [
        0.007591599647447628,
        -2.613642603991515
    ],
    "render_time": 0.0020933151245117188,
    "reward": 0.0,
    "score": 0.0,
    "step_idx": 198,
    "success": null,
    "target_pos": [
        0.008046597766300538,
        0.11022499038929386
    ],
    "terminated": false,
    "truncated": false
}