{
    "action": [
        -0.13241581708236527,
        -0.9039973094416387
    ],
    "ep_idx": 0,
    "finger_pos": [
        0.002791972732210088,
        -0.062156738355840915
    ],
    "id": 4967223527871613259,
    "observation": [
        -2.8344614505767822,
        2.6171066761016846,
        0.005254624877125025,
        0.17238172888755798,
        -1.765339732170105,
        -1.2719582319259644
    ],
    "qpos": [
        -2.8344615283938124,
        2.617106583039786
    ],
    "qvel": [
        -1.7653396784872077,
        -1.2719582731067716
    ],
    "render_time": 0.0020813941955566406,
    "reward": 0.0,
    "score": 0.0,
    "step_idx": 199,
    "success": null,
    "target_pos": [
        0.008046597766300538,
        0.11022499038929386
    ],
    "terminated": false,
    "truncated": false
}