{
    "action": [
        null,
        null
    ],
    "ep_idx": 0,
    "finger_pos": [
        -0.00605032976369034,
        -0.07731539917673222
    ],
    "id": 4967223527871613259,
    "observation": [
        -2.890650987625122,
        2.4835174083709717,
        0.01409692782908678,
        0.18754038214683533,
        -1.2675249576568604,
        -3.7420029640197754
    ],
    "qpos": [
        -2.890651089688861,
        2.483517498613153
    ],
    "qvel": [
        -1.2675249802367525,
        -3.7420030411770435
    ],
    "render_time": 0.0020956993103027344,
    "reward": 0.0,
    "score": 0.0,
    "step_idx": 200,
    "success": null,
    "target_pos": [
        0.008046597766300538,
        0.11022499038929386
    ],
    "terminated": false,
    "truncated": true
}