{
    "action": [
        0.8304852534925522,
        0.1794962508472835
    ],
    "ep_idx": 8,
    "finger_pos": [
        -0.00282572808270512,
        -0.1308842637601897
    ],
    "id": 1663319197088924983,
    "observation": [
        -2.586219310760498,
        1.9876735210418701,
        0.14314962923526764,
        0.15705184638500214,
        0.0,
        0.0
    ],
    "qpos": [
        -2.586219272949161,
        1.9876735644291208
    ],
    "qvel": [
        0.0,
        0.0
    ],
    "render_time": 0.03563833236694336,
    "reward": null,
    "score": 0.0,
    "step_idx": 0,
    "success": null,
    "target_pos": [
        0.14032389871151574,
        0.026167577231707394
    ],
    "terminated": false,
    "truncated": false
}