{
    "action": [
        -0.18285467876563444,
        -0.8219732538237905
    ],
    "ep_idx": 8,
    "finger_pos": [
        0.004334560823810757,
        -0.12932461390786887
    ],
    "id": 1663319197088924983,
    "observation": [
        -2.5386545658111572,
        2.00272536277771,
        0.13598933815956116,
        0.15549218654632568,
        1.5315029621124268,
        0.4601532220840454
    ],
    "qpos": [
        -2.538654652256064,
        2.002725376673012
    ],
    "qvel": [
        1.5315029875800548,
        0.4601532305390259
    ],
    "render_time": 0.0018422603607177734,
    "reward": 0.0,
    "score": 0.0,
    "step_idx": 1,
    "success": null,
    "target_pos": [
        0.14032389871151574,
        0.026167577231707394
    ],
    "terminated": false,
    "truncated": false
}