{
    "action": [
        -0.7888291933166709,
        0.22087379761030124
    ],
    "ep_idx": 8,
    "finger_pos": [
        0.0036818688217806345,
        -0.13893814863045448
    ],
    "id": 1663319197088924983,
    "observation": [
        -2.497459650039673,
        1.9063141345977783,
        0.13664202392101288,
        0.16510573029518127,
        0.8552339673042297,
        -2.961339235305786
    ],
    "qpos": [
        -2.4974595382042235,
        1.9063141350231907
    ],
    "qvel": [
        0.8552339674243361,
        -2.9613392326686334
    ],
    "render_time": 0.0018172264099121094,
    "reward": 0.0,
    "score": 0.0,
    "step_idx": 2,
    "success": null,
    "target_pos": [
        0.14032389871151574,
        0.026167577231707394
    ],
    "terminated": false,
    "truncated": false
}