{
    "action": [
        -0.004556085228912821,
        0.3136677203399396
    ],
    "ep_idx": 8,
    "finger_pos": [
        -0.00053933336753062,
        -0.1391386905393909
    ],
    "id": 1663319197088924983,
    "observation": [
        -2.527048349380493,
        1.9047516584396362,
        0.14086322486400604,
        0.16530627012252808,
        -1.1540312767028809,
        0.5017306208610535
    ],
    "qpos": [
        -2.5270483823701713,
        1.9047516928364725
    ],
    "qvel": [
        -1.1540313235911843,
        0.5017306265740191
    ],
    "render_time": 0.0018169879913330078,
    "reward": 0.0,
    "score": 0.0,
    "step_idx": 3,
    "success": null,
    "target_pos": [
        0.14032389871151574,
        0.026167577231707394
    ],
    "terminated": false,
    "truncated": false
}