{
    "action": [
        0.8826228116010753,
        0.00326428213986496
    ],
    "ep_idx": 8,
    "finger_pos": [
        -0.002362361812387137,
        -0.13473841160058148
    ],
    "id": 1663319197088924983,
    "observation": [
        -2.5629308223724365,
        1.9492067098617554,
        0.14268626272678375,
        0.16090598702430725,
        -0.8141708374023438,
        1.2341954708099365
    ],
    "qpos": [
        -2.562930813124402,
        1.9492066654488467
    ],
    "qvel": [
        -0.8141708625603582,
        1.2341954112410556
    ],
    "render_time": 0.0017800331115722656,
    "reward": 0.0,
    "score": 0.0,
    "step_idx": 4,
    "success": null,
    "target_pos": [
        0.14032389871151574,
        0.026167577231707394
    ],
    "terminated": false,
    "truncated": false
}