{
    "action": [
        -0.07092869472134788,
        0.8815851230684313
    ],
    "ep_idx": 8,
    "finger_pos": [
        0.0022321844913091443,
        -0.13410717410999112
    ],
    "id": 1663319197088924983,
    "observation": [
        -2.531942129135132,
        1.955578327178955,
        0.13809171319007874,
        0.16027474403381348,
        1.2117283344268799,
        -0.021035868674516678
    ],
    "qpos": [
        -2.5319422302545824,
        1.9555782943738298
    ],
    "qvel": [
        1.211728387369751,
        -0.021035868817101955
    ],
    "render_time": 0.0017902851104736328,
    "reward": 0.0,
    "score": 0.0,
    "step_idx": 5,
    "success": null,
    "target_pos": [
        0.14032389871151574,
        0.026167577231707394
    ],
    "terminated": false,
    "truncated": false
}