{
    "action": [
        0.6263884955097505,
        -0.5238118444129705
    ],
    "ep_idx": 8,
    "finger_pos": [
        0.011815023221478135,
        -0.12176653950488667
    ],
    "id": 1663319197088924983,
    "observation": [
        -2.509978771209717,
        2.07181978225708,
        0.12850888073444366,
        0.14793412387371063,
        0.4200083017349243,
        3.4554319381713867
    ],
    "qpos": [
        -2.5099788788952075,
        2.0718197667143246
    ],
    "qvel": [
        0.42000831048000775,
        3.4554318569574844
    ],
    "render_time": 0.001798391342163086,
    "reward": 0.0,
    "score": 0.0,
    "step_idx": 6,
    "success": null,
    "target_pos": [
        0.14032389871151574,
        0.026167577231707394
    ],
    "terminated": false,
    "truncated": false
}