{
    "action": [
        0.1243052223413672,
        -0.43096409964879356
    ],
    "ep_idx": 8,
    "finger_pos": [
        0.018281954944923517,
        -0.12334807252642976
    ],
    "id": 1663319197088924983,
    "observation": [
        -2.448107957839966,
        2.0489096641540527,
        0.12204194068908691,
        0.14951564371585846,
        1.7973569631576538,
        -1.3442996740341187
    ],
    "qpos": [
        -2.4481080620113014,
        2.0489097488528705
    ],
    "qvel": [
        1.7973569862074077,
        -1.344299731738123
    ],
    "render_time": 0.0018169879913330078,
    "reward": 0.0,
    "score": 0.0,
    "step_idx": 7,
    "success": null,
    "target_pos": [
        0.14032389871151574,
        0.026167577231707394
    ],
    "terminated": false,
    "truncated": false
}