{
    "action": [
        0.240805312994278,
        -0.6829506576377056
    ],
    "ep_idx": 8,
    "finger_pos": [
        0.022139270259799643,
        -0.1303737577446171
    ],
    "id": 1663319197088924983,
    "observation": [
        -2.3898205757141113,
        1.9744668006896973,
        0.11818462610244751,
        0.15654133260250092,
        1.3591665029525757,
        -1.9593663215637207
    ],
    "qpos": [
        -2.389820464337915,
        1.9744667432378822
    ],
    "qvel": [
        1.359166472626798,
        -1.9593662692868838
    ],
    "render_time": 0.0017876625061035156,
    "reward": 0.0,
    "score": 0.0,
    "step_idx": 8,
    "success": null,
    "target_pos": [
        0.14032389871151574,
        0.026167577231707394
    ],
    "terminated": false,
    "truncated": false
}