{
    "action": [
        0.7864461216956911,
        0.3778477416208068
    ],
    "ep_idx": 8,
    "finger_pos": [
        0.02361926073764141,
        -0.14176713020760562
    ],
    "id": 1663319197088924983,
    "observation": [
        -2.3344531059265137,
        1.8574928045272827,
        0.11670463532209396,
        0.16793470084667206,
        1.383631706237793,
        -3.1111483573913574
    ],
    "qpos": [
        -2.3344530492077356,
        1.857492830124947
    ],
    "qvel": [
        1.3836317465393184,
        -3.1111482651390183
    ],
    "render_time": 0.0018007755279541016,
    "reward": 0.0,
    "score": 0.0,
    "step_idx": 9,
    "success": null,
    "target_pos": [
        0.14032389871151574,
        0.026167577231707394
    ],
    "terminated": false,
    "truncated": false
}