{
    "action": [
        0.15738508710960764,
        -0.9207575231223741
    ],
    "ep_idx": 8,
    "finger_pos": [
        0.03352358155105553,
        -0.13993992505785507
    ],
    "id": 1663319197088924983,
    "observation": [
        -2.2634897232055664,
        1.8556389808654785,
        0.10680031776428223,
        0.16610750555992126,
        1.9298783540725708,
        0.5384283661842346
    ],
    "qpos": [
        -2.26348981968208,
        1.8556390215579015
    ],
    "qvel": [
        1.9298783888801234,
        0.538428394155577
    ],
    "render_time": 0.0018284320831298828,
    "reward": 0.0,
    "score": 0.0,
    "step_idx": 10,
    "success": null,
    "target_pos": [
        0.14032389871151574,
        0.026167577231707394
    ],
    "terminated": false,
    "truncated": false
}