{
    "action": [
        0.11450471173983368,
        -0.19081093114545933
    ],
    "ep_idx": 8,
    "finger_pos": [
        0.03931216718427542,
        -0.14939956810199487
    ],
    "id": 1663319197088924983,
    "observation": [
        -2.1849827766418457,
        1.742976427078247,
        0.1010117307305336,
        0.1755671501159668,
        1.909560203552246,
        -3.450449228286743
    ],
    "qpos": [
        -2.184982802314622,
        1.7429764530367367
    ],
    "qvel": [
        1.9095602567656684,
        -3.4504491774504515
    ],
    "render_time": 0.0018231868743896484,
    "reward": 0.0,
    "score": 0.0,
    "step_idx": 11,
    "success": null,
    "target_pos": [
        0.14032389871151574,
        0.026167577231707394
    ],
    "terminated": false,
    "truncated": false
}