{
    "action": [
        0.5377802494117212,
        0.8526462013470169
    ],
    "ep_idx": 8,
    "finger_pos": [
        0.04385524723303402,
        -0.15467618762123067
    ],
    "id": 1663319197088924983,
    "observation": [
        -2.131256103515625,
        1.6734764575958252,
        0.09646864980459213,
        0.1808437705039978,
        1.2127572298049927,
        -1.4174691438674927
    ],
    "qpos": [
        -2.1312560481209877,
        1.673476462562874
    ],
    "qvel": [
        1.2127572482520625,
        -1.417469164238272
    ],
    "render_time": 0.0018160343170166016,
    "reward": 0.0,
    "score": 0.0,
    "step_idx": 12,
    "success": null,
    "target_pos": [
        0.14032389871151574,
        0.026167577231707394
    ],
    "terminated": false,
    "truncated": false
}