{
    "action": [
        0.49025361632272557,
        -0.5609082151066198
    ],
    "ep_idx": 8,
    "finger_pos": [
        0.05454257937623093,
        -0.142648279025548
    ],
    "id": 1663319197088924983,
    "observation": [
        -2.08665132522583,
        1.762120246887207,
        0.08578132092952728,
        0.16881585121154785,
        1.1871157884597778,
        2.8770699501037598
    ],
    "qpos": [
        -2.086651414440927,
        1.762120295993306
    ],
    "qvel": [
        1.1871158430409465,
        2.8770698963597043
    ],
    "render_time": 0.0017888545989990234,
    "reward": 0.0,
    "score": 0.0,
    "step_idx": 13,
    "success": null,
    "target_pos": [
        0.14032389871151574,
        0.026167577231707394
    ],
    "terminated": false,
    "truncated": false
}