{
    "action": [
        -0.532652299518998,
        0.2539008532449054
    ],
    "ep_idx": 8,
    "finger_pos": [
        0.06473049204452247,
        -0.14250003819706628
    ],
    "id": 1663319197088924983,
    "observation": [
        -2.0048108100891113,
        1.720792293548584,
        0.07559340447187424,
        0.16866761445999146,
        2.1858434677124023,
        -1.7476952075958252
    ],
    "qpos": [
        -2.0048107301727813,
        1.7207922637513156
    ],
    "qvel": [
        2.185843423918488,
        -1.747695180358502
    ],
    "render_time": 0.0018069744110107422,
    "reward": 0.0,
    "score": 0.0,
    "step_idx": 14,
    "success": null,
    "target_pos": [
        0.14032389871151574,
        0.026167577231707394
    ],
    "terminated": false,
    "truncated": false
}