{
    "action": [
        0.7211933863878286,
        -0.1027619715914625
    ],
    "ep_idx": 8,
    "finger_pos": [
        0.06897173933062105,
        -0.13803287977500217
    ],
    "id": 1663319197088924983,
    "observation": [
        -1.9798742532730103,
        1.744932770729065,
        0.07135216146707535,
        0.16420045495033264,
        0.23097479343414307,
        1.0240366458892822
    ],
    "qpos": [
        -1.9798742322043037,
        1.7449328178314791
    ],
    "qvel": [
        0.23097479379875774,
        1.0240366195690427
    ],
    "render_time": 0.0017895698547363281,
    "reward": 0.0,
    "score": 0.0,
    "step_idx": 15,
    "success": null,
    "target_pos": [
        0.14032389871151574,
        0.026167577231707394
    ],
    "terminated": false,
    "truncated": false
}