{
    "action": [
        0.40383855943797964,
        -0.6215477612634672
    ],
    "ep_idx": 8,
    "finger_pos": [
        0.0756609920394352,
        -0.13563256258726525
    ],
    "id": 1663319197088924983,
    "observation": [
        -1.9289517402648926,
        1.7339928150177002,
        0.06466290354728699,
        0.16180014610290527,
        1.542931079864502,
        -0.49841201305389404
    ],
    "qpos": [
        -1.928951791557335,
        1.7339927613776558
    ],
    "qvel": [
        1.5429310417029807,
        -0.4984120100120362
    ],
    "render_time": 0.0018186569213867188,
    "reward": 0.0,
    "score": 0.0,
    "step_idx": 16,
    "success": null,
    "target_pos": [
        0.14032389871151574,
        0.026167577231707394
    ],
    "terminated": false,
    "truncated": false
}