{
    "action": [
        -0.8779284068501441,
        -0.9107290075102472
    ],
    "ep_idx": 8,
    "finger_pos": [
        0.08378671785756661,
        -0.14052396814717924
    ],
    "id": 1663319197088924983,
    "observation": [
        -1.8538615703582764,
        1.641438364982605,
        0.05653718113899231,
        0.16669154167175293,
        1.9341984987258911,
        -2.6506259441375732
    ],
    "qpos": [
        -1.8538616118162314,
        1.6414384096724692
    ],
    "qvel": [
        1.9341985209924482,
        -2.6506259531137526
    ],
    "render_time": 0.0017900466918945312,
    "reward": 0.0,
    "score": 0.0,
    "step_idx": 17,
    "success": null,
    "target_pos": [
        0.14032389871151574,
        0.026167577231707394
    ],
    "terminated": false,
    "truncated": false
}