{
    "action": [
        0.7704453669090954,
        0.7938319643024474
    ],
    "ep_idx": 8,
    "finger_pos": [
        0.08227319370536573,
        -0.15454182745187797
    ],
    "id": 1663319197088924983,
    "observation": [
        -1.8348127603530884,
        1.5064444541931152,
        0.05805070325732231,
        0.18070940673351288,
        0.05992317199707031,
        -3.5210673809051514
    ],
    "qpos": [
        -1.8348127359858921,
        1.5064444611976162
    ],
    "qvel": [
        0.05992317205733666,
        -3.52106730258961
    ],
    "render_time": 0.0018086433410644531,
    "reward": 0.0,
    "score": 0.0,
    "step_idx": 18,
    "success": null,
    "target_pos": [
        0.14032389871151574,
        0.026167577231707394
    ],
    "terminated": false,
    "truncated": false
}