{
    "action": [
        -0.18483914273256885,
        0.5471444513628729
    ],
    "ep_idx": 8,
    "finger_pos": [
        0.085472054670223,
        -0.14832492322846402
    ],
    "id": 1663319197088924983,
    "observation": [
        -1.8246413469314575,
        1.5532344579696655,
        0.054851844906806946,
        0.1744924932718277,
        0.42245250940322876,
        2.0202717781066895
    ],
    "qpos": [
        -1.8246413127469026,
        1.5532344872617168
    ],
    "qvel": [
        0.42245250705483733,
        2.020271809224109
    ],
    "render_time": 0.0017881393432617188,
    "reward": 0.0,
    "score": 0.0,
    "step_idx": 19,
    "success": null,
    "target_pos": [
        0.14032389871151574,
        0.026167577231707394
    ],
    "terminated": false,
    "truncated": false
}