{
    "action": [
        0.7844402413629221,
        -0.5260711157847116
    ],
    "ep_idx": 8,
    "finger_pos": [
        0.08847364002985796,
        -0.1358707575671195
    ],
    "id": 1663319197088924983,
    "observation": [
        -1.8226628303527832,
        1.658113956451416,
        0.05185025930404663,
        0.16203834116458893,
        -0.040395237505435944,
        2.7171194553375244
    ],
    "qpos": [
        -1.8226628371516136,
        1.6581139169417878
    ],
    "qvel": [
        -0.04039523877701756,
        2.7171194946132555
    ],
    "render_time": 0.0018146038055419922,
    "reward": 0.0,
    "score": 0.0,
    "step_idx": 20,
    "success": null,
    "target_pos": [
        0.14032389871151574,
        0.026167577231707394
    ],
    "terminated": false,
    "truncated": false
}