{
    "action": [
        0.7788015932364389,
        0.32199581639463704
    ],
    "ep_idx": 8,
    "finger_pos": [
        0.09578224630614826,
        -0.1361706676393809
    ],
    "id": 1663319197088924983,
    "observation": [
        -1.7620031833648682,
        1.6084201335906982,
        0.044541653245687485,
        0.1623382419347763,
        1.8589692115783691,
        -1.9352660179138184
    ],
    "qpos": [
        -1.7620031916685899,
        1.6084201528319346
    ],
    "qvel": [
        1.858969258837,
        -1.9352659941919588
    ],
    "render_time": 0.0017981529235839844,
    "reward": 0.0,
    "score": 0.0,
    "step_idx": 21,
    "success": null,
    "target_pos": [
        0.14032389871151574,
        0.026167577231707394
    ],
    "terminated": false,
    "truncated": false
}