{
    "action": [
        0.3151299583376146,
        0.31298454029404565
    ],
    "ep_idx": 8,
    "finger_pos": [
        0.10659625702047158,
        -0.12699382757818722
    ],
    "id": 1663319197088924983,
    "observation": [
        -1.6806449890136719,
        1.6162914037704468,
        0.03372764214873314,
        0.1531614065170288,
        2.1424131393432617,
        0.5837591886520386
    ],
    "qpos": [
        -1.6806449919324382,
        1.6162913856422876
    ],
    "qvel": [
        2.1424130732271185,
        0.5837591822033953
    ],
    "render_time": 0.0018053054809570312,
    "reward": 0.0,
    "score": 0.0,
    "step_idx": 22,
    "success": null,
    "target_pos": [
        0.14032389871151574,
        0.026167577231707394
    ],
    "terminated": false,
    "truncated": false
}