{
    "action": [
        0.10496621034783771,
        -0.946761309508312
    ],
    "ep_idx": 8,
    "finger_pos": [
        0.11590476382096579,
        -0.11255502913822368
    ],
    "id": 1663319197088924983,
    "observation": [
        -1.6030346155166626,
        1.664595365524292,
        0.024419134482741356,
        0.13872261345386505,
        1.9018537998199463,
        1.3169548511505127
    ],
    "qpos": [
        -1.6030346179307717,
        1.664595308658777
    ],
    "qvel": [
        1.9018537640246302,
        1.3169549090846497
    ],
    "render_time": 0.0017974376678466797,
    "reward": 0.0,
    "score": 0.0,
    "step_idx": 23,
    "success": null,
    "target_pos": [
        0.14032389871151574,
        0.026167577231707394
    ],
    "terminated": false,
    "truncated": false
}