{
    "action": [
        -0.1105009565133559,
        -0.757160439510367
    ],
    "ep_idx": 8,
    "finger_pos": [
        0.12621572150360932,
        -0.11515832480409435
    ],
    "id": 1663319197088924983,
    "observation": [
        -1.5182149410247803,
        1.5571900606155396,
        0.014108177274465561,
        0.141325905919075,
        2.0766470432281494,
        -3.412821054458618
    ],
    "qpos": [
        -1.5182149892025596,
        1.5571900692562508
    ],
    "qvel": [
        2.076646948948437,
        -3.4128211232987447
    ],
    "render_time": 0.0018110275268554688,
    "reward": 0.0,
    "score": 0.0,
    "step_idx": 24,
    "success": null,
    "target_pos": [
        0.14032389871151574,
        0.026167577231707394
    ],
    "terminated": false,
    "truncated": false
}