{
    "action": [
        -0.79071869129274,
        0.393200951936026
    ],
    "ep_idx": 8,
    "finger_pos": [
        0.1331433961881782,
        -0.12420562519536722
    ],
    "id": 1663319197088924983,
    "observation": [
        -1.4601954221725464,
        1.4190268516540527,
        0.007180502638220787,
        0.1503732055425644,
        1.2756603956222534,
        -3.4660468101501465
    ],
    "qpos": [
        -1.4601953686528526,
        1.419026810233304
    ],
    "qvel": [
        1.2756604385088262,
        -3.466046908309253
    ],
    "render_time": 0.001806020736694336,
    "reward": 0.0,
    "score": 0.0,
    "step_idx": 25,
    "success": null,
    "target_pos": [
        0.14032389871151574,
        0.026167577231707394
    ],
    "terminated": false,
    "truncated": false
}