{
    "action": [
        -0.9249534026460591,
        -0.21820219605394375
    ],
    "ep_idx": 8,
    "finger_pos": [
        0.13014704341051025,
        -0.12326378689162866
    ],
    "id": 1663319197088924983,
    "observation": [
        -1.4856597185134888,
        1.4548346996307373,
        0.010176855139434338,
        0.14943136274814606,
        -1.0640647411346436,
        1.6049484014511108
    ],
    "qpos": [
        -1.4856597669541527,
        1.454834733117777
    ],
    "qvel": [
        -1.0640647848537077,
        1.604948418518831
    ],
    "render_time": 0.0018308162689208984,
    "reward": 0.0,
    "score": 0.0,
    "step_idx": 26,
    "success": null,
    "target_pos": [
        0.14032389871151574,
        0.026167577231707394
    ],
    "terminated": false,
    "truncated": false
}