{
    "action": [
        0.20469496262590714,
        0.8128727290542979
    ],
    "ep_idx": 8,
    "finger_pos": [
        0.1218390461005212,
        -0.13092602859084704
    ],
    "id": 1663319197088924983,
    "observation": [
        -1.5512986183166504,
        1.4599312543869019,
        0.018484853208065033,
        0.1570935994386673,
        -1.8521575927734375,
        -0.15436428785324097
    ],
    "qpos": [
        -1.5512986109161135,
        1.4599312288071877
    ],
    "qvel": [
        -1.8521575789449352,
        -0.15436429305878563
    ],
    "render_time": 0.0018265247344970703,
    "reward": 0.0,
    "score": 0.0,
    "step_idx": 27,
    "success": null,
    "target_pos": [
        0.14032389871151574,
        0.026167577231707394
    ],
    "terminated": false,
    "truncated": false
}