{
    "action": [
        -0.14549153861924835,
        0.1462588565079732
    ],
    "ep_idx": 8,
    "finger_pos": [
        0.11440484983717891,
        -0.12719300479452914
    ],
    "id": 1663319197088924983,
    "observation": [
        -1.6155787706375122,
        1.5545966625213623,
        0.025919048115611076,
        0.15336057543754578,
        -1.4638373851776123,
        2.8223252296447754
    ],
    "qpos": [
        -1.6155787152233418,
        1.5545966552409385
    ],
    "qvel": [
        -1.46383739608787,
        2.822325269643656
    ],
    "render_time": 0.0018138885498046875,
    "reward": 0.0,
    "score": 0.0,
    "step_idx": 28,
    "success": null,
    "target_pos": [
        0.14032389871151574,
        0.026167577231707394
    ],
    "terminated": false,
    "truncated": false
}