{
    "action": [
        -0.17919885566156357,
        0.7152377614402772
    ],
    "ep_idx": 8,
    "finger_pos": [
        0.10938537256975514,
        -0.12572541931952505
    ],
    "id": 1663319197088924983,
    "observation": [
        -1.6580344438552856,
        1.6064969301223755,
        0.03093852661550045,
        0.1518929898738861,
        -0.9889289140701294,
        1.042824625968933
    ],
    "qpos": [
        -1.6580344058834735,
        1.6064969378576983
    ],
    "qvel": [
        -0.9889289101488785,
        1.0428246363254596
    ],
    "render_time": 0.001819610595703125,
    "reward": 0.0,
    "score": 0.0,
    "step_idx": 29,
    "success": null,
    "target_pos": [
        0.14032389871151574,
        0.026167577231707394
    ],
    "terminated": false,
    "truncated": false
}