{
    "action": [
        0.17400198961425173,
        -0.4288643847273985
    ],
    "ep_idx": 8,
    "finger_pos": [
        0.10377799033068962,
        -0.1178313336345686
    ],
    "id": 1663319197088924983,
    "observation": [
        -1.7063549757003784,
        1.715253233909607,
        0.03654590994119644,
        0.1439989060163498,
        -1.2245726585388184,
        3.011957883834839
    ],
    "qpos": [
        -1.7063549435241756,
        1.7152532728667595
    ],
    "qvel": [
        -1.2245726280150446,
        3.0119579449307397
    ],
    "render_time": 0.0018219947814941406,
    "reward": 0.0,
    "score": 0.0,
    "step_idx": 30,
    "success": null,
    "target_pos": [
        0.14032389871151574,
        0.026167577231707394
    ],
    "terminated": false,
    "truncated": false
}