{
    "action": [
        0.8363692498205186,
        -0.3335361229316196
    ],
    "ep_idx": 8,
    "finger_pos": [
        0.1026847538682897,
        -0.12167160167021525
    ],
    "id": 1663319197088924983,
    "observation": [
        -1.7152957916259766,
        1.6909414529800415,
        0.03763914480805397,
        0.14783917367458344,
        -0.018131829798221588,
        -1.2478508949279785
    ],
    "qpos": [
        -1.7152958288279623,
        1.690941507524383
    ],
    "qvel": [
        -0.01813183002433505,
        -1.247850866433799
    ],
    "render_time": 0.0018277168273925781,
    "reward": 0.0,
    "score": 0.0,
    "step_idx": 31,
    "success": null,
    "target_pos": [
        0.14032389871151574,
        0.026167577231707394
    ],
    "terminated": false,
    "truncated": false
}