{
    "action": [
        0.8586424208246037,
        0.4717695052988564
    ],
    "ep_idx": 8,
    "finger_pos": [
        0.10795600278265131,
        -0.12601858537751176
    ],
    "id": 1663319197088924983,
    "observation": [
        -1.6698081493377686,
        1.6147277355194092,
        0.03236789628863335,
        0.15218615531921387,
        1.4502774477005005,
        -2.009103775024414
    ],
    "qpos": [
        -1.66980812411689,
        1.614727734340175
    ],
    "qvel": [
        1.4502774321485812,
        -2.0091037798397897
    ],
    "render_time": 0.001832723617553711,
    "reward": 0.0,
    "score": 0.0,
    "step_idx": 32,
    "success": null,
    "target_pos": [
        0.14032389871151574,
        0.026167577231707394
    ],
    "terminated": false,
    "truncated": false
}