{
    "action": [
        -0.9942601229219126,
        -0.6918767012584801
    ],
    "ep_idx": 8,
    "finger_pos": [
        0.11650493183618962,
        -0.115111493013236
    ],
    "id": 1663319197088924983,
    "observation": [
        -1.599111795425415,
        1.639459490776062,
        0.0238189660012722,
        0.14127907156944275,
        1.9286856651306152,
        1.0985227823257446
    ],
    "qpos": [
        -1.5991118224957368,
        1.6394594701722358
    ],
    "qvel": [
        1.9286856310227654,
        1.0985227700036049
    ],
    "render_time": 0.0018291473388671875,
    "reward": 0.0,
    "score": 0.0,
    "step_idx": 33,
    "success": null,
    "target_pos": [
        0.14032389871151574,
        0.026167577231707394
    ],
    "terminated": false,
    "truncated": false
}