{
    "action": [
        0.5872293209975974,
        -0.2302726716014003
    ],
    "ep_idx": 8,
    "finger_pos": [
        0.11940935061835505,
        -0.1189183171437108
    ],
    "id": 1663319197088924983,
    "observation": [
        -1.5756778717041016,
        1.5846800804138184,
        0.020914549008011818,
        0.1450859010219574,
        0.1292433887720108,
        -1.8271595239639282
    ],
    "qpos": [
        -1.5756779045596072,
        1.584680135074807
    ],
    "qvel": [
        0.12924338954023085,
        -1.827159545612587
    ],
    "render_time": 0.0018260478973388672,
    "reward": 0.0,
    "score": 0.0,
    "step_idx": 34,
    "success": null,
    "target_pos": [
        0.14032389871151574,
        0.026167577231707394
    ],
    "terminated": false,
    "truncated": false
}