{
    "action": [
        0.07562707800223611,
        0.4405609102201582
    ],
    "ep_idx": 8,
    "finger_pos": [
        0.12319113376165271,
        -0.12303193835241892
    ],
    "id": 1663319197088924983,
    "observation": [
        -1.5438718795776367,
        1.5182404518127441,
        0.01713276468217373,
        0.14919951558113098,
        0.9863289594650269,
        -1.6165320873260498
    ],
    "qpos": [
        -1.5438718261119122,
        1.5182404242899263
    ],
    "qvel": [
        0.9863289461948879,
        -1.616532145454868
    ],
    "render_time": 0.0018475055694580078,
    "reward": 0.0,
    "score": 0.0,
    "step_idx": 35,
    "success": null,
    "target_pos": [
        0.14032389871151574,
        0.026167577231707394
    ],
    "terminated": false,
    "truncated": false
}