{
    "action": [
        -0.13606291134037396,
        -0.07770667226778927
    ],
    "ep_idx": 8,
    "finger_pos": [
        0.12521011983590546,
        -0.11591290890093385
    ],
    "id": 1663319197088924983,
    "observation": [
        -1.5268168449401855,
        1.5599149465560913,
        0.015113778412342072,
        0.14208048582077026,
        0.34079158306121826,
        1.5008000135421753
    ],
    "qpos": [
        -1.526816790200188,
        1.559914981536582
    ],
    "qvel": [
        0.340791569458161,
        1.5008000524593812
    ],
    "render_time": 0.0018241405487060547,
    "reward": 0.0,
    "score": 0.0,
    "step_idx": 36,
    "success": null,
    "target_pos": [
        0.14032389871151574,
        0.026167577231707394
    ],
    "terminated": false,
    "truncated": false
}