{
    "action": [
        -0.4900223671067898,
        0.3563043806907962
    ],
    "ep_idx": 8,
    "finger_pos": [
        0.1264675795755828,
        -0.11294208391101006
    ],
    "id": 1663319197088924983,
    "observation": [
        -1.5152298212051392,
        1.5725337266921997,
        0.013856318779289722,
        0.13910965621471405,
        0.23822368681430817,
        0.10413384437561035
    ],
    "qpos": [
        -1.515229820474798,
        1.5725337234374375
    ],
    "qvel": [
        0.23822369069252763,
        0.10413384570198458
    ],
    "render_time": 0.0018177032470703125,
    "reward": 0.0,
    "score": 0.0,
    "step_idx": 37,
    "success": null,
    "target_pos": [
        0.14032389871151574,
        0.026167577231707394
    ],
    "terminated": false,
    "truncated": false
}