{
    "action": [
        -0.7628060291861765,
        0.8601444446244129
    ],
    "ep_idx": 8,
    "finger_pos": [
        0.1231884008147782,
        -0.10882085511439506
    ],
    "id": 1663319197088924983,
    "observation": [
        -1.5399171113967896,
        1.6327331066131592,
        0.01713549718260765,
        0.1349884271621704,
        -0.8270172476768494,
        1.7309131622314453
    ],
    "qpos": [
        -1.5399170971946468,
        1.6327331204547244
    ],
    "qvel": [
        -0.8270172224191473,
        1.730913139228868
    ],
    "render_time": 0.0018239021301269531,
    "reward": 0.0,
    "score": 0.0,
    "step_idx": 38,
    "success": null,
    "target_pos": [
        0.14032389871151574,
        0.026167577231707394
    ],
    "terminated": false,
    "truncated": false
}