{
    "action": [
        -0.30129891855134217,
        0.1722968163238714
    ],
    "ep_idx": 8,
    "finger_pos": [
        0.11320044361649902,
        -0.09993096412841333
    ],
    "id": 1663319197088924983,
    "observation": [
        -1.6135426759719849,
        1.780647873878479,
        0.027123454958200455,
        0.12609854340553284,
        -2.0830934047698975,
        4.0113911628723145
    ],
    "qpos": [
        -1.6135427154295747,
        1.780647818509789
    ],
    "qvel": [
        -2.083093374764672,
        4.011391347249146
    ],
    "render_time": 0.001821756362915039,
    "reward": 0.0,
    "score": 0.0,
    "step_idx": 39,
    "success": null,
    "target_pos": [
        0.14032389871151574,
        0.026167577231707394
    ],
    "terminated": false,
    "truncated": false
}