{
    "action": [
        -0.38807750366212534,
        0.9359693378336067
    ],
    "ep_idx": 8,
    "finger_pos": [
        0.10498442459944696,
        -0.0986633518494913
    ],
    "id": 1663319197088924983,
    "observation": [
        -1.681299090385437,
        1.8538603782653809,
        0.03533947467803955,
        0.1248309314250946,
        -1.6322990655899048,
        1.4408316612243652
    ],
    "qpos": [
        -1.6812990790215196,
        1.8538603918939207
    ],
    "qvel": [
        -1.6322990199570908,
        1.440831658327122
    ],
    "render_time": 0.0018095970153808594,
    "reward": 0.0,
    "score": 0.0,
    "step_idx": 40,
    "success": null,
    "target_pos": [
        0.14032389871151574,
        0.026167577231707394
    ],
    "terminated": false,
    "truncated": false
}