{
    "action": [
        0.611885294299293,
        -0.39557300080557956
    ],
    "ep_idx": 8,
    "finger_pos": [
        0.09423041895943758,
        -0.08981176026774051
    ],
    "id": 1663319197088924983,
    "observation": [
        -1.758903980255127,
        1.9950203895568848,
        0.04609347879886627,
        0.11597933620214462,
        -1.98711359500885,
        3.9112606048583984
    ],
    "qpos": [
        -1.758904022004889,
        1.9950203855400392
    ],
    "qvel": [
        -1.9871135826016348,
        3.911260490839224
    ],
    "render_time": 0.0018382072448730469,
    "reward": 0.0,
    "score": 0.0,
    "step_idx": 41,
    "success": null,
    "target_pos": [
        0.14032389871151574,
        0.026167577231707394
    ],
    "terminated": false,
    "truncated": false
}