{
    "action": [
        0.34358013202289084,
        0.5843236268817786
    ],
    "ep_idx": 8,
    "finger_pos": [
        0.09365881139712785,
        -0.09140410800196944
    ],
    "id": 1663319197088924983,
    "observation": [
        -1.767279863357544,
        1.9881290197372437,
        0.04666508734226227,
        0.11757168173789978,
        0.24066592752933502,
        -0.9154225587844849
    ],
    "qpos": [
        -1.7672798110186119,
        1.9881289742502715
    ],
    "qvel": [
        0.24066592456370295,
        -0.9154225517073196
    ],
    "render_time": 0.001828908920288086,
    "reward": 0.0,
    "score": 0.0,
    "step_idx": 42,
    "success": null,
    "target_pos": [
        0.14032389871151574,
        0.026167577231707394
    ],
    "terminated": false,
    "truncated": false
}