{
    "action": [
        0.6773944714983244,
        -0.5551234020777043
    ],
    "ep_idx": 8,
    "finger_pos": [
        0.09356363404867239,
        -0.08259220207690685
    ],
    "id": 1663319197088924983,
    "observation": [
        -1.7471299171447754,
        2.047867774963379,
        0.04676026478409767,
        0.10875977575778961,
        0.6131271123886108,
        1.9593868255615234
    ],
    "qpos": [
        -1.7471299097252715,
        2.0478678684767333
    ],
    "qvel": [
        0.6131271291188599,
        1.9593868727111952
    ],
    "render_time": 0.001837015151977539,
    "reward": 0.0,
    "score": 0.0,
    "step_idx": 43,
    "success": null,
    "target_pos": [
        0.14032389871151574,
        0.026167577231707394
    ],
    "terminated": false,
    "truncated": false
}