{
    "action": [
        0.6276435618566452,
        -0.14118456494320353
    ],
    "ep_idx": 8,
    "finger_pos": [
        0.10085206936123393,
        -0.08168728149109936
    ],
    "id": 1663319197088924983,
    "observation": [
        -1.6802383661270142,
        1.9988936185836792,
        0.0394718311727047,
        0.10785485804080963,
        1.9233404397964478,
        -1.836154580116272
    ],
    "qpos": [
        -1.6802383113013284,
        1.998893627839655
    ],
    "qvel": [
        1.9233404229704036,
        -1.8361546356365182
    ],
    "render_time": 0.0018308162689208984,
    "reward": 0.0,
    "score": 0.0,
    "step_idx": 44,
    "success": null,
    "target_pos": [
        0.14032389871151574,
        0.026167577231707394
    ],
    "terminated": false,
    "truncated": false
}