{
    "action": [
        -0.3506433624095169,
        0.2593606407293605
    ],
    "ep_idx": 8,
    "finger_pos": [
        0.10985293847345166,
        -0.07792981063006452
    ],
    "id": 1663319197088924983,
    "observation": [
        -1.5919716358184814,
        1.949927806854248,
        0.030470959842205048,
        0.1040973886847496,
        2.2923927307128906,
        -1.108176589012146
    ],
    "qpos": [
        -1.591971597820911,
        1.9499278093610146
    ],
    "qvel": [
        2.2923927939811923,
        -1.108176588210179
    ],
    "render_time": 0.0018315315246582031,
    "reward": 0.0,
    "score": 0.0,
    "step_idx": 45,
    "success": null,
    "target_pos": [
        0.14032389871151574,
        0.026167577231707394
    ],
    "terminated": false,
    "truncated": false
}