{
    "action": [
        0.5236550941560627,
        0.7687419364159551
    ],
    "ep_idx": 8,
    "finger_pos": [
        0.11164566479480768,
        -0.07092762602672245
    ],
    "id": 1663319197088924983,
    "observation": [
        -1.5530482530593872,
        1.9741640090942383,
        0.028678234666585922,
        0.09709520637989044,
        0.6299777030944824,
        0.9320515990257263
    ],
    "qpos": [
        -1.5530482777175463,
        1.974164004997766
    ],
    "qvel": [
        0.6299777295951845,
        0.9320516160514777
    ],
    "render_time": 0.0018486976623535156,
    "reward": 0.0,
    "score": 0.0,
    "step_idx": 46,
    "success": null,
    "target_pos": [
        0.14032389871151574,
        0.026167577231707394
    ],
    "terminated": false,
    "truncated": false
}