{
    "action": [
        0.8815334227237386,
        -0.44576508304878804
    ],
    "ep_idx": 8,
    "finger_pos": [
        0.10824880914974197,
        -0.054617323716631
    ],
    "id": 1663319197088924983,
    "observation": [
        -1.508470892906189,
        2.082374095916748,
        0.03207508847117424,
        0.08078490197658539,
        1.2950217723846436,
        3.0487825870513916
    ],
    "qpos": [
        -1.5084708540239304,
        2.0823740473602608
    ],
    "qvel": [
        1.2950217936042905,
        3.0487825373757014
    ],
    "render_time": 0.0018339157104492188,
    "reward": 0.0,
    "score": 0.0,
    "step_idx": 47,
    "success": null,
    "target_pos": [
        0.14032389871151574,
        0.026167577231707394
    ],
    "terminated": false,
    "truncated": false
}