{
    "action": [
        -0.36469773783675663,
        -0.3783184821774841
    ],
    "ep_idx": 8,
    "finger_pos": [
        0.11471610575031939,
        -0.045347783219435375
    ],
    "id": 1663319197088924983,
    "observation": [
        -1.4074360132217407,
        2.0619680881500244,
        0.025607792660593987,
        0.07151535898447037,
        2.807800054550171,
        -1.1995519399642944
    ],
    "qpos": [
        -1.407435991529585,
        2.061968148197654
    ],
    "qvel": [
        2.8078001606798573,
        -1.1995519557991896
    ],
    "render_time": 0.001836538314819336,
    "reward": 0.0,
    "score": 0.0,
    "step_idx": 48,
    "success": null,
    "target_pos": [
        0.14032389871151574,
        0.026167577231707394
    ],
    "terminated": false,
    "truncated": false
}