{
    "action": [
        0.06738031995836047,
        -0.0038183662385733452
    ],
    "ep_idx": 8,
    "finger_pos": [
        0.12175081029437758,
        -0.044662034760448444
    ],
    "id": 1663319197088924983,
    "observation": [
        -1.351533055305481,
        1.9998860359191895,
        0.018573088571429253,
        0.0708296149969101,
        1.0055705308914185,
        -1.6062381267547607
    ],
    "qpos": [
        -1.3515330915198775,
        1.999885978401166
    ],
    "qvel": [
        1.0055705709201543,
        -1.6062381174193707
    ],
    "render_time": 0.0018346309661865234,
    "reward": 0.0,
    "score": 0.0,
    "step_idx": 49,
    "success": null,
    "target_pos": [
        0.14032389871151574,
        0.026167577231707394
    ],
    "terminated": false,
    "truncated": false
}