{
    "action": [
        0.7473856416250131,
        0.658576543313468
    ],
    "ep_idx": 8,
    "finger_pos": [
        0.12466630912693345,
        -0.043214668122366184
    ],
    "id": 1663319197088924983,
    "observation": [
        -1.3223927021026611,
        1.9774237871170044,
        0.015657588839530945,
        0.06938224285840988,
        0.6624965071678162,
        -0.3611708879470825
    ],
    "qpos": [
        -1.3223926795286651,
        1.9774237666556154
    ],
    "qvel": [
        0.6624965060539447,
        -0.3611708929779877
    ],
    "render_time": 0.001811981201171875,
    "reward": 0.0,
    "score": 0.0,
    "step_idx": 50,
    "success": null,
    "target_pos": [
        0.14032389871151574,
        0.026167577231707394
    ],
    "terminated": false,
    "truncated": false
}