{
    "action": [
        0.8591336692429157,
        -0.5100402041926855
    ],
    "ep_idx": 8,
    "finger_pos": [
        0.12089511250185744,
        -0.029661538496735446
    ],
    "id": 1663319197088924983,
    "observation": [
        -1.266099214553833,
        2.0510048866271973,
        0.019428785890340805,
        0.055829115211963654,
        1.6614017486572266,
        2.267059564590454
    ],
    "qpos": [
        -1.266099211641984,
        2.051004776431171
    ],
    "qvel": [
        1.661401701259377,
        2.2670594932429675
    ],
    "render_time": 0.0018382072448730469,
    "reward": 0.0,
    "score": 0.0,
    "step_idx": 51,
    "success": null,
    "target_pos": [
        0.14032389871151574,
        0.026167577231707394
    ],
    "terminated": false,
    "truncated": false
}