{
    "action": [
        -0.5680692202687754,
        0.7320799359135135
    ],
    "ep_idx": 8,
    "finger_pos": [
        0.12712306275721819,
        -0.01951804501085852
    ],
    "id": 1663319197088924983,
    "observation": [
        -1.1575860977172852,
        2.0104784965515137,
        0.013200836256146431,
        0.045685622841119766,
        2.9485397338867188,
        -1.6496750116348267
    ],
    "qpos": [
        -1.1575861542739212,
        2.010478439532163
    ],
    "qvel": [
        2.948539786053052,
        -1.6496749876225627
    ],
    "render_time": 0.0018362998962402344,
    "reward": 0.0,
    "score": 0.0,
    "step_idx": 52,
    "success": null,
    "target_pos": [
        0.14032389871151574,
        0.026167577231707394
    ],
    "terminated": false,
    "truncated": false
}