{
    "action": [
        0.7412705163536386,
        0.8574887444906825
    ],
    "ep_idx": 8,
    "finger_pos": [
        0.1203197811721366,
        -0.009040582484968057
    ],
    "id": 1663319197088924983,
    "observation": [
        -1.1190212965011597,
        2.0880484580993652,
        0.020004117861390114,
        0.03520815819501877,
        0.4663463830947876,
        2.631016254425049
    ],
    "qpos": [
        -1.119021302298341,
        2.0880485423099078
    ],
    "qvel": [
        0.4663463896746126,
        2.63101632957014
    ],
    "render_time": 0.0018908977508544922,
    "reward": 0.0,
    "score": 0.0,
    "step_idx": 53,
    "success": null,
    "target_pos": [
        0.14032389871151574,
        0.026167577231707394
    ],
    "terminated": false,
    "truncated": false
}