{
    "action": [
        0.0054328702731814005,
        -0.7265639273419853
    ],
    "ep_idx": 8,
    "finger_pos": [
        0.10535777522447927,
        0.006038014372566611
    ],
    "id": 1663319197088924983,
    "observation": [
        -1.058272361755371,
        2.231038808822632,
        0.0349661223590374,
        0.02012956328690052,
        1.849792242050171,
        3.7675578594207764
    ],
    "qpos": [
        -1.0582723976426411,
        2.2310388030055797
    ],
    "qvel": [
        1.8497922455657285,
        3.7675578326087567
    ],
    "render_time": 0.0019245147705078125,
    "reward": 0.0,
    "score": 0.0,
    "step_idx": 54,
    "success": null,
    "target_pos": [
        0.14032389871151574,
        0.026167577231707394
    ],
    "terminated": false,
    "truncated": false
}