{
    "action": [
        -0.12702244398341067,
        0.48753426017335655
    ],
    "ep_idx": 8,
    "finger_pos": [
        0.10926980544274816,
        0.010607349970671448
    ],
    "id": 1663319197088924983,
    "observation": [
        -0.9989205598831177,
        2.1913843154907227,
        0.031054092571139336,
        0.015560227446258068,
        1.3125343322753906,
        -1.9145151376724243
    ],
    "qpos": [
        -0.9989205613847314,
        2.191384389616221
    ],
    "qvel": [
        1.3125343509603145,
        -1.9145151289072462
    ],
    "render_time": 0.0018422603607177734,
    "reward": 0.0,
    "score": 0.0,
    "step_idx": 55,
    "success": null,
    "target_pos": [
        0.14032389871151574,
        0.026167577231707394
    ],
    "terminated": false,
    "truncated": false
}