{
    "action": [
        0.6031088637817714,
        0.9878802724044877
    ],
    "ep_idx": 8,
    "finger_pos": [
        0.10493924535868084,
        0.014611245584645396
    ],
    "id": 1663319197088924983,
    "observation": [
        -0.9752199053764343,
        2.2271316051483154,
        0.0353846549987793,
        0.011556331999599934,
        0.4114399254322052,
        1.4413968324661255
    ],
    "qpos": [
        -0.9752199177653609,
        2.2271315290153835
    ],
    "qvel": [
        0.4114399125009977,
        1.4413967776631558
    ],
    "render_time": 0.0018520355224609375,
    "reward": 0.0,
    "score": 0.0,
    "step_idx": 56,
    "success": null,
    "target_pos": [
        0.14032389871151574,
        0.026167577231707394
    ],
    "terminated": false,
    "truncated": false
}