{
    "action": [
        0.6344753057014549,
        -0.04461151220530124
    ],
    "ep_idx": 8,
    "finger_pos": [
        0.08691420151694375,
        0.02336954534127693
    ],
    "id": 1663319197088924983,
    "observation": [
        -0.923725962638855,
        2.372788429260254,
        0.053409695625305176,
        0.002798031782731414,
        1.5726041793823242,
        4.076050281524658
    ],
    "qpos": [
        -0.9237259775836298,
        2.3727884136063926
    ],
    "qvel": [
        1.5726041697896496,
        4.076050081617417
    ],
    "render_time": 0.0018329620361328125,
    "reward": 0.0,
    "score": 0.0,
    "step_idx": 57,
    "success": null,
    "target_pos": [
        0.14032389871151574,
        0.026167577231707394
    ],
    "terminated": false,
    "truncated": false
}