{
    "action": [
        -0.06618403215264856,
        0.8799835317233362
    ],
    "ep_idx": 8,
    "finger_pos": [
        0.07820221042699653,
        0.031144099353241625
    ],
    "id": 1663319197088924983,
    "observation": [
        -0.833446204662323,
        2.4248876571655273,
        0.062121689319610596,
        -0.0049765221774578094,
        2.412264108657837,
        0.7541470527648926
    ],
    "qpos": [
        -0.8334461927805735,
        2.424887603059055
    ],
    "qvel": [
        2.4122641916369,
        0.754147071389839
    ],
    "render_time": 0.0018260478973388672,
    "reward": 0.0,
    "score": 0.0,
    "step_idx": 58,
    "success": null,
    "target_pos": [
        0.14032389871151574,
        0.026167577231707394
    ],
    "terminated": false,
    "truncated": false
}