{
    "action": [
        -0.4380461653762455,
        -0.06590595212056316
    ],
    "ep_idx": 8,
    "finger_pos": [
        0.06193864267440786,
        0.03383007575680612
    ],
    "id": 1663319197088924983,
    "observation": [
        -0.7724096179008484,
        2.5446412563323975,
        0.07838525623083115,
        -0.007662498392164707,
        1.2970383167266846,
        3.441650867462158
    ],
    "qpos": [
        -0.7724096435988191,
        2.544641248274784
    ],
    "qvel": [
        1.2970383056326324,
        3.441650855233622
    ],
    "render_time": 0.0018274784088134766,
    "reward": 0.0,
    "score": 0.0,
    "step_idx": 59,
    "success": null,
    "target_pos": [
        0.14032389871151574,
        0.026167577231707394
    ],
    "terminated": false,
    "truncated": false
}