{
    "action": [
        0.8325792868344497,
        -0.44644241766644144
    ],
    "ep_idx": 8,
    "finger_pos": [
        0.057763322978551385,
        0.0327415821478409
    ],
    "id": 1663319197088924983,
    "observation": [
        -0.7748166918754578,
        2.580968141555786,
        0.08256057649850845,
        -0.006574004888534546,
        -0.4333280920982361,
        0.4245034158229828
    ],
    "qpos": [
        -0.7748166682936024,
        2.580968060847045
    ],
    "qvel": [
        -0.4333280885880618,
        0.42450343021201775
    ],
    "render_time": 0.0018312931060791016,
    "reward": 0.0,
    "score": 0.0,
    "step_idx": 60,
    "success": null,
    "target_pos": [
        0.14032389871151574,
        0.026167577231707394
    ],
    "terminated": false,
    "truncated": false
}