{
    "action": [
        -0.5500660660761338,
        -0.6952703416739869
    ],
    "ep_idx": 8,
    "finger_pos": [
        0.06131257305781698,
        0.03695761641755321
    ],
    "id": 1663319197088924983,
    "observation": [
        -0.7254383563995361,
        2.535789966583252,
        0.07901132851839066,
        -0.010790038853883743,
        1.6866202354431152,
        -1.450483798980713
    ],
    "qpos": [
        -0.7254383285513649,
        2.5357898741443563
    ],
    "qvel": [
        1.686620223916787,
        -1.4504837873115364
    ],
    "render_time": 0.001840829849243164,
    "reward": 0.0,
    "score": 0.0,
    "step_idx": 61,
    "success": null,
    "target_pos": [
        0.14032389871151574,
        0.026167577231707394
    ],
    "terminated": false,
    "truncated": false
}