{
    "action": [
        -0.38453195150307073,
        -0.6766652412532435
    ],
    "ep_idx": 8,
    "finger_pos": [
        0.07496837535592482,
        0.03937083738016384
    ],
    "id": 1663319197088924983,
    "observation": [
        -0.7266318202018738,
        2.4204177856445312,
        0.06535552442073822,
        -0.013203260488808155,
        -0.45125600695610046,
        -3.1311392784118652
    ],
    "qpos": [
        -0.7266318370433521,
        2.4204178313393534
    ],
    "qvel": [
        -0.45125600896149576,
        -3.1311391891089912
    ],
    "render_time": 0.0018296241760253906,
    "reward": 0.0,
    "score": 0.0,
    "step_idx": 62,
    "success": null,
    "target_pos": [
        0.14032389871151574,
        0.026167577231707394
    ],
    "terminated": false,
    "truncated": false
}