{
    "action": [
        0.8888110962756048,
        0.9428702513968312
    ],
    "ep_idx": 8,
    "finger_pos": [
        0.09218343046595444,
        0.03702951197436617
    ],
    "id": 1663319197088924983,
    "observation": [
        -0.7620658874511719,
        2.2880632877349854,
        0.04814046993851662,
        -0.010861935093998909,
        -0.9919427633285522,
        -3.340501546859741
    ],
    "qpos": [
        -0.762065917051424,
        2.2880632169332884
    ],
    "qvel": [
        -0.9919427915258654,
        -3.3405016557971483
    ],
    "render_time": 0.0018372535705566406,
    "reward": 0.0,
    "score": 0.0,
    "step_idx": 63,
    "success": null,
    "target_pos": [
        0.14032389871151574,
        0.026167577231707394
    ],
    "terminated": false,
    "truncated": false
}