{
    "action": [
        0.944320131553922,
        0.5030866595672947
    ],
    "ep_idx": 8,
    "finger_pos": [
        0.08231384082252115,
        0.040047512472902724
    ],
    "id": 1663319197088924983,
    "observation": [
        -0.7266655564308167,
        2.358945846557617,
        0.05801005661487579,
        -0.013879935257136822,
        1.382298469543457,
        2.780824661254883
    ],
    "qpos": [
        -0.7266655511664184,
        2.358945833122242
    ],
    "qvel": [
        1.382298457211695,
        2.78082456632003
    ],
    "render_time": 0.0018463134765625,
    "reward": 0.0,
    "score": 0.0,
    "step_idx": 64,
    "success": null,
    "target_pos": [
        0.14032389871151574,
        0.026167577231707394
    ],
    "terminated": false,
    "truncated": false
}