{
    "action": [
        0.7369108694803206,
        0.6996071292901433
    ],
    "ep_idx": 8,
    "finger_pos": [
        0.06543026852816376,
        0.04585916675619964
    ],
    "id": 1663319197088924983,
    "observation": [
        -0.6200761198997498,
        2.4627931118011475,
        0.07489363104104996,
        -0.0196915902197361,
        3.0242440700531006,
        2.553870916366577
    ],
    "qpos": [
        -0.620076109566697,
        2.4627930698401537
    ],
    "qvel": [
        3.024244121874849,
        2.5538708030864217
    ],
    "render_time": 0.0018601417541503906,
    "reward": 0.0,
    "score": 0.0,
    "step_idx": 65,
    "success": null,
    "target_pos": [
        0.14032389871151574,
        0.026167577231707394
    ],
    "terminated": false,
    "truncated": false
}