{
    "action": [
        0.24215363545974866,
        -0.9869793564695226
    ],
    "ep_idx": 8,
    "finger_pos": [
        0.04538409237187465,
        0.047689796727656074
    ],
    "id": 1663319197088924983,
    "observation": [
        -0.48276275396347046,
        2.585857391357422,
        0.09493980556726456,
        -0.021522220224142075,
        3.5504775047302246,
        3.1760783195495605
    ],
    "qpos": [
        -0.4827627503649856,
        2.5858573715196562
    ],
    "qvel": [
        3.5504775887121793,
        3.176078321752781
    ],
    "render_time": 0.0018663406372070312,
    "reward": 0.0,
    "score": 0.0,
    "step_idx": 66,
    "success": null,
    "target_pos": [
        0.14032389871151574,
        0.026167577231707394
    ],
    "terminated": false,
    "truncated": false
}