{
    "action": [
        0.3677810846523155,
        0.9782560237301814
    ],
    "ep_idx": 8,
    "finger_pos": [
        0.04927157294760823,
        0.05779796463677493
    ],
    "id": 1663319197088924983,
    "observation": [
        -0.38394129276275635,
        2.4976117610931396,
        0.09105232357978821,
        -0.03163038566708565,
        2.186716318130493,
        -3.2307159900665283
    ],
    "qpos": [
        -0.3839412849230809,
        2.497611801403423
    ],
    "qvel": [
        2.1867162558366897,
        -3.2307160431176127
    ],
    "render_time": 0.001850128173828125,
    "reward": 0.0,
    "score": 0.0,
    "step_idx": 67,
    "success": null,
    "target_pos": [
        0.14032389871151574,
        0.026167577231707394
    ],
    "terminated": false,
    "truncated": false
}