{
    "action": [
        -0.4994966297447745,
        0.5419546879250998
    ],
    "ep_idx": 8,
    "finger_pos": [
        0.03668396609509754,
        0.05627165088422194
    ],
    "id": 1663319197088924983,
    "observation": [
        -0.2940387427806854,
        2.5742387771606445,
        0.10363993048667908,
        -0.030104072764515877,
        2.248383045196533,
        2.9184987545013428
    ],
    "qpos": [
        -0.2940387570358956,
        2.5742387975943393
    ],
    "qvel": [
        2.2483830726156997,
        2.9184988535992473
    ],
    "render_time": 0.0018382072448730469,
    "reward": 0.0,
    "score": 0.0,
    "step_idx": 68,
    "success": null,
    "target_pos": [
        0.14032389871151574,
        0.026167577231707394
    ],
    "terminated": false,
    "truncated": false
}