{
    "action": [
        -0.26469133835011305,
        -0.5490673444331697
    ],
    "ep_idx": 8,
    "finger_pos": [
        0.02670405581916023,
        0.04825685983719169
    ],
    "id": 1663319197088924983,
    "observation": [
        -0.2735537588596344,
        2.6778414249420166,
        0.1136198416352272,
        -0.022089282050728798,
        0.033193424344062805,
        2.544342517852783
    ],
    "qpos": [
        -0.2735537615760487,
        2.6778414648615234
    ],
    "qvel": [
        0.03319342478762022,
        2.5443425284205445
    ],
    "render_time": 0.0018513202667236328,
    "reward": 0.0,
    "score": 0.0,
    "step_idx": 69,
    "success": null,
    "target_pos": [
        0.14032389871151574,
        0.026167577231707394
    ],
    "terminated": false,
    "truncated": false
}