{
    "action": [
        0.42037542582887655,
        0.5952242303736197
    ],
    "ep_idx": 8,
    "finger_pos": [
        0.031252803153483125,
        0.05060262421655061
    ],
    "id": 1663319197088924983,
    "observation": [
        -0.3028443157672882,
        2.6407430171966553,
        0.10907109826803207,
        -0.024435047060251236,
        -0.8950195908546448,
        -1.589983582496643
    ],
    "qpos": [
        -0.30284432399224337,
        2.6407429718462136
    ],
    "qvel": [
        -0.8950196154955705,
        -1.5899835494999657
    ],
    "render_time": 0.0018398761749267578,
    "reward": 0.0,
    "score": 0.0,
    "step_idx": 70,
    "success": null,
    "target_pos": [
        0.14032389871151574,
        0.026167577231707394
    ],
    "terminated": false,
    "truncated": false
}