{
    "action": [
        0.7043382260597184,
        -0.24276414689597425
    ],
    "ep_idx": 8,
    "finger_pos": [
        0.0253851801246832,
        0.04605210795660817
    ],
    "id": 1663319197088924983,
    "observation": [
        -0.28288787603378296,
        2.699798345565796,
        0.11493872106075287,
        -0.01988453045487404,
        0.8257499933242798,
        2.0568578243255615
    ],
    "qpos": [
        -0.28288788633104256,
        2.699798418155903
    ],
    "qvel": [
        0.8257500212262852,
        2.0568578790155394
    ],
    "render_time": 0.001836538314819336,
    "reward": 0.0,
    "score": 0.0,
    "step_idx": 71,
    "success": null,
    "target_pos": [
        0.14032389871151574,
        0.026167577231707394
    ],
    "terminated": false,
    "truncated": false
}