{
    "action": [
        -0.3106010598716371,
        -0.7043413511739491
    ],
    "ep_idx": 8,
    "finger_pos": [
        0.021847578850545266,
        0.04745439064697178
    ],
    "id": 1663319197088924983,
    "observation": [
        -0.2120293825864792,
        2.702728509902954,
        0.11847631633281708,
        -0.02128681354224682,
        2.0358405113220215,
        -0.3266247808933258
    ],
    "qpos": [
        -0.21202938839005422,
        2.702728461212521
    ],
    "qvel": [
        2.0358404262186562,
        -0.32662479200174555
    ],
    "render_time": 0.0018398761749267578,
    "reward": 0.0,
    "score": 0.0,
    "step_idx": 72,
    "success": null,
    "target_pos": [
        0.14032389871151574,
        0.026167577231707394
    ],
    "terminated": false,
    "truncated": false
}