{
    "action": [
        -0.6402690109663851,
        -0.3096601418628311
    ],
    "ep_idx": 8,
    "finger_pos": [
        0.028836061744728372,
        0.057422891184491995
    ],
    "id": 1663319197088924983,
    "observation": [
        -0.1943400353193283,
        2.599508285522461,
        0.11148783564567566,
        -0.03125531226396561,
        0.07048409432172775,
        -2.979003667831421
    ],
    "qpos": [
        -0.19434004254874143,
        2.599508299413728
    ],
    "qvel": [
        0.07048409607919892,
        -2.979003726424041
    ],
    "render_time": 0.0018553733825683594,
    "reward": 0.0,
    "score": 0.0,
    "step_idx": 73,
    "success": null,
    "target_pos": [
        0.14032389871151574,
        0.026167577231707394
    ],
    "terminated": false,
    "truncated": false
}