{
    "action": [
        0.044521009191112126,
        0.5758040340207697
    ],
    "ep_idx": 8,
    "finger_pos": [
        0.03895242669067464,
        0.06319928978322836
    ],
    "id": 1663319197088924983,
    "observation": [
        -0.2378617823123932,
        2.5126168727874756,
        0.10137147456407547,
        -0.037031713873147964,
        -1.3955198526382446,
        -2.001008987426758
    ],
    "qpos": [
        -0.23786177783899914,
        2.512616866318214
    ],
    "qvel": [
        -1.3955198727306237,
        -2.0010088707940836
    ],
    "render_time": 0.001844167709350586,
    "reward": 0.0,
    "score": 0.0,
    "step_idx": 74,
    "success": null,
    "target_pos": [
        0.14032389871151574,
        0.026167577231707394
    ],
    "terminated": false,
    "truncated": false
}