{
    "action": [
        0.5906030294570499,
        -0.7399048535175952
    ],
    "ep_idx": 8,
    "finger_pos": [
        0.036290092276109895,
        0.05861098912857053
    ],
    "id": 1663319197088924983,
    "observation": [
        -0.26305636763572693,
        2.558915376663208,
        0.10403380542993546,
        -0.03244341164827347,
        -0.46214792132377625,
        1.77042818069458
    ],
    "qpos": [
        -0.2630563802739707,
        2.5589153025593645
    ],
    "qvel": [
        -0.4621479353206659,
        1.7704281307436835
    ],
    "render_time": 0.0018513202667236328,
    "reward": 0.0,
    "score": 0.0,
    "step_idx": 75,
    "success": null,
    "target_pos": [
        0.14032389871151574,
        0.026167577231707394
    ],
    "terminated": false,
    "truncated": false
}