{
    "action": [
        -0.26856222240219796,
        -0.24051145504602744
    ],
    "ep_idx": 8,
    "finger_pos": [
        0.040617251009424996,
        0.06473382312475895
    ],
    "id": 1663319197088924983,
    "observation": [
        -0.2362944632768631,
        2.4934630393981934,
        0.09970664978027344,
        -0.03856624662876129,
        0.9955602288246155,
        -2.309671401977539
    ],
    "qpos": [
        -0.23629446475482474,
        2.493462932708123
    ],
    "qvel": [
        0.9955602424853132,
        -2.3096713959734165
    ],
    "render_time": 0.001833200454711914,
    "reward": 0.0,
    "score": 0.0,
    "step_idx": 76,
    "success": null,
    "target_pos": [
        0.14032389871151574,
        0.026167577231707394
    ],
    "terminated": false,
    "truncated": false
}