{
    "action": [
        -0.6461486613270784,
        0.29999264897399947
    ],
    "ep_idx": 8,
    "finger_pos": [
        0.04647076773266402,
        0.06987429837550041
    ],
    "id": 1663319197088924983,
    "observation": [
        -0.22969217598438263,
        2.427194833755493,
        0.09385313093662262,
        -0.04370672255754471,
        -0.05660898983478546,
        -1.5184351205825806
    ],
    "qpos": [
        -0.22969217778512194,
        2.4271947561237615
    ],
    "qvel": [
        -0.05660899016455695,
        -1.5184351520425925
    ],
    "render_time": 0.0018341541290283203,
    "reward": 0.0,
    "score": 0.0,
    "step_idx": 77,
    "success": null,
    "target_pos": [
        0.14032389871151574,
        0.026167577231707394
    ],
    "terminated": false,
    "truncated": false
}