{
    "action": [
        -0.22934664817730033,
        0.5613756973175297
    ],
    "ep_idx": 8,
    "finger_pos": [
        0.04816095196664481,
        0.0666940030404864
    ],
    "id": 1663319197088924983,
    "observation": [
        -0.27555081248283386,
        2.4418609142303467,
        0.09216294437646866,
        -0.04052642732858658,
        -1.4511605501174927,
        0.735544741153717
    ],
    "qpos": [
        -0.27555082428379213,
        2.441860984178862
    ],
    "qvel": [
        -1.4511605860816899,
        0.7355447613002883
    ],
    "render_time": 0.0018393993377685547,
    "reward": 0.0,
    "score": 0.0,
    "step_idx": 78,
    "success": null,
    "target_pos": [
        0.14032389871151574,
        0.026167577231707394
    ],
    "terminated": false,
    "truncated": false
}