{
    "action": [
        -0.7289966166400197,
        -0.5279518193488517
    ],
    "ep_idx": 8,
    "finger_pos": [
        0.04341841347578081,
        0.058660169877147866
    ],
    "id": 1663319197088924983,
    "observation": [
        -0.3282003700733185,
        2.523634910583496,
        0.09690548479557037,
        -0.03249259293079376,
        -1.283414363861084,
        2.3009331226348877
    ],
    "qpos": [
        -0.3282003795607791,
        2.523634937464621
    ],
    "qvel": [
        -1.283414339726659,
        2.3009331921035336
    ],
    "render_time": 0.0018436908721923828,
    "reward": 0.0,
    "score": 0.0,
    "step_idx": 79,
    "success": null,
    "target_pos": [
        0.14032389871151574,
        0.026167577231707394
    ],
    "terminated": false,
    "truncated": false
}