{
    "action": [
        -0.4890615630966795,
        -0.46451481115119586
    ],
    "ep_idx": 8,
    "finger_pos": [
        0.05263258147199784,
        0.056679556098453696
    ],
    "id": 1663319197088924983,
    "observation": [
        -0.4202509820461273,
        2.485308885574341,
        0.08769131451845169,
        -0.030511979013681412,
        -2.5442001819610596,
        -1.5924440622329712
    ],
    "qpos": [
        -0.42025098899720464,
        2.4853088812968065
    ],
    "qvel": [
        -2.5442002360949716,
        -1.5924440220717597
    ],
    "render_time": 0.0018641948699951172,
    "reward": 0.0,
    "score": 0.0,
    "step_idx": 80,
    "success": null,
    "target_pos": [
        0.14032389871151574,
        0.026167577231707394
    ],
    "terminated": false,
    "truncated": false
}