{
    "action": [
        0.7530232813008355,
        -0.0440611459550766
    ],
    "ep_idx": 8,
    "finger_pos": [
        0.06748595369146299,
        0.054786472249609294
    ],
    "id": 1663319197088924983,
    "observation": [
        -0.5182767510414124,
        2.400367498397827,
        0.0728379413485527,
        -0.028618894517421722,
        -2.415370464324951,
        -2.22749400138855
    ],
    "qpos": [
        -0.5182767525204061,
        2.4003675944770855
    ],
    "qvel": [
        -2.415370474467515,
        -2.227494063697764
    ],
    "render_time": 0.0018529891967773438,
    "reward": 0.0,
    "score": 0.0,
    "step_idx": 81,
    "success": null,
    "target_pos": [
        0.14032389871151574,
        0.026167577231707394
    ],
    "terminated": false,
    "truncated": false
}