{
    "action": [
        0.6459633439742871,
        0.09838879431643588
    ],
    "ep_idx": 8,
    "finger_pos": [
        0.07206551795608125,
        0.0556873888064837
    ],
    "id": 1663319197088924983,
    "observation": [
        -0.5236742496490479,
        2.3631324768066406,
        0.0682583823800087,
        -0.029519811272621155,
        0.45027056336402893,
        -0.6700197458267212
    ],
    "qpos": [
        -0.5236742269793043,
        2.3631325743154927
    ],
    "qvel": [
        0.45027056328875514,
        -0.6700197467246353
    ],
    "render_time": 0.0018475055694580078,
    "reward": 0.0,
    "score": 0.0,
    "step_idx": 82,
    "success": null,
    "target_pos": [
        0.14032389871151574,
        0.026167577231707394
    ],
    "terminated": false,
    "truncated": false
}