{
    "action": [
        0.382808436442474,
        -0.23417232739768568
    ],
    "ep_idx": 8,
    "finger_pos": [
        0.06842124133709955,
        0.05958464984591116
    ],
    "id": 1663319197088924983,
    "observation": [
        -0.466644823551178,
        2.366239309310913,
        0.07190265506505966,
        -0.033417072147130966,
        1.6895031929016113,
        0.21777518093585968
    ],
    "qpos": [
        -0.46664482074841,
        2.366239273171593
    ],
    "qvel": [
        1.6895032064732267,
        0.21777518051577055
    ],
    "render_time": 0.0018634796142578125,
    "reward": 0.0,
    "score": 0.0,
    "step_idx": 83,
    "success": null,
    "target_pos": [
        0.14032389871151574,
        0.026167577231707394
    ],
    "terminated": false,
    "truncated": false
}