{
    "action": [
        0.8740780941854771,
        -0.19981121069405838
    ],
    "ep_idx": 8,
    "finger_pos": [
        0.06719655240895411,
        0.06552330138758394
    ],
    "id": 1663319197088924983,
    "observation": [
        -0.3962211012840271,
        2.3380250930786133,
        0.07312734425067902,
        -0.039355725049972534,
        1.7772029638290405,
        -0.8867450952529907
    ],
    "qpos": [
        -0.39622110349657846,
        2.3380250886310274
    ],
    "qvel": [
        1.7772030020181562,
        -0.8867451088097835
    ],
    "render_time": 0.0018718242645263672,
    "reward": 0.0,
    "score": 0.0,
    "step_idx": 84,
    "success": null,
    "target_pos": [
        0.14032389871151574,
        0.026167577231707394
    ],
    "terminated": false,
    "truncated": false
}