{
    "action": [
        0.529068276975164,
        0.3448442861348271
    ],
    "ep_idx": 8,
    "finger_pos": [
        0.06424366255228425,
        0.07441065300901242
    ],
    "id": 1663319197088924983,
    "observation": [
        -0.2901754379272461,
        2.2975375652313232,
        0.07608023285865784,
        -0.04824307560920715,
        2.885002613067627,
        -1.0502365827560425
    ],
    "qpos": [
        -0.2901754241448072,
        2.297537531005179
    ],
    "qvel": [
        2.8850025282094682,
        -1.0502366012928683
    ],
    "render_time": 0.0018727779388427734,
    "reward": 0.0,
    "score": 0.0,
    "step_idx": 85,
    "success": null,
    "target_pos": [
        0.14032389871151574,
        0.026167577231707394
    ],
    "terminated": false,
    "truncated": false
}