{
    "action": [
        0.5091590567238018,
        -0.7865279469850057
    ],
    "ep_idx": 8,
    "finger_pos": [
        0.05308907673439958,
        0.07948814030171095
    ],
    "id": 1663319197088924983,
    "observation": [
        -0.1792082041501999,
        2.3223154544830322,
        0.08723482489585876,
        -0.053320564329624176,
        2.7584033012390137,
        0.9475356936454773
    ],
    "qpos": [
        -0.1792082065021224,
        2.32231544632948
    ],
    "qvel": [
        2.7584032105338396,
        0.9475356869400047
    ],
    "render_time": 0.0018463134765625,
    "reward": 0.0,
    "score": 0.0,
    "step_idx": 86,
    "success": null,
    "target_pos": [
        0.14032389871151574,
        0.026167577231707394
    ],
    "terminated": false,
    "truncated": false
}