{
    "action": [
        0.21944303307994772,
        -0.2695045793831339
    ],
    "ep_idx": 8,
    "finger_pos": [
        0.05295504573147235,
        0.09122533117664858
    ],
    "id": 1663319197088924983,
    "observation": [
        -0.07089969515800476,
        2.231497049331665,
        0.08736885339021683,
        -0.06505775451660156,
        2.674189805984497,
        -2.8989686965942383
    ],
    "qpos": [
        -0.0708996918350934,
        2.231496978989617
    ],
    "qvel": [
        2.674189691109652,
        -2.8989687117677105
    ],
    "render_time": 0.0018811225891113281,
    "reward": 0.0,
    "score": 0.0,
    "step_idx": 87,
    "success": null,
    "target_pos": [
        0.14032389871151574,
        0.026167577231707394
    ],
    "terminated": false,
    "truncated": false
}