{
    "action": [
        -0.8051196253465516,
        -0.98516858160633
    ],
    "ep_idx": 8,
    "finger_pos": [
        0.052751766417728316,
        0.10091930566334407
    ],
    "id": 1663319197088924983,
    "observation": [
        0.012719053775072098,
        2.15285062789917,
        0.0875721350312233,
        -0.07475172728300095,
        1.9371490478515625,
        -1.7748498916625977
    ],
    "qpos": [
        0.012719053583642795,
        2.152850647600468
    ],
    "qvel": [
        1.93714910170784,
        -1.774849837264556
    ],
    "render_time": 0.002449512481689453,
    "reward": 0.0,
    "score": 0.0,
    "step_idx": 88,
    "success": null,
    "target_pos": [
        0.14032389871151574,
        0.026167577231707394
    ],
    "terminated": false,
    "truncated": false
}