{
    "action": [
        0.980626347529783,
        -0.6611479430750278
    ],
    "ep_idx": 8,
    "finger_pos": [
        0.06734202625486593,
        0.11007000240416122
    ],
    "id": 1663319197088924983,
    "observation": [
        0.018590008839964867,
        2.0062952041625977,
        0.07298187166452408,
        -0.08390242606401443,
        -0.32747629284858704,
        -4.016254425048828
    ],
    "qpos": [
        0.018590008525475977,
        2.006295143432638
    ],
    "qvel": [
        -0.32747630677928996,
        -4.016254661160093
    ],
    "render_time": 0.001832723617553711,
    "reward": 0.0,
    "score": 0.0,
    "step_idx": 89,
    "success": null,
    "target_pos": [
        0.14032389871151574,
        0.026167577231707394
    ],
    "terminated": false,
    "truncated": false
}