{
    "action": [
        0.6760183572528966,
        0.6269090179596379
    ],
    "ep_idx": 8,
    "finger_pos": [
        0.07827945156312333,
        0.12106762394416268
    ],
    "id": 1663319197088924983,
    "observation": [
        0.0704231709241867,
        1.8528170585632324,
        0.06204444542527199,
        -0.09490004926919937,
        1.7238826751708984,
        -3.797072649002075
    ],
    "qpos": [
        0.07042317418530832,
        1.8528170907137536
    ],
    "qvel": [
        1.7238827040699303,
        -3.7970725510869503
    ],
    "render_time": 0.0018439292907714844,
    "reward": 0.0,
    "score": 0.0,
    "step_idx": 90,
    "success": null,
    "target_pos": [
        0.14032389871151574,
        0.026167577231707394
    ],
    "terminated": false,
    "truncated": false
}