{
    "action": [
        -0.6410284216668858,
        -0.15096299373965327
    ],
    "ep_idx": 8,
    "finger_pos": [
        0.06716257991156452,
        0.12504725123561222
    ],
    "id": 1663319197088924983,
    "observation": [
        0.1399432271718979,
        1.8759393692016602,
        0.07316131889820099,
        -0.09887967258691788,
        1.8109489679336548,
        1.409598469734192
    ],
    "qpos": [
        0.13994323227215075,
        1.8759393681921306
    ],
    "qvel": [
        1.8109489854561138,
        1.4095985007750844
    ],
    "render_time": 0.0018739700317382812,
    "reward": 0.0,
    "score": 0.0,
    "step_idx": 91,
    "success": null,
    "target_pos": [
        0.14032389871151574,
        0.026167577231707394
    ],
    "terminated": false,
    "truncated": false
}