{
    "action": [
        -0.31531759205063925,
        -0.25603283914244934
    ],
    "ep_idx": 8,
    "finger_pos": [
        0.0631873860705037,
        0.12595508116505644
    ],
    "id": 1663319197088924983,
    "observation": [
        0.16255415976047516,
        1.886525273323059,
        0.07713650912046432,
        -0.09978750348091125,
        0.17795971035957336,
        0.04261713847517967
    ],
    "qpos": [
        0.16255415897459058,
        1.8865252395485776
    ],
    "qvel": [
        0.17795970817312623,
        0.042617137215818945
    ],
    "render_time": 0.0018796920776367188,
    "reward": 0.0,
    "score": 0.0,
    "step_idx": 92,
    "success": null,
    "target_pos": [
        0.14032389871151574,
        0.026167577231707394
    ],
    "terminated": false,
    "truncated": false
}