{
    "action": [
        0.39840407794132093,
        -0.22420328678310386
    ],
    "ep_idx": 8,
    "finger_pos": [
        0.06744704299378723,
        0.1268509740700058
    ],
    "id": 1663319197088924983,
    "observation": [
        0.15308189392089844,
        1.858054518699646,
        0.07287685573101044,
        -0.10068339854478836,
        -0.36503466963768005,
        -0.8614476323127747
    ],
    "qpos": [
        0.1530818869242469,
        1.8580545326557107
    ],
    "qvel": [
        -0.36503466002072643,
        -0.8614476453522091
    ],
    "render_time": 0.001859426498413086,
    "reward": 0.0,
    "score": 0.0,
    "step_idx": 93,
    "success": null,
    "target_pos": [
        0.14032389871151574,
        0.026167577231707394
    ],
    "terminated": false,
    "truncated": false
}