{
    "action": [
        0.439549939425969,
        0.617257614259253
    ],
    "ep_idx": 8,
    "finger_pos": [
        0.0710046169257462,
        0.13009162119126647
    ],
    "id": 1663319197088924983,
    "observation": [
        0.16598396003246307,
        1.8103916645050049,
        0.06931928545236588,
        -0.10392404347658157,
        0.5109214186668396,
        -1.2436844110488892
    ],
    "qpos": [
        0.1659839628873993,
        1.8103916512446008
    ],
    "qvel": [
        0.5109213996513422,
        -1.243684449957641
    ],
    "render_time": 0.0018749237060546875,
    "reward": 0.0,
    "score": 0.0,
    "step_idx": 94,
    "success": null,
    "target_pos": [
        0.14032389871151574,
        0.026167577231707394
    ],
    "terminated": false,
    "truncated": false
}