{
    "action": [
        -0.461452007125178,
        0.42772849580727845
    ],
    "ep_idx": 8,
    "finger_pos": [
        0.06112239352206635,
        0.12881388074111666
    ],
    "id": 1663319197088924983,
    "observation": [
        0.1930822879076004,
        1.8693448305130005,
        0.07920150458812714,
        -0.10264630615711212,
        0.7806586027145386,
        1.986993432044983
    ],
    "qpos": [
        0.19308229406314556,
        1.8693448362655223
    ],
    "qvel": [
        0.7806585987867382,
        1.9869934201605282
    ],
    "render_time": 0.0018672943115234375,
    "reward": 0.0,
    "score": 0.0,
    "step_idx": 95,
    "success": null,
    "target_pos": [
        0.14032389871151574,
        0.026167577231707394
    ],
    "terminated": false,
    "truncated": false
}