{
    "action": [
        0.28895267065538177,
        -0.8845377791059148
    ],
    "ep_idx": 8,
    "finger_pos": [
        0.05208004520657672,
        0.12314864490130127
    ],
    "id": 1663319197088924983,
    "observation": [
        0.1908174455165863,
        1.9597699642181396,
        0.08824385702610016,
        -0.09698107093572617,
        -0.29648539423942566,
        2.2982866764068604
    ],
    "qpos": [
        0.19081744655245,
        1.9597699329970975
    ],
    "qvel": [
        -0.29648538029210497,
        2.2982866627900873
    ],
    "render_time": 0.0018551349639892578,
    "reward": 0.0,
    "score": 0.0,
    "step_idx": 96,
    "success": null,
    "target_pos": [
        0.14032389871151574,
        0.026167577231707394
    ],
    "terminated": false,
    "truncated": false
}