{
    "action": [
        -0.45945324242159247,
        -0.1457565400565981
    ],
    "ep_idx": 8,
    "finger_pos": [
        0.05794820265064196,
        0.12983980731998396
    ],
    "id": 1663319197088924983,
    "observation": [
        0.21430018544197083,
        1.8734378814697266,
        0.08237569779157639,
        -0.10367222875356674,
        0.7740392684936523,
        -3.003380537033081
    ],
    "qpos": [
        0.21430018071934953,
        1.8734378506436649
    ],
    "qvel": [
        0.7740392656993405,
        -3.0033805354303063
    ],
    "render_time": 0.0018575191497802734,
    "reward": 0.0,
    "score": 0.0,
    "step_idx": 97,
    "success": null,
    "target_pos": [
        0.14032389871151574,
        0.026167577231707394
    ],
    "terminated": false,
    "truncated": false
}