{
    "action": [
        -0.8166098763913392,
        -0.4671735611150649
    ],
    "ep_idx": 8,
    "finger_pos": [
        0.06469227116006646,
        0.13230656854255474
    ],
    "id": 1663319197088924983,
    "observation": [
        0.2058986872434616,
        1.8202462196350098,
        0.07563162595033646,
        -0.10613898932933807,
        -0.4659608006477356,
        -1.0190863609313965
    ],
    "qpos": [
        0.20589868416516538,
        1.8202462048179184
    ],
    "qvel": [
        -0.465960797670663,
        -1.0190863682368263
    ],
    "render_time": 0.0018608570098876953,
    "reward": 0.0,
    "score": 0.0,
    "step_idx": 98,
    "success": null,
    "target_pos": [
        0.14032389871151574,
        0.026167577231707394
    ],
    "terminated": false,
    "truncated": false
}