{
    "action": [
        -0.20743596417413612,
        0.8315888787564059
    ],
    "ep_idx": 8,
    "finger_pos": [
        0.07907415466138562,
        0.1314725857081649
    ],
    "id": 1663319197088924983,
    "observation": [
        0.15203893184661865,
        1.7545452117919922,
        0.0612497441470623,
        -0.1053050085902214,
        -1.5983357429504395,
        -1.7812154293060303
    ],
    "qpos": [
        0.15203893124558476,
        1.754545159250771
    ],
    "qvel": [
        -1.5983357060524317,
        -1.7812154000540144
    ],
    "render_time": 0.0018656253814697266,
    "reward": 0.0,
    "score": 0.0,
    "step_idx": 99,
    "success": null,
    "target_pos": [
        0.14032389871151574,
        0.026167577231707394
    ],
    "terminated": false,
    "truncated": false
}