{
    "action": [
        0.5428728755003884,
        -0.9668755834339624
    ],
    "ep_idx": 8,
    "finger_pos": [
        0.07932980829302053,
        0.12228649808383442
    ],
    "id": 1663319197088924983,
    "observation": [
        0.07724622637033463,
        1.8361492156982422,
        0.060994088649749756,
        -0.09611891955137253,
        -1.8891863822937012,
        2.7507898807525635
    ],
    "qpos": [
        0.07724622625021338,
        1.8361491804809766
    ],
    "qvel": [
        -1.8891863466966123,
        2.7507899828916402
    ],
    "render_time": 0.00186920166015625,
    "reward": 0.0,
    "score": 0.0,
    "step_idx": 100,
    "success": null,
    "target_pos": [
        0.14032389871151574,
        0.026167577231707394
    ],
    "terminated": false,
    "truncated": false
}