{
    "action": [
        0.6906344847700023,
        -0.4487566249125756
    ],
    "ep_idx": 8,
    "finger_pos": [
        0.09162276337629173,
        0.1255401494826938
    ],
    "id": 1663319197088924983,
    "observation": [
        0.07393728941679001,
        1.7327865362167358,
        0.04870113357901573,
        -0.09937257319688797,
        0.35219326615333557,
        -3.554997682571411
    ],
    "qpos": [
        0.07393728967809128,
        1.7327864992305508
    ],
    "qvel": [
        0.3521932806411284,
        -3.5549977803846873
    ],
    "render_time": 0.001832723617553711,
    "reward": 0.0,
    "score": 0.0,
    "step_idx": 101,
    "success": null,
    "target_pos": [
        0.14032389871151574,
        0.026167577231707394
    ],
    "terminated": false,
    "truncated": false
}