{
    "action": [
        -0.9206416246341271,
        0.831765238445944
    ],
    "ep_idx": 8,
    "finger_pos": [
        0.09974979581562242,
        0.13268406913241534
    ],
    "id": 1663319197088924983,
    "observation": [
        0.11913623660802841,
        1.6140360832214355,
        0.040574103593826294,
        -0.10651649534702301,
        1.3488538265228271,
        -2.84773850440979
    ],
    "qpos": [
        0.11913623865356117,
        1.6140360507176206
    ],
    "qvel": [
        1.3488538783819117,
        -2.8477384669252293
    ],
    "render_time": 0.0018606185913085938,
    "reward": 0.0,
    "score": 0.0,
    "step_idx": 102,
    "success": null,
    "target_pos": [
        0.14032389871151574,
        0.026167577231707394
    ],
    "terminated": false,
    "truncated": false
}