{
    "action": [
        -0.40528937378736685,
        0.3720187458808273
    ],
    "ep_idx": 8,
    "finger_pos": [
        0.09286586067653832,
        0.1271678781950165
    ],
    "id": 1663319197088924983,
    "observation": [
        0.08490515500307083,
        1.7102851867675781,
        0.04745803773403168,
        -0.10100030153989792,
        -1.3611171245574951,
        3.3073296546936035
    ],
    "qpos": [
        0.08490515243391206,
        1.710285127262081
    ],
    "qvel": [
        -1.361117118902994,
        3.307329755905376
    ],
    "render_time": 0.001859426498413086,
    "reward": 0.0,
    "score": 0.0,
    "step_idx": 103,
    "success": null,
    "target_pos": [
        0.14032389871151574,
        0.026167577231707394
    ],
    "terminated": false,
    "truncated": false
}