{
    "action": [
        -0.8673129554810239,
        -0.5890341535307508
    ],
    "ep_idx": 8,
    "finger_pos": [
        0.08878739877084954,
        0.11931271735684472
    ],
    "id": 1663319197088924983,
    "observation": [
        0.028586238622665405,
        1.8049179315567017,
        0.051536500453948975,
        -0.09314513951539993,
        -1.448556661605835,
        2.192448377609253
    ],
    "qpos": [
        0.02858623906901507,
        1.8049179442002534
    ],
    "qvel": [
        -1.448556660021906,
        2.192448353486764
    ],
    "render_time": 0.0018761157989501953,
    "reward": 0.0,
    "score": 0.0,
    "step_idx": 104,
    "success": null,
    "target_pos": [
        0.14032389871151574,
        0.026167577231707394
    ],
    "terminated": false,
    "truncated": false
}