{
    "action": [
        0.5371772007478086,
        -0.41270740094478464
    ],
    "ep_idx": 8,
    "finger_pos": [
        0.10227322613500817,
        0.11315920298009226
    ],
    "id": 1663319197088924983,
    "observation": [
        -0.04621070250868797,
        1.7641935348510742,
        0.03805067390203476,
        -0.08699162304401398,
        -2.0419344902038574,
        -1.63650381565094
    ],
    "qpos": [
        -0.04621070165921842,
        1.7641934817491258
    ],
    "qvel": [
        -2.041934548331758,
        -1.6365038676362231
    ],
    "render_time": 0.0018591880798339844,
    "reward": 0.0,
    "score": 0.0,
    "step_idx": 105,
    "success": null,
    "target_pos": [
        0.14032389871151574,
        0.026167577231707394
    ],
    "terminated": false,
    "truncated": false
}