{
    "action": [
        -0.3441970968232855,
        -0.12804953221958382
    ],
    "ep_idx": 8,
    "finger_pos": [
        0.11652286290475816,
        0.11128003466156518
    ],
    "id": 1663319197088924983,
    "observation": [
        -0.0723821371793747,
        1.669539213180542,
        0.023801036179065704,
        -0.08511245995759964,
        -0.27712589502334595,
        -2.465153932571411
    ],
    "qpos": [
        -0.07238214054455293,
        1.6695392190323033
    ],
    "qvel": [
        -0.27712589544801025,
        -2.465154003801576
    ],
    "render_time": 0.0018465518951416016,
    "reward": 0.0,
    "score": 0.0,
    "step_idx": 106,
    "success": null,
    "target_pos": [
        0.14032389871151574,
        0.026167577231707394
    ],
    "terminated": false,
    "truncated": false
}