{
    "action": [
        -0.5374161610477304,
        0.0873864272188909
    ],
    "ep_idx": 8,
    "finger_pos": [
        0.12535595605451363,
        0.10745984251448765
    ],
    "id": 1663319197088924983,
    "observation": [
        -0.10343599319458008,
        1.6242338418960571,
        0.014967942610383034,
        -0.08129226416349411,
        -0.8964223861694336,
        -0.8957869410514832
    ],
    "qpos": [
        -0.10343599126868705,
        1.624233787733315
    ],
    "qvel": [
        -0.8964224040906796,
        -0.8957869170469985
    ],
    "render_time": 0.0018506050109863281,
    "reward": 0.0,
    "score": 0.0,
    "step_idx": 107,
    "success": null,
    "target_pos": [
        0.14032389871151574,
        0.026167577231707394
    ],
    "terminated": false,
    "truncated": false
}