{
    "action": [
        -0.9547922317166284,
        -0.4655436460739497
    ],
    "ep_idx": 8,
    "finger_pos": [
        0.13077973718255465,
        0.09996281845845684
    ],
    "id": 1663319197088924983,
    "observation": [
        -0.16237200796604156,
        1.6300008296966553,
        0.009544161148369312,
        -0.07379524409770966,
        -1.6177242994308472,
        0.31593966484069824
    ],
    "qpos": [
        -0.1623720103049471,
        1.6300008824257801
    ],
    "qvel": [
        -1.617724275875168,
        0.3159396649639428
    ],
    "render_time": 0.0018715858459472656,
    "reward": 0.0,
    "score": 0.0,
    "step_idx": 108,
    "success": null,
    "target_pos": [
        0.14032389871151574,
        0.026167577231707394
    ],
    "terminated": false,
    "truncated": false
}