{
    "action": [
        -0.7576943806467189,
        0.30436222493356824
    ],
    "ep_idx": 8,
    "finger_pos": [
        0.14469904602904315,
        0.08698807326588387
    ],
    "id": 1663319197088924983,
    "observation": [
        -0.24924828112125397,
        1.581048607826233,
        -0.004375147167593241,
        -0.06082049757242203,
        -2.3555362224578857,
        -1.530800700187683
    ],
    "qpos": [
        -0.249248276090329,
        1.5810486309722809
    ],
    "qvel": [
        -2.3555362433195093,
        -1.5308007400123496
    ],
    "render_time": 0.0018970966339111328,
    "reward": 0.0,
    "score": 0.0,
    "step_idx": 109,
    "success": null,
    "target_pos": [
        0.14032389871151574,
        0.026167577231707394
    ],
    "terminated": false,
    "truncated": false
}