{
    "action": [
        -0.0009283755959157425,
        -0.09756065673584158
    ],
    "ep_idx": 8,
    "finger_pos": [
        0.15154200533904655,
        0.07011377033112332
    ],
    "id": 1663319197088924983,
    "observation": [
        -0.3680178225040436,
        1.60271418094635,
        -0.011218106374144554,
        -0.04394619166851044,
        -3.1097614765167236,
        0.8952314257621765
    ],
    "qpos": [
        -0.3680178369387497,
        1.6027142399514014
    ],
    "qvel": [
        -3.109761422636143,
        0.8952314197594751
    ],
    "render_time": 0.001859426498413086,
    "reward": 0.0,
    "score": 0.0,
    "step_idx": 110,
    "success": null,
    "target_pos": [
        0.14032389871151574,
        0.026167577231707394
    ],
    "terminated": false,
    "truncated": false
}