{
    "action": [
        0.4649931673454921,
        0.49642016573003267
    ],
    "ep_idx": 8,
    "finger_pos": [
        0.15916175820224102,
        0.05573252126678318
    ],
    "id": 1663319197088924983,
    "observation": [
        -0.4548531770706177,
        1.5833460092544556,
        -0.018837859854102135,
        -0.02956494316458702,
        -1.9273263216018677,
        -0.6938331127166748
    ],
    "qpos": [
        -0.4548531808812578,
        1.5833459895146842
    ],
    "qvel": [
        -1.9273263680088797,
        -0.6938331214411231
    ],
    "render_time": 0.001850128173828125,
    "reward": 0.0,
    "score": 0.0,
    "step_idx": 111,
    "success": null,
    "target_pos": [
        0.14032389871151574,
        0.026167577231707394
    ],
    "terminated": false,
    "truncated": false
}