{
    "action": [
        -0.9284971745465929,
        0.781174362920426
    ],
    "ep_idx": 8,
    "finger_pos": [
        0.15735372031580072,
        0.050581236028503715
    ],
    "id": 1663319197088924983,
    "observation": [
        -0.5001102685928345,
        1.6222546100616455,
        -0.01702982187271118,
        -0.024413658306002617,
        -0.8673613667488098,
        1.3108445405960083
    ],
    "qpos": [
        -0.5001102901534954,
        1.6222546331534182
    ],
    "qvel": [
        -0.8673613450164196,
        1.3108445166744158
    ],
    "render_time": 0.0018463134765625,
    "reward": 0.0,
    "score": 0.0,
    "step_idx": 112,
    "success": null,
    "target_pos": [
        0.14032389871151574,
        0.026167577231707394
    ],
    "terminated": false,
    "truncated": false
}