{
    "action": [
        -0.7907333813405506,
        0.49094362512146406
    ],
    "ep_idx": 8,
    "finger_pos": [
        0.14658175414802596,
        0.04446949308266704
    ],
    "id": 1663319197088924983,
    "observation": [
        -0.5840280652046204,
        1.7571598291397095,
        -0.006257855333387852,
        -0.018301915377378464,
        -2.4032275676727295,
        3.6940574645996094
    ],
    "qpos": [
        -0.5840280814521713,
        1.757159811943878
    ],
    "qvel": [
        -2.403227454450887,
        3.6940574700502746
    ],
    "render_time": 0.0018417835235595703,
    "reward": 1.0,
    "score": 0.001,
    "step_idx": 113,
    "success": null,
    "target_pos": [
        0.14032389871151574,
        0.026167577231707394
    ],
    "terminated": false,
    "truncated": false
}