{
    "action": [
        -0.7751613607280889,
        0.2861673353159542
    ],
    "ep_idx": 8,
    "finger_pos": [
        0.13808333335115697,
        0.03411290507408049
    ],
    "id": 1663319197088924983,
    "observation": [
        -0.6942620873451233,
        1.8729166984558105,
        0.002240565372630954,
        -0.007945328019559383,
        -2.8810126781463623,
        2.7308099269866943
    ],
    "qpos": [
        -0.6942620667250089,
        1.872916725079842
    ],
    "qvel": [
        -2.8810127483884096,
        2.730810041831377
    ],
    "render_time": 0.0019011497497558594,
    "reward": 2.0,
    "score": 0.003,
    "step_idx": 114,
    "success": null,
    "target_pos": [
        0.14032389871151574,
        0.026167577231707394
    ],
    "terminated": false,
    "truncated": false
}