{
    "action": [
        -0.053261315774483675,
        -0.2394213867925603
    ],
    "ep_idx": 8,
    "finger_pos": [
        0.13356261574088993,
        0.020625060005765708
    ],
    "id": 1663319197088924983,
    "observation": [
        -0.8194431662559509,
        1.9453107118606567,
        0.0067612831480801105,
        0.005542517174035311,
        -3.216735601425171,
        1.6250494718551636
    ],
    "qpos": [
        -0.8194431661324015,
        1.9453107413965687
    ],
    "qvel": [
        -3.2167355437252505,
        1.6250495307053814
    ],
    "render_time": 0.0018999576568603516,
    "reward": 2.0,
    "score": 0.005,
    "step_idx": 115,
    "success": null,
    "target_pos": [
        0.14032389871151574,
        0.026167577231707394
    ],
    "terminated": false,
    "truncated": false
}