{
    "action": [
        0.57919414646965,
        0.04598683619347588
    ],
    "ep_idx": 8,
    "finger_pos": [
        0.13693868471318638,
        0.0073948992481036036
    ],
    "id": 1663319197088924983,
    "observation": [
        -0.9086252450942993,
        1.9251487255096436,
        0.00338521390222013,
        0.018772678449749947,
        -1.9654350280761719,
        -0.8806377649307251
    ],
    "qpos": [
        -0.9086252213848385,
        1.925148712186512
    ],
    "qvel": [
        -1.9654350831401883,
        -0.8806377445212549
    ],
    "render_time": 0.0019068717956542969,
    "reward": 2.0,
    "score": 0.007,
    "step_idx": 116,
    "success": null,
    "target_pos": [
        0.14032389871151574,
        0.026167577231707394
    ],
    "terminated": false,
    "truncated": false
}