{
    "action": [
        -0.2930249909909681,
        0.9162921433931328
    ],
    "ep_idx": 8,
    "finger_pos": [
        0.13901778187095937,
        0.0028149757788896307
    ],
    "id": 1663319197088924983,
    "observation": [
        -0.9326074123382568,
        1.9057073593139648,
        0.0013061168137937784,
        0.023352600634098053,
        -0.21517758071422577,
        -0.3754150867462158
    ],
    "qpos": [
        -0.9326074127443377,
        1.905707359614069
    ],
    "qvel": [
        -0.2151775865053145,
        -0.3754150742924267
    ],
    "render_time": 0.0019173622131347656,
    "reward": 2.0,
    "score": 0.009,
    "step_idx": 117,
    "success": null,
    "target_pos": [
        0.14032389871151574,
        0.026167577231707394
    ],
    "terminated": false,
    "truncated": false
}