{
    "action": [
        0.23028495976148955,
        0.5741893871158752
    ],
    "ep_idx": 8,
    "finger_pos": [
        0.12728526381719762,
        0.005648291855853596
    ],
    "id": 1663319197088924983,
    "observation": [
        -0.9668150544166565,
        2.022321939468384,
        0.01303863525390625,
        0.020519284531474113,
        -0.980172872543335,
        3.5254058837890625
    ],
    "qpos": [
        -0.9668150378883638,
        2.022322020513621
    ],
    "qvel": [
        -0.9801728741103095,
        3.5254057687442106
    ],
    "render_time": 0.0019152164459228516,
    "reward": 2.0,
    "score": 0.011,
    "step_idx": 118,
    "success": null,
    "target_pos": [
        0.14032389871151574,
        0.026167577231707394
    ],
    "terminated": false,
    "truncated": false
}