{
    "action": [
        0.6761688111499844,
        -0.5818331918722526
    ],
    "ep_idx": 8,
    "finger_pos": [
        0.11447814511892054,
        0.010774042648426019
    ],
    "id": 1663319197088924983,
    "observation": [
        -0.9773291349411011,
        2.142334222793579,
        0.025845753028988838,
        0.015393534675240517,
        -0.06221664696931839,
        2.9160683155059814
    ],
    "qpos": [
        -0.9773291258080492,
        2.1423342520268047
    ],
    "qvel": [
        -0.062216646738627646,
        2.916068379214812
    ],
    "render_time": 0.002095460891723633,
    "reward": 0.0,
    "score": 0.011,
    "step_idx": 119,
    "success": null,
    "target_pos": [
        0.14032389871151574,
        0.026167577231707394
    ],
    "terminated": false,
    "truncated": false
}