{
    "action": [
        0.9419130487254441,
        -0.6999429625528908
    ],
    "ep_idx": 8,
    "finger_pos": [
        0.11793407218091287,
        0.014726580172488804
    ],
    "id": 1663319197088924983,
    "observation": [
        -0.9284935593605042,
        2.1054437160491943,
        0.02238982729613781,
        0.011440997011959553,
        1.5356800556182861,
        -1.662189245223999
    ],
    "qpos": [
        -0.9284935436667013,
        2.105443620139917
    ],
    "qvel": [
        1.535680091760161,
        -1.6621892580800826
    ],
    "render_time": 0.0018935203552246094,
    "reward": 0.0,
    "score": 0.011,
    "step_idx": 120,
    "success": null,
    "target_pos": [
        0.14032389871151574,
        0.026167577231707394
    ],
    "terminated": false,
    "truncated": false
}