{
    "action": [
        -0.5266519984135611,
        0.743581618139646
    ],
    "ep_idx": 8,
    "finger_pos": [
        0.12934596380653873,
        0.02172680506743359
    ],
    "id": 1663319197088924983,
    "observation": [
        -0.8262060880661011,
        1.9852536916732788,
        0.010977935045957565,
        0.004440772347152233,
        2.824509620666504,
        -3.2779154777526855
    ],
    "qpos": [
        -0.8262061039179619,
        1.9852537159833903
    ],
    "qvel": [
        2.8245097109698367,
        -3.2779155063515146
    ],
    "render_time": 0.0019445419311523438,
    "reward": 2.0,
    "score": 0.013,
    "step_idx": 121,
    "success": null,
    "target_pos": [
        0.14032389871151574,
        0.026167577231707394
    ],
    "terminated": false,
    "truncated": false
}