{
    "action": [
        -0.18420460627325075,
        0.7533284194396623
    ],
    "ep_idx": 8,
    "finger_pos": [
        0.1221071223067555,
        0.028425600276101
    ],
    "id": 1663319197088924983,
    "observation": [
        -0.7924334406852722,
        2.042304515838623,
        0.018216775730252266,
        -0.002258023014292121,
        0.35929954051971436,
        2.3321189880371094
    ],
    "qpos": [
        -0.792433460091121,
        2.042304505679623
    ],
    "qvel": [
        0.3592995341329047,
        2.3321189755100593
    ],
    "render_time": 0.002118349075317383,
    "reward": 2.0,
    "score": 0.015,
    "step_idx": 122,
    "success": null,
    "target_pos": [
        0.14032389871151574,
        0.026167577231707394
    ],
    "terminated": false,
    "truncated": false
}