{
    "action": [
        0.6807066074081072,
        0.8857801158355543
    ],
    "ep_idx": 8,
    "finger_pos": [
        0.10684401357212475,
        0.032297604172193156
    ],
    "id": 1663319197088924983,
    "observation": [
        -0.7935187220573425,
        2.174145460128784,
        0.03347988426685333,
        -0.0061300271190702915,
        -0.12037815153598785,
        3.4749341011047363
    ],
    "qpos": [
        -0.7935187224220788,
        2.174145538771137
    ],
    "qvel": [
        -0.12037815508673033,
        3.474934001824747
    ],
    "render_time": 0.0019195079803466797,
    "reward": 0.0,
    "score": 0.015,
    "step_idx": 123,
    "success": null,
    "target_pos": [
        0.14032389871151574,
        0.026167577231707394
    ],
    "terminated": false,
    "truncated": false
}