{
    "action": [
        0.3081136610651001,
        0.2809764080726225
    ],
    "ep_idx": 8,
    "finger_pos": [
        0.08611109557491885,
        0.038264958840108027
    ],
    "id": 1663319197088924983,
    "observation": [
        -0.7491514682769775,
        2.334622859954834,
        0.05421280488371849,
        -0.012097381986677647,
        1.4813170433044434,
        4.131534576416016
    ],
    "qpos": [
        -0.7491514859061964,
        2.334622861800273
    ],
    "qvel": [
        1.4813170967441383,
        4.131534721308111
    ],
    "render_time": 0.0019109249114990234,
    "reward": 0.0,
    "score": 0.015,
    "step_idx": 124,
    "success": null,
    "target_pos": [
        0.14032389871151574,
        0.026167577231707394
    ],
    "terminated": false,
    "truncated": false
}