{
    "action": [
        0.23058571390500826,
        0.10658306508736048
    ],
    "ep_idx": 8,
    "finger_pos": [
        0.0721526701844178,
        0.04245063017182439
    ],
    "id": 1663319197088924983,
    "observation": [
        -0.6826910376548767,
        2.428992509841919,
        0.06817122548818588,
        -0.016283052042126656,
        1.6827442646026611,
        2.012009382247925
    ],
    "qpos": [
        -0.6826910214588979,
        2.4289925067176803
    ],
    "qvel": [
        1.682744217919236,
        2.012009332732222
    ],
    "render_time": 0.0019099712371826172,
    "reward": 0.0,
    "score": 0.015,
    "step_idx": 125,
    "success": null,
    "target_pos": [
        0.14032389871151574,
        0.026167577231707394
    ],
    "terminated": false,
    "truncated": false
}