{
    "action": [
        0.22151035266397945,
        -0.6282197346747955
    ],
    "ep_idx": 8,
    "finger_pos": [
        0.06465340360446552,
        0.04551588908714965
    ],
    "id": 1663319197088924983,
    "observation": [
        -0.621670663356781,
        2.4701499938964844,
        0.07567049562931061,
        -0.01934831216931343,
        1.475931167602539,
        0.8382210731506348
    ],
    "qpos": [
        -0.6216706691548971,
        2.470150096918131
    ],
    "qvel": [
        1.4759312213664617,
        0.8382210963681498
    ],
    "render_time": 0.0019137859344482422,
    "reward": 0.0,
    "score": 0.015,
    "step_idx": 126,
    "success": null,
    "target_pos": [
        0.14032389871151574,
        0.026167577231707394
    ],
    "terminated": false,
    "truncated": false
}