{
    "action": [
        -0.054945444297956225,
        -0.14056639392073045
    ],
    "ep_idx": 8,
    "finger_pos": [
        0.07023831426034208,
        0.05116598819907872
    ],
    "id": 1663319197088924983,
    "observation": [
        -0.570726215839386,
        2.4006006717681885,
        0.07008558511734009,
        -0.024998411536216736,
        1.2272111177444458,
        -2.238593816757202
    ],
    "qpos": [
        -0.5707262350473071,
        2.4006007033470222
    ],
    "qvel": [
        1.2272111301634043,
        -2.2385937363587676
    ],
    "render_time": 0.0019154548645019531,
    "reward": 0.0,
    "score": 0.015,
    "step_idx": 127,
    "success": null,
    "target_pos": [
        0.14032389871151574,
        0.026167577231707394
    ],
    "terminated": false,
    "truncated": false
}