{
    "action": [
        -0.6534781840150017,
        -0.8653794405863215
    ],
    "ep_idx": 8,
    "finger_pos": [
        0.07471422392232328,
        0.0547234656156856
    ],
    "id": 1663319197088924983,
    "observation": [
        -0.5424681305885315,
        2.3492677211761475,
        0.06560967117547989,
        -0.028555888682603836,
        0.5640355944633484,
        -1.090894341468811
    ],
    "qpos": [
        -0.5424681333343074,
        2.3492677493787237
    ],
    "qvel": [
        0.5640356046419016,
        -1.0908942866754974
    ],
    "render_time": 0.0019011497497558594,
    "reward": 0.0,
    "score": 0.015,
    "step_idx": 128,
    "success": null,
    "target_pos": [
        0.14032389871151574,
        0.026167577231707394
    ],
    "terminated": false,
    "truncated": false
}