{
    "action": [
        -0.46450678292680436,
        -0.07949950508558401
    ],
    "ep_idx": 8,
    "finger_pos": [
        0.0913129677362749,
        0.054671634729159924
    ],
    "id": 1663319197088924983,
    "observation": [
        -0.5718656778335571,
        2.22269868850708,
        0.04901093244552612,
        -0.028504056856036186,
        -1.0572346448898315,
        -3.559938907623291
    ],
    "qpos": [
        -0.571865662154571,
        2.222698754273976
    ],
    "qvel": [
        -1.05723463262271,
        -3.5599388571191977
    ],
    "render_time": 0.0019049644470214844,
    "reward": 0.0,
    "score": 0.015,
    "step_idx": 129,
    "success": null,
    "target_pos": [
        0.14032389871151574,
        0.026167577231707394
    ],
    "terminated": false,
    "truncated": false
}