{
    "action": [
        -0.9516050246370447,
        -0.04661030400605948
    ],
    "ep_idx": 8,
    "finger_pos": [
        0.10162274120912845,
        0.049396868969384264
    ],
    "id": 1663319197088924983,
    "observation": [
        -0.6281477212905884,
        2.161196231842041,
        0.03870115801692009,
        -0.023229291662573814,
        -1.5177499055862427,
        -1.143782377243042
    ],
    "qpos": [
        -0.628147729970508,
        2.1611962929705633
    ],
    "qvel": [
        -1.5177499200582996,
        -1.1437823648303773
    ],
    "render_time": 0.001911163330078125,
    "reward": 0.0,
    "score": 0.015,
    "step_idx": 130,
    "success": null,
    "target_pos": [
        0.14032389871151574,
        0.026167577231707394
    ],
    "terminated": false,
    "truncated": false
}