{
    "action": [
        -0.48288047838060133,
        0.10941292754070964
    ],
    "ep_idx": 8,
    "finger_pos": [
        0.10863316518552307,
        0.038456300074060784
    ],
    "id": 1663319197088924983,
    "observation": [
        -0.7297207117080688,
        2.139911651611328,
        0.03169073536992073,
        -0.012288723140954971,
        -2.820472478866577,
        -0.43100836873054504
    ],
    "qpos": [
        -0.7297207211690562,
        2.1399117331474313
    ],
    "qvel": [
        -2.8204725451481214,
        -0.43100835815136934
    ],
    "render_time": 0.0019075870513916016,
    "reward": 0.0,
    "score": 0.015,
    "step_idx": 131,
    "success": null,
    "target_pos": [
        0.14032389871151574,
        0.026167577231707394
    ],
    "terminated": false,
    "truncated": false
}