{
    "action": [
        0.2941258022505815,
        -0.5440823291651355
    ],
    "ep_idx": 8,
    "finger_pos": [
        0.11182419656422737,
        0.026605411045235297
    ],
    "id": 1663319197088924983,
    "observation": [
        -0.8377703428268433,
        2.1426987648010254,
        0.028499701991677284,
        -0.0004378338053356856,
        -2.669327974319458,
        0.17075376212596893
    ],
    "qpos": [
        -0.8377703340690489,
        2.142698697879228
    ],
    "qvel": [
        -2.669327922886152,
        0.17075375793355924
    ],
    "render_time": 0.0019114017486572266,
    "reward": 0.0,
    "score": 0.015,
    "step_idx": 132,
    "success": null,
    "target_pos": [
        0.14032389871151574,
        0.026167577231707394
    ],
    "terminated": false,
    "truncated": false
}