{
    "action": [
        0.16279134256766126,
        -0.24422585061452184
    ],
    "ep_idx": 8,
    "finger_pos": [
        0.12150345082903402,
        0.017775886903212565
    ],
    "id": 1663319197088924983,
    "observation": [
        -0.8884191513061523,
        2.067376136779785,
        0.018820447847247124,
        0.00839169044047594,
        -0.8772567510604858,
        -2.259293556213379
    ],
    "qpos": [
        -0.8884191508960596,
        2.0673760393641345
    ],
    "qvel": [
        -0.8772567372937855,
        -2.2592936713442286
    ],
    "render_time": 0.0019097328186035156,
    "reward": 2.0,
    "score": 0.017,
    "step_idx": 133,
    "success": null,
    "target_pos": [
        0.14032389871151574,
        0.026167577231707394
    ],
    "terminated": false,
    "truncated": false
}