{
    "action": [
        0.7478585218007734,
        -0.4199949268263985
    ],
    "ep_idx": 8,
    "finger_pos": [
        0.12899998869385887,
        0.012685568998134084
    ],
    "id": 1663319197088924983,
    "observation": [
        -0.9022266268730164,
        2.0004982948303223,
        0.01132391020655632,
        0.013482008129358292,
        -0.20095402002334595,
        -1.5512248277664185
    ],
    "qpos": [
        -0.902226603766581,
        2.0004983950421855
    ],
    "qvel": [
        -0.20095401487038533,
        -1.5512248794419725
    ],
    "render_time": 0.0019366741180419922,
    "reward": 2.0,
    "score": 0.019,
    "step_idx": 134,
    "success": null,
    "target_pos": [
        0.14032389871151574,
        0.026167577231707394
    ],
    "terminated": false,
    "truncated": false
}