{
    "action": [
        -0.6896177663905947,
        -0.7290359036814056
    ],
    "ep_idx": 8,
    "finger_pos": [
        0.1373592484653876,
        0.013279000504186983
    ],
    "id": 1663319197088924983,
    "observation": [
        -0.8618201017379761,
        1.9163882732391357,
        0.0029646502807736397,
        0.012888576835393906,
        1.3381075859069824,
        -2.2020034790039062
    ],
    "qpos": [
        -0.8618200927566849,
        1.9163882326733237
    ],
    "qvel": [
        1.3381075988100355,
        -2.202003482977103
    ],
    "render_time": 0.0019061565399169922,
    "reward": 2.0,
    "score": 0.021,
    "step_idx": 135,
    "success": null,
    "target_pos": [
        0.14032389871151574,
        0.026167577231707394
    ],
    "terminated": false,
    "truncated": false
}