{
    "action": [
        0.8875255340281798,
        -0.09171641039059542
    ],
    "ep_idx": 8,
    "finger_pos": [
        0.14892933513010315,
        0.0061883922240136
    ],
    "id": 1663319197088924983,
    "observation": [
        -0.8591548800468445,
        1.8013670444488525,
        -0.00860543642193079,
        0.019979184493422508,
        -0.28493785858154297,
        -3.00960111618042
    ],
    "qpos": [
        -0.8591548988283918,
        1.8013670979492853
    ],
    "qvel": [
        -0.2849378619232611,
        -3.0096011428346907
    ],
    "render_time": 0.0019202232360839844,
    "reward": 2.0,
    "score": 0.023,
    "step_idx": 136,
    "success": null,
    "target_pos": [
        0.14032389871151574,
        0.026167577231707394
    ],
    "terminated": false,
    "truncated": false
}