{
    "action": [
        -0.6948978347828612,
        -0.8969673131696867
    ],
    "ep_idx": 8,
    "finger_pos": [
        0.15521721927110887,
        0.006624366998418299
    ],
    "id": 1663319197088924983,
    "observation": [
        -0.8240717053413391,
        1.7334476709365845,
        -0.014893320389091969,
        0.019543210044503212,
        1.2105129957199097,
        -1.4291791915893555
    ],
    "qpos": [
        -0.8240716954444883,
        1.7334477084306559
    ],
    "qvel": [
        1.2105129880066654,
        -1.4291791450779772
    ],
    "render_time": 0.0019259452819824219,
    "reward": 2.0,
    "score": 0.025,
    "step_idx": 137,
    "success": null,
    "target_pos": [
        0.14032389871151574,
        0.026167577231707394
    ],
    "terminated": false,
    "truncated": false
}