{
    "action": [
        -0.9155164551677561,
        -0.23628285123751946
    ],
    "ep_idx": 8,
    "finger_pos": [
        0.16633885596394274,
        -0.0017170827440620845
    ],
    "id": 1663319197088924983,
    "observation": [
        -0.8153164982795715,
        1.6099882125854492,
        -0.026014957576990128,
        0.02788466028869152,
        -0.0811140239238739,
        -3.4078636169433594
    ],
    "qpos": [
        -0.8153165265451764,
        1.6099881863559091
    ],
    "qvel": [
        -0.08111402138080859,
        -3.4078635057051043
    ],
    "render_time": 0.0019290447235107422,
    "reward": 0.0,
    "score": 0.025,
    "step_idx": 138,
    "success": null,
    "target_pos": [
        0.14032389871151574,
        0.026167577231707394
    ],
    "terminated": false,
    "truncated": false
}