{
    "action": [
        0.745910827613024,
        0.7986076136581006
    ],
    "ep_idx": 8,
    "finger_pos": [
        0.17068335384855665,
        -0.016374228496982682
    ],
    "id": 1663319197088924983,
    "observation": [
        -0.8706054091453552,
        1.5499294996261597,
        -0.030359454452991486,
        0.042541805654764175,
        -1.7172110080718994,
        -1.182948112487793
    ],
    "qpos": [
        -0.8706054027702681,
        1.5499294430546469
    ],
    "qvel": [
        -1.7172109832243898,
        -1.182948126722378
    ],
    "render_time": 0.0019576549530029297,
    "reward": 0.0,
    "score": 0.025,
    "step_idx": 139,
    "success": null,
    "target_pos": [
        0.14032389871151574,
        0.026167577231707394
    ],
    "terminated": false,
    "truncated": false
}