{
    "action": [
        0.6131107054712797,
        -0.8844884840740683
    ],
    "ep_idx": 8,
    "finger_pos": [
        0.16484042278082572,
        -0.015639502178492318
    ],
    "id": 1663319197088924983,
    "observation": [
        -0.9040120244026184,
        1.6188371181488037,
        -0.024516524747014046,
        0.04180707782506943,
        -0.5123855471611023,
        2.286186933517456
    ],
    "qpos": [
        -0.9040119983637958,
        1.6188370601914792
    ],
    "qvel": [
        -0.5123855494365422,
        2.286186891115143
    ],
    "render_time": 0.0019502639770507812,
    "reward": 0.0,
    "score": 0.025,
    "step_idx": 140,
    "success": null,
    "target_pos": [
        0.14032389871151574,
        0.026167577231707394
    ],
    "terminated": false,
    "truncated": false
}