{
    "action": [
        -0.4962687443021685,
        0.06744891954066845
    ],
    "ep_idx": 8,
    "finger_pos": [
        0.17341991010615593,
        -0.018003639028383478
    ],
    "id": 1663319197088924983,
    "observation": [
        -0.861075222492218,
        1.515260934829712,
        -0.033096011728048325,
        0.04417121782898903,
        1.4091123342514038,
        -3.4447028636932373
    ],
    "qpos": [
        -0.8610752126215485,
        1.5152609705252356
    ],
    "qvel": [
        1.4091123450378573,
        -3.4447028983485213
    ],
    "render_time": 0.0019161701202392578,
    "reward": 0.0,
    "score": 0.025,
    "step_idx": 141,
    "success": null,
    "target_pos": [
        0.14032389871151574,
        0.026167577231707394
    ],
    "terminated": false,
    "truncated": false
}