{
    "action": [
        0.9057026428770512,
        0.4295293532763633
    ],
    "ep_idx": 8,
    "finger_pos": [
        0.17479133093561186,
        -0.019536181372617742
    ],
    "id": 1663319197088924983,
    "observation": [
        -0.859627902507782,
        1.4966425895690918,
        -0.0344674326479435,
        0.04570375755429268,
        -0.2839156687259674,
        0.04338512942194939
    ],
    "qpos": [
        -0.8596279201757003,
        1.4966425615066696
    ],
    "qvel": [
        -0.28391568267877154,
        0.04338512790730742
    ],
    "render_time": 0.001940011978149414,
    "reward": 0.0,
    "score": 0.025,
    "step_idx": 142,
    "success": null,
    "target_pos": [
        0.14032389871151574,
        0.026167577231707394
    ],
    "terminated": false,
    "truncated": false
}