{
    "action": [
        -0.06119409380971552,
        0.8988807109748873
    ],
    "ep_idx": 8,
    "finger_pos": [
        0.17237002707011048,
        -0.01110304139187962
    ],
    "id": 1663319197088924983,
    "observation": [
        -0.8317558169364929,
        1.5348613262176514,
        -0.032046128064394,
        0.037270620465278625,
        1.0105869770050049,
        1.1444728374481201
    ],
    "qpos": [
        -0.8317558139454592,
        1.5348613794729176
    ],
    "qvel": [
        1.0105869419547995,
        1.1444728130465225
    ],
    "render_time": 0.0019366741180419922,
    "reward": 0.0,
    "score": 0.025,
    "step_idx": 143,
    "success": null,
    "target_pos": [
        0.14032389871151574,
        0.026167577231707394
    ],
    "terminated": false,
    "truncated": false
}