{
    "action": [
        0.4967960170368071,
        0.3564058708005522
    ],
    "ep_idx": 8,
    "finger_pos": [
        0.16053206521724003,
        0.003415139597364461
    ],
    "id": 1663319197088924983,
    "observation": [
        -0.8166160583496094,
        1.6757735013961792,
        -0.020208166912198067,
        0.022752437740564346,
        0.2790871858596802,
        3.9196736812591553
    ],
    "qpos": [
        -0.8166160836088415,
        1.6757735065699249
    ],
    "qvel": [
        0.2790871945881298,
        3.919673764234008
    ],
    "render_time": 0.001955747604370117,
    "reward": 0.0,
    "score": 0.025,
    "step_idx": 144,
    "success": null,
    "target_pos": [
        0.14032389871151574,
        0.026167577231707394
    ],
    "terminated": false,
    "truncated": false
}