{
    "action": [
        0.9293190806724381,
        -0.010114639339678932
    ],
    "ep_idx": 8,
    "finger_pos": [
        0.15136882632980508,
        0.017172360268416564
    ],
    "id": 1663319197088924983,
    "observation": [
        -0.7701483368873596,
        1.766224980354309,
        -0.01104492787271738,
        0.008995217271149158,
        1.3671424388885498,
        1.9826641082763672
    ],
    "qpos": [
        -0.7701483516914783,
        1.7662250338984344
    ],
    "qvel": [
        1.3671424785777757,
        1.9826641429906782
    ],
    "render_time": 0.002015352249145508,
    "reward": 2.0,
    "score": 0.027,
    "step_idx": 145,
    "success": null,
    "target_pos": [
        0.14032389871151574,
        0.026167577231707394
    ],
    "terminated": false,
    "truncated": false
}