{
    "action": [
        0.9273689549102675,
        -0.25302802209533426
    ],
    "ep_idx": 8,
    "finger_pos": [
        0.1475570761036509,
        0.03274762554799901
    ],
    "id": 1663319197088924983,
    "observation": [
        -0.6711336970329285,
        1.7790520191192627,
        -0.007233177311718464,
        -0.006580048240721226,
        2.750678062438965,
        0.021094053983688354
    ],
    "qpos": [
        -0.6711336968393743,
        1.779051973918529
    ],
    "qvel": [
        2.7506780528857053,
        0.02109405308423873
    ],
    "render_time": 0.0019903182983398438,
    "reward": 2.0,
    "score": 0.029,
    "step_idx": 146,
    "success": null,
    "target_pos": [
        0.14032389871151574,
        0.026167577231707394
    ],
    "terminated": false,
    "truncated": false
}