{
    "action": [
        -0.5149372433221961,
        0.2325127822853068
    ],
    "ep_idx": 8,
    "finger_pos": [
        0.1468751331276325,
        0.050423885678253434
    ],
    "id": 1663319197088924983,
    "observation": [
        -0.5363966226577759,
        1.7342005968093872,
        -0.006551234517246485,
        -0.024256307631731033,
        3.515472650527954,
        -1.3375543355941772
    ],
    "qpos": [
        -0.5363966360065795,
        1.73420055262435
    ],
    "qvel": [
        3.515472542319582,
        -1.3375543511211148
    ],
    "render_time": 0.00201416015625,
    "reward": 1.0,
    "score": 0.03,
    "step_idx": 147,
    "success": null,
    "target_pos": [
        0.14032389871151574,
        0.026167577231707394
    ],
    "terminated": false,
    "truncated": false
}