{
    "action": [
        -0.2191559154069449,
        -0.11283330055603047
    ],
    "ep_idx": 8,
    "finger_pos": [
        0.14018833829336327,
        0.06097347266453842
    ],
    "id": 1663319197088924983,
    "observation": [
        -0.4699677526950836,
        1.7604544162750244,
        0.0001355604181298986,
        -0.034805893898010254,
        1.180105209350586,
        1.0261633396148682
    ],
    "qpos": [
        -0.46996775483286646,
        1.7604543950064282
    ],
    "qvel": [
        1.1801052191765962,
        1.0261633878647534
    ],
    "render_time": 0.002005338668823242,
    "reward": 0.0,
    "score": 0.03,
    "step_idx": 148,
    "success": null,
    "target_pos": [
        0.14032389871151574,
        0.026167577231707394
    ],
    "terminated": false,
    "truncated": false
}