{
    "action": [
        0.5872434205543382,
        -0.7800015809519716
    ],
    "ep_idx": 8,
    "finger_pos": [
        0.13781703562462727,
        0.0650578455285081
    ],
    "id": 1663319197088924983,
    "observation": [
        -0.4417360723018646,
        1.765565037727356,
        0.0025068630930036306,
        -0.03889026865363121,
        0.5455765724182129,
        -0.04375067353248596
    ],
    "qpos": [
        -0.4417360763098548,
        1.765565046589925
    ],
    "qvel": [
        0.5455765702467583,
        -0.04375067418214834
    ],
    "render_time": 0.0019958019256591797,
    "reward": 0.0,
    "score": 0.03,
    "step_idx": 149,
    "success": null,
    "target_pos": [
        0.14032389871151574,
        0.026167577231707394
    ],
    "terminated": false,
    "truncated": false
}