{
    "action": [
        0.18081155467447374,
        -0.7528832588848962
    ],
    "ep_idx": 8,
    "finger_pos": [
        0.14670452787664093,
        0.06995277574124578
    ],
    "id": 1663319197088924983,
    "observation": [
        -0.3819027841091156,
        1.6536825895309448,
        -0.006380629260092974,
        -0.04378519952297211,
        1.7148648500442505,
        -3.3067314624786377
    ],
    "qpos": [
        -0.3819027908206002,
        1.6536825432319877
    ],
    "qvel": [
        1.714864872663047,
        -3.3067315462476468
    ],
    "render_time": 0.001988649368286133,
    "reward": 0.0,
    "score": 0.03,
    "step_idx": 150,
    "success": null,
    "target_pos": [
        0.14032389871151574,
        0.026167577231707394
    ],
    "terminated": false,
    "truncated": false
}