{
    "action": [
        -0.37919376727267284,
        -0.3876316024838973
    ],
    "ep_idx": 8,
    "finger_pos": [
        0.15847587221365575,
        0.07370497567962915
    ],
    "id": 1663319197088924983,
    "observation": [
        -0.3197205066680908,
        1.5100984573364258,
        -0.01815197430551052,
        -0.04753739759325981,
        1.50602388381958,
        -3.643385887145996
    ],
    "qpos": [
        -0.3197205029058208,
        1.5100984547043101
    ],
    "qvel": [
        1.5060239245091351,
        -3.643385794562321
    ],
    "render_time": 0.00200653076171875,
    "reward": 0.0,
    "score": 0.03,
    "step_idx": 151,
    "success": null,
    "target_pos": [
        0.14032389871151574,
        0.026167577231707394
    ],
    "terminated": false,
    "truncated": false
}