{
    "action": [
        -0.9127737495818635,
        -0.7569745771557714
    ],
    "ep_idx": 8,
    "finger_pos": [
        0.1664427398976405,
        0.07275158611331983
    ],
    "id": 1663319197088924983,
    "observation": [
        -0.3002191483974457,
        1.4245822429656982,
        -0.026118841022253036,
        -0.04658401012420654,
        0.23352867364883423,
        -1.8817627429962158
    ],
    "qpos": [
        -0.3002191441710279,
        1.4245821950735047
    ],
    "qvel": [
        0.2335286761471539,
        -1.8817627266351713
    ],
    "render_time": 0.001987934112548828,
    "reward": 0.0,
    "score": 0.03,
    "step_idx": 152,
    "success": null,
    "target_pos": [
        0.14032389871151574,
        0.026167577231707394
    ],
    "terminated": false,
    "truncated": false
}