{
    "action": [
        -0.9403496129758457,
        -0.8767234239699679
    ],
    "ep_idx": 8,
    "finger_pos": [
        0.17935568189253698,
        0.06177511456940308
    ],
    "id": 1663319197088924983,
    "observation": [
        -0.327631413936615,
        1.3186674118041992,
        -0.03903178498148918,
        -0.03560753911733627,
        -0.9610583186149597,
        -2.8121418952941895
    ],
    "qpos": [
        -0.32763140976244537,
        1.3186673800520448
    ],
    "qvel": [
        -0.9610583220837324,
        -2.812141967954586
    ],
    "render_time": 0.0020592212677001953,
    "reward": 0.0,
    "score": 0.03,
    "step_idx": 153,
    "success": null,
    "target_pos": [
        0.14032389871151574,
        0.026167577231707394
    ],
    "terminated": false,
    "truncated": false
}