{
    "action": [
        -0.6000689395860328,
        0.9282955162419835
    ],
    "ep_idx": 8,
    "finger_pos": [
        0.19558905069123075,
        0.039562463798753285
    ],
    "id": 1663319197088924983,
    "observation": [
        -0.3894871771335602,
        1.1781355142593384,
        -0.0552651509642601,
        -0.013394886627793312,
        -1.7234898805618286,
        -3.6631619930267334
    ],
    "qpos": [
        -0.3894871738339334,
        1.1781354878140022
    ],
    "qvel": [
        -1.7234898643842151,
        -3.6631619257651047
    ],
    "render_time": 0.002010345458984375,
    "reward": 0.0,
    "score": 0.03,
    "step_idx": 154,
    "success": null,
    "target_pos": [
        0.14032389871151574,
        0.026167577231707394
    ],
    "terminated": false,
    "truncated": false
}