{
    "action": [
        0.9688698062566405,
        0.2187633054174538
    ],
    "ep_idx": 8,
    "finger_pos": [
        0.19153477634237545,
        0.02363487017056059
    ],
    "id": 1663319197088924983,
    "observation": [
        -0.5138351321220398,
        1.2732234001159668,
        -0.05121087655425072,
        0.0025327070616185665,
        -3.31986141204834,
        3.2963666915893555
    ],
    "qpos": [
        -0.5138351081047813,
        1.2732234570648189
    ],
    "qvel": [
        -3.3198614623215343,
        3.29636662927868
    ],
    "render_time": 0.0027174949645996094,
    "reward": 0.0,
    "score": 0.03,
    "step_idx": 155,
    "success": null,
    "target_pos": [
        0.14032389871151574,
        0.026167577231707394
    ],
    "terminated": false,
    "truncated": false
}