{
    "action": [
        -0.39065895409244633,
        0.16581472202270575
    ],
    "ep_idx": 8,
    "finger_pos": [
        0.19071295258150056,
        0.017081118954392197
    ],
    "id": 1663319197088924983,
    "observation": [
        -0.5578025579452515,
        1.2942575216293335,
        -0.05038905516266823,
        0.009086458012461662,
        -0.5476083159446716,
        0.19239665567874908
    ],
    "qpos": [
        -0.5578025582400227,
        1.2942575203776137
    ],
    "qvel": [
        -0.5476082923341792,
        0.19239665465535705
    ],
    "render_time": 0.0019998550415039062,
    "reward": 0.0,
    "score": 0.03,
    "step_idx": 156,
    "success": null,
    "target_pos": [
        0.14032389871151574,
        0.026167577231707394
    ],
    "terminated": false,
    "truncated": false
}