{
    "action": [
        -0.8638876217573885,
        0.9260763322542536
    ],
    "ep_idx": 8,
    "finger_pos": [
        0.18865357604048905,
        0.012653529229492672
    ],
    "id": 1663319197088924983,
    "observation": [
        -0.5965579748153687,
        1.3270609378814697,
        -0.0483296774327755,
        0.013514048419892788,
        -1.0698816776275635,
        0.9071186780929565
    ],
    "qpos": [
        -0.5965579472066395,
        1.3270609323662343
    ],
    "qvel": [
        -1.0698816377850575,
        0.9071186539685805
    ],
    "render_time": 0.001995563507080078,
    "reward": 0.0,
    "score": 0.03,
    "step_idx": 157,
    "success": null,
    "target_pos": [
        0.14032389871151574,
        0.026167577231707394
    ],
    "terminated": false,
    "truncated": false
}