{
    "action": [
        -0.3875806628662035,
        -0.14871106960801117
    ],
    "ep_idx": 8,
    "finger_pos": [
        0.17677402007556609,
        0.009126173875024304
    ],
    "id": 1663319197088924983,
    "observation": [
        -0.6897966265678406,
        1.482754111289978,
        -0.03645012155175209,
        0.0170414038002491,
        -2.592938184738159,
        4.322373390197754
    ],
    "qpos": [
        -0.6897966329101543,
        1.4827541139798899
    ],
    "qvel": [
        -2.592938093108911,
        4.322373440033495
    ],
    "render_time": 0.0020246505737304688,
    "reward": 0.0,
    "score": 0.03,
    "step_idx": 158,
    "success": null,
    "target_pos": [
        0.14032389871151574,
        0.026167577231707394
    ],
    "terminated": false,
    "truncated": false
}