{
    "action": [
        -0.24545745801429253,
        -0.19741861780317427
    ],
    "ep_idx": 8,
    "finger_pos": [
        0.1747730807060403,
        -0.001720949941157443
    ],
    "id": 1663319197088924983,
    "observation": [
        -0.764868438243866,
        1.510043978691101,
        -0.03444918245077133,
        0.027888527140021324,
        -1.7794629335403442,
        0.08204551786184311
    ],
    "qpos": [
        -0.7648684410467911,
        1.5100439829696815
    ],
    "qvel": [
        -1.7794629185597948,
        0.08204552025146006
    ],
    "render_time": 0.002022266387939453,
    "reward": 0.0,
    "score": 0.03,
    "step_idx": 159,
    "success": null,
    "target_pos": [
        0.14032389871151574,
        0.026167577231707394
    ],
    "terminated": false,
    "truncated": false
}