{
    "action": [
        0.12956275594477806,
        -0.21646927401824256
    ],
    "ep_idx": 8,
    "finger_pos": [
        0.17662921183156072,
        -0.015161387260231446
    ],
    "id": 1663319197088924983,
    "observation": [
        -0.825341522693634,
        1.4794280529022217,
        -0.03630531206727028,
        0.04132896289229393,
        -1.4540445804595947,
        -0.9072903394699097
    ],
    "qpos": [
        -0.8253415146267054,
        1.4794280684546424
    ],
    "qvel": [
        -1.4540445777030115,
        -0.9072903106516841
    ],
    "render_time": 0.002003908157348633,
    "reward": 0.0,
    "score": 0.03,
    "step_idx": 160,
    "success": null,
    "target_pos": [
        0.14032389871151574,
        0.026167577231707394
    ],
    "terminated": false,
    "truncated": false
}