{
    "action": [
        0.01866279342230648,
        0.8019041476342448
    ],
    "ep_idx": 8,
    "finger_pos": [
        0.17949021383536867,
        -0.026578207272531268
    ],
    "id": 1663319197088924983,
    "observation": [
        -0.8605769276618958,
        1.4271382093429565,
        -0.03916631639003754,
        0.05274578556418419,
        -0.727135419845581,
        -1.3568801879882812
    ],
    "qpos": [
        -0.8605769322577752,
        1.4271381958609226
    ],
    "qvel": [
        -0.7271353916027504,
        -1.356880156267762
    ],
    "render_time": 0.0020155906677246094,
    "reward": 0.0,
    "score": 0.03,
    "step_idx": 161,
    "success": null,
    "target_pos": [
        0.14032389871151574,
        0.026167577231707394
    ],
    "terminated": false,
    "truncated": false
}