{
    "action": [
        -0.05560467234060784,
        -0.3565552190624788
    ],
    "ep_idx": 8,
    "finger_pos": [
        0.17233798189349697,
        -0.025622658194905085
    ],
    "id": 1663319197088924983,
    "observation": [
        -0.9059510827064514,
        1.516710877418518,
        -0.03201408311724663,
        0.051790233701467514,
        -1.1463927030563354,
        2.8497931957244873
    ],
    "qpos": [
        -0.9059510619778958,
        1.5167109127505922
    ],
    "qvel": [
        -1.1463927508115086,
        2.849793238369813
    ],
    "render_time": 0.0019998550415039062,
    "reward": 0.0,
    "score": 0.03,
    "step_idx": 162,
    "success": null,
    "target_pos": [
        0.14032389871151574,
        0.026167577231707394
    ],
    "terminated": false,
    "truncated": false
}