{
    "action": [
        0.912035186963539,
        0.5130707130947127
    ],
    "ep_idx": 8,
    "finger_pos": [
        0.17301004996297492,
        -0.03022539937732545
    ],
    "id": 1663319197088924983,
    "observation": [
        -0.9228041172027588,
        1.4996929168701172,
        -0.032686151564121246,
        0.05639297515153885,
        -0.3070351481437683,
        -0.978647768497467
    ],
    "qpos": [
        -0.922804091126647,
        1.499692951539058
    ],
    "qvel": [
        -0.307035160319289,
        -0.9786477843745576
    ],
    "render_time": 0.0020318031311035156,
    "reward": 0.0,
    "score": 0.03,
    "step_idx": 163,
    "success": null,
    "target_pos": [
        0.14032389871151574,
        0.026167577231707394
    ],
    "terminated": false,
    "truncated": false
}