{
    "action": [
        0.5157642895837056,
        0.5913477545984631
    ],
    "ep_idx": 8,
    "finger_pos": [
        0.1710879782234377,
        -0.022933074872319506
    ],
    "id": 1663319197088924983,
    "observation": [
        -0.9013336300849915,
        1.5361706018447876,
        -0.030764078721404076,
        0.04910065233707428,
        0.8343022465705872,
        1.2727376222610474
    ],
    "qpos": [
        -0.9013336210984481,
        1.5361705812313118
    ],
    "qvel": [
        0.8343022613254322,
        1.272737617301014
    ],
    "render_time": 0.002037525177001953,
    "reward": 0.0,
    "score": 0.03,
    "step_idx": 164,
    "success": null,
    "target_pos": [
        0.14032389871151574,
        0.026167577231707394
    ],
    "terminated": false,
    "truncated": false
}