{
    "action": [
        -0.6307567570608545,
        -0.24917661474144093
    ],
    "ep_idx": 8,
    "finger_pos": [
        0.16494196806088773,
        -0.0071697412498455265
    ],
    "id": 1663319197088924983,
    "observation": [
        -0.8556356430053711,
        1.624389410018921,
        -0.02461806870996952,
        0.033337317407131195,
        1.268074631690979,
        2.374527931213379
    ],
    "qpos": [
        -0.8556356229342172,
        1.6243894082348114
    ],
    "qvel": [
        1.2680746878519882,
        2.3745279846312255
    ],
    "render_time": 0.002015352249145508,
    "reward": 0.0,
    "score": 0.03,
    "step_idx": 165,
    "success": null,
    "target_pos": [
        0.14032389871151574,
        0.026167577231707394
    ],
    "terminated": false,
    "truncated": false
}