{
    "action": [
        -0.4345009581644981,
        0.13087740095334177
    ],
    "ep_idx": 8,
    "finger_pos": [
        0.16396781599570256,
        -0.002674292883137974
    ],
    "id": 1663319197088924983,
    "observation": [
        -0.8348454833030701,
        1.6370741128921509,
        -0.023643916472792625,
        0.02884186990559101,
        0.23231637477874756,
        -0.06102579087018967
    ],
    "qpos": [
        -0.8348454821944857,
        1.63707412707015
    ],
    "qvel": [
        0.23231636904671882,
        -0.06102579067038982
    ],
    "render_time": 0.002019643783569336,
    "reward": 0.0,
    "score": 0.03,
    "step_idx": 166,
    "success": null,
    "target_pos": [
        0.14032389871151574,
        0.026167577231707394
    ],
    "terminated": false,
    "truncated": false
}