{
    "action": [
        -0.9943454615538863,
        -0.3187355352547052
    ],
    "ep_idx": 8,
    "finger_pos": [
        0.16169110232549294,
        -0.0035519087332509802
    ],
    "id": 1663319197088924983,
    "observation": [
        -0.853318452835083,
        1.662709355354309,
        -0.021367203444242477,
        0.029719486832618713,
        -0.6452608704566956,
        0.7513484358787537
    ],
    "qpos": [
        -0.8533184238072548,
        1.6627094142413945
    ],
    "qvel": [
        -0.6452608548204437,
        0.7513484616727368
    ],
    "render_time": 0.002008199691772461,
    "reward": 0.0,
    "score": 0.03,
    "step_idx": 167,
    "success": null,
    "target_pos": [
        0.14032389871151574,
        0.026167577231707394
    ],
    "terminated": false,
    "truncated": false
}