{
    "action": [
        0.5727751036934607,
        0.27281917816024026
    ],
    "ep_idx": 8,
    "finger_pos": [
        0.1625817411437015,
        -0.015257360964792674
    ],
    "id": 1663319197088924983,
    "observation": [
        -0.9160577654838562,
        1.6449750661849976,
        -0.022257842123508453,
        0.041424937546253204,
        -1.858406901359558,
        -0.6919905543327332
    ],
    "qpos": [
        -0.9160577622037207,
        1.64497511330562
    ],
    "qvel": [
        -1.8584068481071772,
        -0.6919905254132191
    ],
    "render_time": 0.002002239227294922,
    "reward": 0.0,
    "score": 0.03,
    "step_idx": 168,
    "success": null,
    "target_pos": [
        0.14032389871151574,
        0.026167577231707394
    ],
    "terminated": false,
    "truncated": false
}