{
    "action": [
        -0.007061032026743463,
        -0.7633924995944303
    ],
    "ep_idx": 8,
    "finger_pos": [
        0.16139699904156424,
        -0.019677367004894267
    ],
    "id": 1663319197088924983,
    "observation": [
        -0.9478030204772949,
        1.6529655456542969,
        -0.021073101088404655,
        0.045844946056604385,
        -0.4736441969871521,
        0.40469634532928467
    ],
    "qpos": [
        -0.9478030383087248,
        1.6529654937808174
    ],
    "qvel": [
        -0.47364419065453045,
        0.4046963443807464
    ],
    "render_time": 0.002028942108154297,
    "reward": 0.0,
    "score": 0.03,
    "step_idx": 169,
    "success": null,
    "target_pos": [
        0.14032389871151574,
        0.026167577231707394
    ],
    "terminated": false,
    "truncated": false
}