{
    "action": [
        0.3876529083194955,
        0.8036313973507836
    ],
    "ep_idx": 8,
    "finger_pos": [
        0.16867758131025695,
        -0.028811960505725653
    ],
    "id": 1663319197088924983,
    "observation": [
        -0.9462034106254578,
        1.5540505647659302,
        -0.028353681787848473,
        0.054979536682367325,
        0.13088639080524445,
        -2.994194984436035
    ],
    "qpos": [
        -0.9462034036634296,
        1.554050561355067
    ],
    "qvel": [
        0.13088639417378087,
        -2.994194882270967
    ],
    "render_time": 0.0020351409912109375,
    "reward": 0.0,
    "score": 0.03,
    "step_idx": 170,
    "success": null,
    "target_pos": [
        0.14032389871151574,
        0.026167577231707394
    ],
    "terminated": false,
    "truncated": false
}