{
    "action": [
        -0.11854827707016802,
        -0.9501489140061874
    ],
    "ep_idx": 8,
    "finger_pos": [
        0.16410961527615153,
        -0.02337643232836531
    ],
    "id": 1663319197088924983,
    "observation": [
        -0.9498424530029297,
        1.616700530052185,
        -0.02378571592271328,
        0.04954401031136513,
        -0.04558232054114342,
        2.3856964111328125
    ],
    "qpos": [
        -0.9498424261325286,
        1.6167005224988975
    ],
    "qvel": [
        -0.04558232052026581,
        2.385696513571647
    ],
    "render_time": 0.0020284652709960938,
    "reward": 0.0,
    "score": 0.03,
    "step_idx": 171,
    "success": null,
    "target_pos": [
        0.14032389871151574,
        0.026167577231707394
    ],
    "terminated": false,
    "truncated": false
}