{
    "action": [
        0.5751392726990905,
        -0.3965487277484474
    ],
    "ep_idx": 8,
    "finger_pos": [
        0.1713873403192892,
        -0.029054253975823147
    ],
    "id": 1663319197088924983,
    "observation": [
        -0.9287015795707703,
        1.5215482711791992,
        -0.031063441187143326,
        0.05522182956337929,
        0.5729497075080872,
        -3.2310869693756104
    ],
    "qpos": [
        -0.9287015609269724,
        1.5215482934416098
    ],
    "qvel": [
        0.5729497138435025,
        -3.231087019075777
    ],
    "render_time": 0.002032756805419922,
    "reward": 0.0,
    "score": 0.03,
    "step_idx": 172,
    "success": null,
    "target_pos": [
        0.14032389871151574,
        0.026167577231707394
    ],
    "terminated": false,
    "truncated": false
}