{
    "action": [
        -0.8260685123192708,
        0.21623595985508026
    ],
    "ep_idx": 8,
    "finger_pos": [
        0.1794549878509085,
        -0.032439386054661914
    ],
    "id": 1663319197088924983,
    "observation": [
        -0.8865528106689453,
        1.415435791015625,
        -0.03913109004497528,
        0.058606963604688644,
        1.1987709999084473,
        -2.537663698196411
    ],
    "qpos": [
        -0.8865528177577963,
        1.4154357589357676
    ],
    "qvel": [
        1.198771040787727,
        -2.537663608644169
    ],
    "render_time": 0.0020220279693603516,
    "reward": 0.0,
    "score": 0.03,
    "step_idx": 173,
    "success": null,
    "target_pos": [
        0.14032389871151574,
        0.026167577231707394
    ],
    "terminated": false,
    "truncated": false
}