{
    "action": [
        -0.09320047247448215,
        0.24384169491590257
    ],
    "ep_idx": 8,
    "finger_pos": [
        0.17731413906292254,
        -0.03382336228349347
    ],
    "id": 1663319197088924983,
    "observation": [
        -0.9079970121383667,
        1.4390151500701904,
        -0.03699024021625519,
        0.05999093875288963,
        -0.9448453187942505,
        1.0861172676086426
    ],
    "qpos": [
        -0.9079970226425269,
        1.4390151025406648
    ],
    "qvel": [
        -0.9448453202927369,
        1.0861172920162003
    ],
    "render_time": 0.0020279884338378906,
    "reward": 0.0,
    "score": 0.03,
    "step_idx": 174,
    "success": null,
    "target_pos": [
        0.14032389871151574,
        0.026167577231707394
    ],
    "terminated": false,
    "truncated": false
}