{
    "action": [
        -0.06142810243218566,
        -0.34186625385991976
    ],
    "ep_idx": 8,
    "finger_pos": [
        0.17342707650155453,
        -0.0351702492769052
    ],
    "id": 1663319197088924983,
    "observation": [
        -0.941780686378479,
        1.4833970069885254,
        -0.033103179186582565,
        0.061337824910879135,
        -0.8145073652267456,
        1.1175289154052734
    ],
    "qpos": [
        -0.9417806927884634,
        1.4833969999570051
    ],
    "qvel": [
        -0.8145073437061733,
        1.1175288866703619
    ],
    "render_time": 0.0020341873168945312,
    "reward": 0.0,
    "score": 0.03,
    "step_idx": 175,
    "success": null,
    "target_pos": [
        0.14032389871151574,
        0.026167577231707394
    ],
    "terminated": false,
    "truncated": false
}