{
    "action": [
        0.7052504027164179,
        0.23829522413653303
    ],
    "ep_idx": 8,
    "finger_pos": [
        0.17496352567120962,
        -0.041473280697057524
    ],
    "id": 1663319197088924983,
    "observation": [
        -0.956663191318512,
        1.447838544845581,
        -0.0346396267414093,
        0.06764085590839386,
        -0.2994747757911682,
        -1.2292226552963257
    ],
    "qpos": [
        -0.9566631846187689,
        1.4478385297506546
    ],
    "qvel": [
        -0.29947476261766015,
        -1.229222629246702
    ],
    "render_time": 0.002048492431640625,
    "reward": 0.0,
    "score": 0.03,
    "step_idx": 176,
    "success": null,
    "target_pos": [
        0.14032389871151574,
        0.026167577231707394
    ],
    "terminated": false,
    "truncated": false
}