{
    "action": [
        0.03129869870851043,
        0.39341560058350344
    ],
    "ep_idx": 8,
    "finger_pos": [
        0.17558058671833543,
        -0.0388430899586792
    ],
    "id": 1663319197088924983,
    "observation": [
        -0.9415506720542908,
        1.4476615190505981,
        -0.03525668755173683,
        0.065010666847229,
        0.6063331365585327,
        0.23264379799365997
    ],
    "qpos": [
        -0.9415506955507087,
        1.4476615058198952
    ],
    "qvel": [
        0.6063331230838138,
        0.23264379403253216
    ],
    "render_time": 0.0020418167114257812,
    "reward": 0.0,
    "score": 0.03,
    "step_idx": 177,
    "success": null,
    "target_pos": [
        0.14032389871151574,
        0.026167577231707394
    ],
    "terminated": false,
    "truncated": false
}