{
    "action": [
        -0.6709567128850609,
        0.6225160496485598
    ],
    "ep_idx": 8,
    "finger_pos": [
        0.17236337248093508,
        -0.030674146118404355
    ],
    "id": 1663319197088924983,
    "observation": [
        -0.9293756484985352,
        1.5065146684646606,
        -0.032039474695920944,
        0.05684172362089157,
        0.2581818103790283,
        1.6763756275177002
    ],
    "qpos": [
        -0.9293756485570069,
        1.5065147252801092
    ],
    "qvel": [
        0.2581818225426975,
        1.6763756325580108
    ],
    "render_time": 0.002037525177001953,
    "reward": 0.0,
    "score": 0.03,
    "step_idx": 178,
    "success": null,
    "target_pos": [
        0.14032389871151574,
        0.026167577231707394
    ],
    "terminated": false,
    "truncated": false
}