{
    "action": [
        0.14415017197658941,
        0.19527404239306922
    ],
    "ep_idx": 8,
    "finger_pos": [
        0.16304981012272574,
        -0.024100037289147225
    ],
    "id": 1663319197088924983,
    "observation": [
        -0.9605258703231812,
        1.627561092376709,
        -0.022725911810994148,
        0.05026761442422867,
        -1.0397385358810425,
        3.226048707962036
    ],
    "qpos": [
        -0.9605258713284592,
        1.6275610992482594
    ],
    "qvel": [
        -1.0397385217799464,
        3.2260488158613256
    ],
    "render_time": 0.0020432472229003906,
    "reward": 0.0,
    "score": 0.03,
    "step_idx": 179,
    "success": null,
    "target_pos": [
        0.14032389871151574,
        0.026167577231707394
    ],
    "terminated": false,
    "truncated": false
}