{
    "action": [
        -0.9402952927085182,
        -0.03169549775968372
    ],
    "ep_idx": 8,
    "finger_pos": [
        0.15805455991510178,
        -0.02066698773383846
    ],
    "id": 1663319197088924983,
    "observation": [
        -0.974438488483429,
        1.6888352632522583,
        -0.01773066073656082,
        0.046834565699100494,
        -0.19484277069568634,
        1.2505614757537842
    ],
    "qpos": [
        -0.9744385093706706,
        1.6888352353978704
    ],
    "qvel": [
        -0.19484276371458026,
        1.250561532901909
    ],
    "render_time": 0.002060413360595703,
    "reward": 0.0,
    "score": 0.03,
    "step_idx": 180,
    "success": null,
    "target_pos": [
        0.14032389871151574,
        0.026167577231707394
    ],
    "terminated": false,
    "truncated": false
}