{
    "action": [
        0.3639785364550221,
        0.3665964632024141
    ],
    "ep_idx": 8,
    "finger_pos": [
        0.15472066212230262,
        -0.02604873895126844
    ],
    "id": 1663319197088924983,
    "observation": [
        -1.025072693824768,
        1.7165542840957642,
        -0.014396763406693935,
        0.052216317504644394,
        -1.590948224067688,
        0.5607935786247253
    ],
    "qpos": [
        -1.02507271702585,
        1.7165542504173879
    ],
    "qvel": [
        -1.5909482111470084,
        0.5607935832336332
    ],
    "render_time": 0.0020530223846435547,
    "reward": 0.0,
    "score": 0.03,
    "step_idx": 181,
    "success": null,
    "target_pos": [
        0.14032389871151574,
        0.026167577231707394
    ],
    "terminated": false,
    "truncated": false
}