{
    "action": [
        0.5102476543156544,
        -0.6269178120402761
    ],
    "ep_idx": 8,
    "finger_pos": [
        0.15052200803727173,
        -0.026842149140067287
    ],
    "id": 1663319197088924983,
    "observation": [
        -1.056578278541565,
        1.7602125406265259,
        -0.010198109783232212,
        0.053009726107120514,
        -0.5443682670593262,
        1.2173177003860474
    ],
    "qpos": [
        -1.0565783007144476,
        1.7602125178107892
    ],
    "qvel": [
        -0.5443682495057369,
        1.2173176869130362
    ],
    "render_time": 0.0020301342010498047,
    "reward": 0.0,
    "score": 0.03,
    "step_idx": 182,
    "success": null,
    "target_pos": [
        0.14032389871151574,
        0.026167577231707394
    ],
    "terminated": false,
    "truncated": false
}