{
    "action": [
        0.32064277277277853,
        0.4795250342662474
    ],
    "ep_idx": 8,
    "finger_pos": [
        0.1570015675669751,
        -0.030046239949064676
    ],
    "id": 1663319197088924983,
    "observation": [
        -1.0309916734695435,
        1.6838051080703735,
        -0.016677668318152428,
        0.05621381849050522,
        0.9181702733039856,
        -2.474820613861084
    ],
    "qpos": [
        -1.0309916815498439,
        1.6838051585260445
    ],
    "qvel": [
        0.918170259992032,
        -2.4748206818430507
    ],
    "render_time": 0.0020782947540283203,
    "reward": 0.0,
    "score": 0.03,
    "step_idx": 183,
    "success": null,
    "target_pos": [
        0.14032389871151574,
        0.026167577231707394
    ],
    "terminated": false,
    "truncated": false
}