{
    "action": [
        0.9016448241207675,
        0.8952954799919215
    ],
    "ep_idx": 8,
    "finger_pos": [
        0.15561465773113708,
        -0.023166328929987143
    ],
    "id": 1663319197088924983,
    "observation": [
        -1.00368332862854,
        1.711797833442688,
        -0.015290758572518826,
        0.049333907663822174,
        0.6835535764694214,
        1.2831140756607056
    ],
    "qpos": [
        -1.0036833649089483,
        1.7117977855375546
    ],
    "qvel": [
        0.6835536028828566,
        1.2831140693631864
    ],
    "render_time": 0.002046346664428711,
    "reward": 0.0,
    "score": 0.03,
    "step_idx": 184,
    "success": null,
    "target_pos": [
        0.14032389871151574,
        0.026167577231707394
    ],
    "terminated": false,
    "truncated": false
}