{
    "action": [
        0.4869156456225261,
        0.7464860597791756
    ],
    "ep_idx": 8,
    "finger_pos": [
        0.14591017617836582,
        -0.0038784518589513733
    ],
    "id": 1663319197088924983,
    "observation": [
        -0.9436131715774536,
        1.8340766429901123,
        -0.0055862776935100555,
        0.03004602901637554,
        1.8034330606460571,
        3.3937125205993652
    ],
    "qpos": [
        -0.9436131622130026,
        1.8340766552017491
    ],
    "qvel": [
        1.803433097159822,
        3.393712462099825
    ],
    "render_time": 0.0020537376403808594,
    "reward": 0.0,
    "score": 0.03,
    "step_idx": 185,
    "success": null,
    "target_pos": [
        0.14032389871151574,
        0.026167577231707394
    ],
    "terminated": false,
    "truncated": false
}