{
    "action": [
        -0.4940209184496531,
        0.6279423085885978
    ],
    "ep_idx": 8,
    "finger_pos": [
        0.1313068060136966,
        0.01698695509829122
    ],
    "id": 1663319197088924983,
    "observation": [
        -0.8577761054039001,
        1.9728599786758423,
        0.009017093107104301,
        0.009180622175335884,
        2.251241683959961,
        3.4870543479919434
    ],
    "qpos": [
        -0.8577761135632256,
        1.9728599837245355
    ],
    "qvel": [
        2.251241591330612,
        3.4870544427979064
    ],
    "render_time": 0.0020759105682373047,
    "reward": 2.0,
    "score": 0.032,
    "step_idx": 186,
    "success": null,
    "target_pos": [
        0.14032389871151574,
        0.026167577231707394
    ],
    "terminated": false,
    "truncated": false
}