{
    "action": [
        -0.18254846718586615,
        0.8670659671162129
    ],
    "ep_idx": 8,
    "finger_pos": [
        0.11515829352089743,
        0.028045700019299083
    ],
    "id": 1663319197088924983,
    "observation": [
        -0.8153935074806213,
        2.1085667610168457,
        0.025165604427456856,
        -0.0018781227990984917,
        0.6979789733886719,
        3.3687620162963867
    ],
    "qpos": [
        -0.815393516535363,
        2.108566805389007
    ],
    "qvel": [
        0.6979789767488112,
        3.3687619123290253
    ],
    "render_time": 0.004150867462158203,
    "reward": 1.0,
    "score": 0.033,
    "step_idx": 187,
    "success": null,
    "target_pos": [
        0.14032389871151574,
        0.026167577231707394
    ],
    "terminated": false,
    "truncated": false
}