{
    "action": [
        -0.9710990320790491,
        -0.3826040478514001
    ],
    "ep_idx": 8,
    "finger_pos": [
        0.09589617221558162,
        0.03291742219772488
    ],
    "id": 1663319197088924983,
    "observation": [
        -0.803988516330719,
        2.269294500350952,
        0.04442772641777992,
        -0.0067498451098799706,
        0.17635555565357208,
        4.1383256912231445
    ],
    "qpos": [
        -0.8039885142678429,
        2.26929451863626
    ],
    "qvel": [
        0.1763555606360191,
        4.138325677936737
    ],
    "render_time": 0.0020952224731445312,
    "reward": 0.0,
    "score": 0.033,
    "step_idx": 188,
    "success": null,
    "target_pos": [
        0.14032389871151574,
        0.026167577231707394
    ],
    "terminated": false,
    "truncated": false
}