{
    "action": [
        -0.5668302628785471,
        -0.8045005435533623
    ],
    "ep_idx": 8,
    "finger_pos": [
        0.09614785218819993,
        0.027783940418532674
    ],
    "id": 1663319197088924983,
    "observation": [
        -0.8593381643295288,
        2.281292200088501,
        0.044176045805215836,
        -0.0016163631808012724,
        -1.8632073402404785,
        -0.45902854204177856
    ],
    "qpos": [
        -0.8593381785613756,
        2.281292319050097
    ],
    "qvel": [
        -1.8632073891116843,
        -0.45902854461085263
    ],
    "render_time": 0.0020799636840820312,
    "reward": 0.0,
    "score": 0.033,
    "step_idx": 189,
    "success": null,
    "target_pos": [
        0.14032389871151574,
        0.026167577231707394
    ],
    "terminated": false,
    "truncated": false
}