{
    "action": [
        0.9084314549179804,
        0.9542781903153486
    ],
    "ep_idx": 8,
    "finger_pos": [
        0.11094576434295425,
        0.015776750966200806
    ],
    "id": 1663319197088924983,
    "observation": [
        -0.9437312483787537,
        2.169973134994507,
        0.02937813475728035,
        0.010390826500952244,
        -2.151735782623291,
        -3.2414424419403076
    ],
    "qpos": [
        -0.9437312622809246,
        2.1699731674150717
    ],
    "qvel": [
        -2.1517358437547713,
        -3.2414425139968674
    ],
    "render_time": 0.0020599365234375,
    "reward": 0.0,
    "score": 0.033,
    "step_idx": 190,
    "success": null,
    "target_pos": [
        0.14032389871151574,
        0.026167577231707394
    ],
    "terminated": false,
    "truncated": false
}