{
    "action": [
        0.38587791083812784,
        -0.12795498931749116
    ],
    "ep_idx": 8,
    "finger_pos": [
        0.10324724845894805,
        0.017973915986384106
    ],
    "id": 1663319197088924983,
    "observation": [
        -0.9465470910072327,
        2.237811803817749,
        0.03707665205001831,
        0.008193661458790302,
        0.49400442838668823,
        2.6974937915802
    ],
    "qpos": [
        -0.9465470670388837,
        2.2378118023682556
    ],
    "qvel": [
        0.49400442275409384,
        2.697493692313419
    ],
    "render_time": 0.0020546913146972656,
    "reward": 0.0,
    "score": 0.033,
    "step_idx": 191,
    "success": null,
    "target_pos": [
        0.14032389871151574,
        0.026167577231707394
    ],
    "terminated": false,
    "truncated": false
}