{
    "action": [
        -0.5803136976182286,
        -0.4958864767024418
    ],
    "ep_idx": 8,
    "finger_pos": [
        0.09988447361667355,
        0.022925189897716886
    ],
    "id": 1663319197088924983,
    "observation": [
        -0.9040068984031677,
        2.259233236312866,
        0.0404394268989563,
        0.0032423874363303185,
        1.1988749504089355,
        0.1149805337190628
    ],
    "qpos": [
        -0.9040069246052539,
        2.2592331606810623
    ],
    "qvel": [
        1.1988749196998765,
        0.1149805308384213
    ],
    "render_time": 0.0020513534545898438,
    "reward": 0.0,
    "score": 0.033,
    "step_idx": 192,
    "success": null,
    "target_pos": [
        0.14032389871151574,
        0.026167577231707394
    ],
    "terminated": false,
    "truncated": false
}