{
    "action": [
        0.4694081282412068,
        0.13413529507903954
    ],
    "ep_idx": 8,
    "finger_pos": [
        0.1070256582066415,
        0.02059807406879398
    ],
    "id": 1663319197088924983,
    "observation": [
        -0.909273087978363,
        2.198815107345581,
        0.03329823911190033,
        0.005569503176957369,
        -0.4961007833480835,
        -1.8215898275375366
    ],
    "qpos": [
        -0.9092730962629559,
        2.198814996221164
    ],
    "qvel": [
        -0.49610077320839796,
        -1.821589775012278
    ],
    "render_time": 0.002074003219604492,
    "reward": 0.0,
    "score": 0.033,
    "step_idx": 193,
    "success": null,
    "target_pos": [
        0.14032389871151574,
        0.026167577231707394
    ],
    "terminated": false,
    "truncated": false
}