{
    "action": [
        -0.22259773278140527,
        0.6660281384540092
    ],
    "ep_idx": 8,
    "finger_pos": [
        0.10799382662868774,
        0.021947778064577414
    ],
    "id": 1663319197088924983,
    "observation": [
        -0.8932312726974487,
        2.187464714050293,
        0.03233007341623306,
        0.004219799302518368,
        0.6456876397132874,
        0.02097041718661785
    ],
    "qpos": [
        -0.8932312642145451,
        2.1874647375242886
    ],
    "qvel": [
        0.6456876537466619,
        0.02097041756703133
    ],
    "render_time": 0.002061128616333008,
    "reward": 0.0,
    "score": 0.033,
    "step_idx": 194,
    "success": null,
    "target_pos": [
        0.14032389871151574,
        0.026167577231707394
    ],
    "terminated": false,
    "truncated": false
}