{
    "action": [
        -0.9826734214022279,
        -0.5232113249359336
    ],
    "ep_idx": 8,
    "finger_pos": [
        0.09784493381492486,
        0.024435533788826444
    ],
    "id": 1663319197088924983,
    "observation": [
        -0.8923898935317993,
        2.274242639541626,
        0.04247896373271942,
        0.001732043456286192,
        -0.13319188356399536,
        2.5833137035369873
    ],
    "qpos": [
        -0.8923899025886024,
        2.2742426875507937
    ],
    "qvel": [
        -0.13319188140047256,
        2.583313685541859
    ],
    "render_time": 0.0020744800567626953,
    "reward": 0.0,
    "score": 0.033,
    "step_idx": 195,
    "success": null,
    "target_pos": [
        0.14032389871151574,
        0.026167577231707394
    ],
    "terminated": false,
    "truncated": false
}