{
    "action": [
        0.35089622478996807,
        0.17103056606474998
    ],
    "ep_idx": 8,
    "finger_pos": [
        0.10255265585377388,
        0.01694494609732372
    ],
    "id": 1663319197088924983,
    "observation": [
        -0.9591189026832581,
        2.245742082595825,
        0.03777124360203743,
        0.009222631342709064,
        -2.106714963912964,
        -1.3650760650634766
    ],
    "qpos": [
        -0.9591188729093154,
        2.245742017216582
    ],
    "qvel": [
        -2.1067149297804946,
        -1.365076121125586
    ],
    "render_time": 0.0024971961975097656,
    "reward": 0.0,
    "score": 0.033,
    "step_idx": 196,
    "success": null,
    "target_pos": [
        0.14032389871151574,
        0.026167577231707394
    ],
    "terminated": false,
    "truncated": false
}