{
    "action": [
        0.4917261143525138,
        -0.9433363412133327
    ],
    "ep_idx": 8,
    "finger_pos": [
        0.1032225584750521,
        0.013523676406046584
    ],
    "id": 1663319197088924983,
    "observation": [
        -0.9918513894081116,
        2.244248151779175,
        0.03710133954882622,
        0.012643900699913502,
        -0.47347819805145264,
        0.23924483358860016
    ],
    "qpos": [
        -0.991851376004925,
        2.2442482475239425
    ],
    "qvel": [
        -0.47347820719998346,
        0.23924482744244713
    ],
    "render_time": 0.0020775794982910156,
    "reward": 0.0,
    "score": 0.033,
    "step_idx": 197,
    "success": null,
    "target_pos": [
        0.14032389871151574,
        0.026167577231707394
    ],
    "terminated": false,
    "truncated": false
}