{
    "action": [
        0.2945063512051105,
        0.7679624830789158
    ],
    "ep_idx": 8,
    "finger_pos": [
        0.11628453500940594,
        0.01090446583824603
    ],
    "id": 1663319197088924983,
    "observation": [
        -0.9690510630607605,
        2.125103235244751,
        0.024039363488554955,
        0.01526311133056879,
        0.8560338616371155,
        -3.60912823677063
    ],
    "qpos": [
        -0.9690510679912525,
        2.12510327747551
    ],
    "qvel": [
        0.8560338536192166,
        -3.609128188271791
    ],
    "render_time": 0.0020627975463867188,
    "reward": 0.0,
    "score": 0.033,
    "step_idx": 198,
    "success": null,
    "target_pos": [
        0.14032389871151574,
        0.026167577231707394
    ],
    "terminated": false,
    "truncated": false
}