{
    "action": [
        -0.0020319800528776355,
        -0.9004406741230209
    ],
    "ep_idx": 8,
    "finger_pos": [
        0.11070246629017158,
        0.01684335839872611
    ],
    "id": 1663319197088924983,
    "observation": [
        -0.9343971610069275,
        2.1707777976989746,
        0.029621431604027748,
        0.009324219077825546,
        0.8935569524765015,
        2.0667028427124023
    ],
    "qpos": [
        -0.9343971719329743,
        2.17077790012049
    ],
    "qvel": [
        0.893556962580559,
        2.0667029477838126
    ],
    "render_time": 0.002080678939819336,
    "reward": 0.0,
    "score": 0.033,
    "step_idx": 199,
    "success": null,
    "target_pos": [
        0.14032389871151574,
        0.026167577231707394
    ],
    "terminated": false,
    "truncated": false
}