{
    "action": [
        null,
        null
    ],
    "ep_idx": 8,
    "finger_pos": [
        0.11975660182521819,
        0.01689006582200317
    ],
    "id": 1663319197088924983,
    "observation": [
        -0.9025478959083557,
        2.0853207111358643,
        0.02056729607284069,
        0.00927751138806343,
        0.7330710887908936,
        -2.9530930519104004
    ],
    "qpos": [
        -0.9025478901885485,
        2.0853207503480604
    ],
    "qvel": [
        0.7330710957660372,
        -2.9530930431108837
    ],
    "render_time": 0.0020673274993896484,
    "reward": 1.0,
    "score": 0.034,
    "step_idx": 200,
    "success": null,
    "target_pos": [
        0.14032389871151574,
        0.026167577231707394
    ],
    "terminated": false,
    "truncated": true
}