{
    "action": [
        0.054933157484365225,
        0.48650539630851597
    ],
    "ep_idx": 7,
    "finger_pos": [
        0.1373616759592161,
        -0.18325538208403389
    ],
    "id": 5607497640727248794,
    "observation": [
        -0.6239376068115234,
        -0.6072731018066406,
        -0.2531902492046356,
        0.04359210282564163,
        0.0,
        0.0
    ],
    "qpos": [
        -0.623937631275818,
        -0.6072730995331699
    ],
    "qvel": [
        0.0,
        0.0
    ],
    "render_time": 0.035932064056396484,
    "reward": null,
    "score": 0.0,
    "step_idx": 0,
    "success": null,
    "target_pos": [
        -0.11582857112457547,
        -0.13966327770807394
    ],
    "terminated": false,
    "truncated": false
}