{
    "action": [
        0.5145137293418729,
        0.03292620697741344
    ],
    "ep_idx": 7,
    "finger_pos": [
        0.14281495857935386,
        -0.18227262540370015
    ],
    "id": 5607497640727248794,
    "observation": [
        -0.6401742100715637,
        -0.5320172905921936,
        -0.2586435377597809,
        0.04260934889316559,
        -0.42143455147743225,
        2.095612049102783
    ],
    "qpos": [
        -0.6401741839077046,
        -0.5320173086671001
    ],
    "qvel": [
        -0.42143455076041697,
        2.0956120028536613
    ],
    "render_time": 0.0018339157104492188,
    "reward": 0.0,
    "score": 0.0,
    "step_idx": 1,
    "success": null,
    "target_pos": [
        -0.11582857112457547,
        -0.13966327770807394
    ],
    "terminated": false,
    "truncated": false
}