{
    "action": [
        -0.8591486051674628,
        -0.4424547259397853
    ],
    "ep_idx": 7,
    "finger_pos": [
        0.1471241980404975,
        -0.17876397107871494
    ],
    "id": 5607497640727248794,
    "observation": [
        -0.6155812740325928,
        -0.5332027077674866,
        -0.2629527747631073,
        0.03910069167613983,
        0.7953380942344666,
        -0.22734010219573975
    ],
    "qpos": [
        -0.6155812991271684,
        -0.5332027001295023
    ],
    "qvel": [
        0.7953380827707436,
        -0.22734010564209672
    ],
    "render_time": 0.0018067359924316406,
    "reward": 0.0,
    "score": 0.0,
    "step_idx": 2,
    "success": null,
    "target_pos": [
        -0.11582857112457547,
        -0.13966327770807394
    ],
    "terminated": false,
    "truncated": false
}