{
    "action": [
        -0.11575231163872557,
        0.8267777081020471
    ],
    "ep_idx": 7,
    "finger_pos": [
        0.14387429433122387,
        -0.18002476678602908
    ],
    "id": 5607497640727248794,
    "observation": [
        -0.613548755645752,
        -0.5659993886947632,
        -0.2597028613090515,
        0.04036149010062218,
        -0.19903752207756042,
        -0.9360263347625732
    ],
    "qpos": [
        -0.6135487750220119,
        -0.5659993739764839
    ],
    "qvel": [
        -0.19903752235542266,
        -0.936026337964785
    ],
    "render_time": 0.0018241405487060547,
    "reward": 0.0,
    "score": 0.0,
    "step_idx": 3,
    "success": null,
    "target_pos": [
        -0.11582857112457547,
        -0.13966327770807394
    ],
    "terminated": false,
    "truncated": false
}