{
    "action": [
        -0.6078318091219768,
        -0.01770699491086103
    ],
    "ep_idx": 7,
    "finger_pos": [
        0.14862908592966972,
        -0.1810759784344847
    ],
    "id": 5607497640727248794,
    "observation": [
        -0.66440349817276,
        -0.4381812810897827,
        -0.264457643032074,
        0.04141269996762276,
        -1.3516710996627808,
        3.6460747718811035
    ],
    "qpos": [
        -0.664403526306742,
        -0.43818127874381724
    ],
    "qvel": [
        -1.3516711346787451,
        3.646074785416705
    ],
    "render_time": 0.0018019676208496094,
    "reward": 0.0,
    "score": 0.0,
    "step_idx": 4,
    "success": null,
    "target_pos": [
        -0.11582857112457547,
        -0.13966327770807394
    ],
    "terminated": false,
    "truncated": false
}