{
    "action": [
        0.6424626452119002,
        -0.879050660746238
    ],
    "ep_idx": 7,
    "finger_pos": [
        0.1456032756462791,
        -0.18476058644518828
    ],
    "id": 5607497640727248794,
    "observation": [
        -0.70383220911026,
        -0.39908671379089355,
        -0.26143184304237366,
        0.04509731009602547,
        -1.0337766408920288,
        0.6846593618392944
    ],
    "qpos": [
        -0.703832201412662,
        -0.3990867238113909
    ],
    "qvel": [
        -1.0337766280781273,
        0.6846593482756484
    ],
    "render_time": 0.0017969608306884766,
    "reward": 0.0,
    "score": 0.0,
    "step_idx": 5,
    "success": null,
    "target_pos": [
        -0.11582857112457547,
        -0.13966327770807394
    ],
    "terminated": false,
    "truncated": false
}