{
    "action": [
        0.4513871102389928,
        -0.6820093612204494
    ],
    "ep_idx": 7,
    "finger_pos": [
        0.1335827048300417,
        -0.18762333998213304
    ],
    "id": 5607497640727248794,
    "observation": [
        -0.6670835614204407,
        -0.5699930191040039,
        -0.24941127002239227,
        0.0479600615799427,
        1.174985408782959,
        -4.696866989135742
    ],
    "qpos": [
        -0.6670835716837664,
        -0.5699930088885593
    ],
    "qvel": [
        1.1749853878409546,
        -4.696867116338429
    ],
    "render_time": 0.0017976760864257812,
    "reward": 0.0,
    "score": 0.0,
    "step_idx": 6,
    "success": null,
    "target_pos": [
        -0.11582857112457547,
        -0.13966327770807394
    ],
    "terminated": false,
    "truncated": false
}