{
    "action": [
        -0.7162570834455089,
        0.4206751984117021
    ],
    "ep_idx": 7,
    "finger_pos": [
        0.12437694006548385,
        -0.18685882501522502
    ],
    "id": 5607497640727248794,
    "observation": [
        -0.621780276298523,
        -0.7234770655632019,
        -0.24020551145076752,
        0.047195546329021454,
        1.1731147766113281,
        -3.7394702434539795
    ],
    "qpos": [
        -0.621780268524137,
        -0.7234770706256967
    ],
    "qvel": [
        1.1731147461924685,
        -3.739470129269951
    ],
    "render_time": 0.0018124580383300781,
    "reward": 0.0,
    "score": 0.0,
    "step_idx": 7,
    "success": null,
    "target_pos": [
        -0.11582857112457547,
        -0.13966327770807394
    ],
    "terminated": false,
    "truncated": false
}