{
    "action": [
        -0.8395373129599126,
        0.6068934035249349
    ],
    "ep_idx": 7,
    "finger_pos": [
        0.12501713994667393,
        -0.18977556327086925
    ],
    "id": 5607497640727248794,
    "observation": [
        -0.6609070897102356,
        -0.6547566056251526,
        -0.2408457100391388,
        0.050112284719944,
        -1.3103306293487549,
        2.3120436668395996
    ],
    "qpos": [
        -0.6609070916880504,
        -0.6547566065611955
    ],
    "qvel": [
        -1.31033059052116,
        2.3120435632683494
    ],
    "render_time": 0.0018303394317626953,
    "reward": 0.0,
    "score": 0.0,
    "step_idx": 8,
    "success": null,
    "target_pos": [
        -0.11582857112457547,
        -0.13966327770807394
    ],
    "terminated": false,
    "truncated": false
}