{
    "action": [
        -0.364197746162646,
        -0.36253404986422955
    ],
    "ep_idx": 7,
    "finger_pos": [
        0.12480420819340214,
        -0.19561999908743494
    ],
    "id": 5607497640727248794,
    "observation": [
        -0.744663417339325,
        -0.5164894461631775,
        -0.2406327724456787,
        0.05595672130584717,
        -2.2604877948760986,
        3.5703845024108887
    ],
    "qpos": [
        -0.744663439153192,
        -0.516489473085326
    ],
    "qvel": [
        -2.260487688624394,
        3.570384487645593
    ],
    "render_time": 0.001802682876586914,
    "reward": 0.0,
    "score": 0.0,
    "step_idx": 9,
    "success": null,
    "target_pos": [
        -0.11582857112457547,
        -0.13966327770807394
    ],
    "terminated": false,
    "truncated": false
}