{
    "action": [
        -0.371424689326296,
        -0.7258732491512208
    ],
    "ep_idx": 7,
    "finger_pos": [
        0.11226391619893157,
        -0.20192082496261304
    ],
    "id": 5607497640727248794,
    "observation": [
        -0.7891218662261963,
        -0.5485034584999084,
        -0.2280924916267395,
        0.0622575469315052,
        -1.0308637619018555,
        -1.2632217407226562
    ],
    "qpos": [
        -0.7891218922003841,
        -0.5485034801141475
    ],
    "qvel": [
        -1.0308637630977189,
        -1.2632217235237126
    ],
    "render_time": 0.0018274784088134766,
    "reward": 0.0,
    "score": 0.0,
    "step_idx": 10,
    "success": null,
    "target_pos": [
        -0.11582857112457547,
        -0.13966327770807394
    ],
    "terminated": false,
    "truncated": false
}