{
    "action": [
        -0.4695926844968037,
        0.8745967809617987
    ],
    "ep_idx": 7,
    "finger_pos": [
        0.09183418424735582,
        -0.20735412994812444
    ],
    "id": 5607497640727248794,
    "observation": [
        -0.8204203248023987,
        -0.6669080853462219,
        -0.20766276121139526,
        0.06769084930419922,
        -0.8159201145172119,
        -3.1409261226654053
    ],
    "qpos": [
        -0.8204203064803096,
        -0.6669081083896248
    ],
    "qvel": [
        -0.8159201411730874,
        -3.1409260258631777
    ],
    "render_time": 0.0018208026885986328,
    "reward": 0.0,
    "score": 0.0,
    "step_idx": 11,
    "success": null,
    "target_pos": [
        -0.11582857112457547,
        -0.13966327770807394
    ],
    "terminated": false,
    "truncated": false
}