{
    "action": [
        0.20378472829575123,
        -0.46033786338913285
    ],
    "ep_idx": 7,
    "finger_pos": [
        0.08473894565259112,
        -0.21515196678997378
    ],
    "id": 5607497640727248794,
    "observation": [
        -0.9245541095733643,
        -0.5420867204666138,
        -0.20056751370429993,
        0.07548868656158447,
        -2.771517515182495,
        3.826964855194092
    ],
    "qpos": [
        -0.9245541171558683,
        -0.5420867357704215
    ],
    "qvel": [
        -2.77151758624285,
        3.8269649555678273
    ],
    "render_time": 0.0017886161804199219,
    "reward": 0.0,
    "score": 0.0,
    "step_idx": 12,
    "success": null,
    "target_pos": [
        -0.11582857112457547,
        -0.13966327770807394
    ],
    "terminated": false,
    "truncated": false
}