{
    "action": [
        -0.07626246680807025,
        0.08047874170148206
    ],
    "ep_idx": 7,
    "finger_pos": [
        0.06987423211944693,
        -0.21790290198009643
    ],
    "id": 5607497640727248794,
    "observation": [
        -0.954224705696106,
        -0.6125277876853943,
        -0.18570280075073242,
        0.07823962718248367,
        -0.4755263030529022,
        -2.330425262451172
    ],
    "qpos": [
        -0.9542247306002548,
        -0.6125277647904449
    ],
    "qvel": [
        -0.4755263027114073,
        -2.330425193712186
    ],
    "render_time": 0.0018086433410644531,
    "reward": 0.0,
    "score": 0.0,
    "step_idx": 13,
    "success": null,
    "target_pos": [
        -0.11582857112457547,
        -0.13966327770807394
    ],
    "terminated": false,
    "truncated": false
}