{
    "action": [
        0.7766402289862429,
        -0.3927786381176168
    ],
    "ep_idx": 7,
    "finger_pos": [
        0.06037736945454223,
        -0.22047916984976457
    ],
    "id": 5607497640727248794,
    "observation": [
        -0.9940052628517151,
        -0.6189958453178406,
        -0.17620594799518585,
        0.080815888941288,
        -1.0188144445419312,
        0.07354779541492462
    ],
    "qpos": [
        -0.9940052448571531,
        -0.6189958446012848
    ],
    "qvel": [
        -1.0188144724607224,
        0.07354779861049326
    ],
    "render_time": 0.0018124580383300781,
    "reward": 0.0,
    "score": 0.0,
    "step_idx": 14,
    "success": null,
    "target_pos": [
        -0.11582857112457547,
        -0.13966327770807394
    ],
    "terminated": false,
    "truncated": false
}