{
    "action": [
        -0.26095913692082084,
        -0.29824811705274
    ],
    "ep_idx": 7,
    "finger_pos": [
        0.052626267770498975,
        -0.2184873075136453
    ],
    "id": 5607497640727248794,
    "observation": [
        -0.9758622050285339,
        -0.7171400785446167,
        -0.1684548407793045,
        0.07882402837276459,
        0.7376224398612976,
        -2.6818108558654785
    ],
    "qpos": [
        -0.975862196818335,
        -0.717140051011119
    ],
    "qvel": [
        0.7376224543176498,
        -2.6818107438544
    ],
    "render_time": 0.0018084049224853516,
    "reward": 0.0,
    "score": 0.0,
    "step_idx": 15,
    "success": null,
    "target_pos": [
        -0.11582857112457547,
        -0.13966327770807394
    ],
    "terminated": false,
    "truncated": false
}