{
    "action": [
        0.5613421000802465,
        0.3977174691654999
    ],
    "ep_idx": 7,
    "finger_pos": [
        0.04658024601849779,
        -0.2174179462049442
    ],
    "id": 5607497640727248794,
    "observation": [
        -0.9738582968711853,
        -0.7717713117599487,
        -0.16240881383419037,
        0.0777546688914299,
        -0.07787483185529709,
        -1.236293077468872
    ],
    "qpos": [
        -0.973858302723508,
        -0.7717712981968909
    ],
    "qvel": [
        -0.07787482929303952,
        -1.2362931100816474
    ],
    "render_time": 0.0018045902252197266,
    "reward": 0.0,
    "score": 0.0,
    "step_idx": 16,
    "success": null,
    "target_pos": [
        -0.11582857112457547,
        -0.13966327770807394
    ],
    "terminated": false,
    "truncated": false
}