{
    "action": [
        -0.08363641916455555,
        -0.8452975091217085
    ],
    "ep_idx": 7,
    "finger_pos": [
        0.04999848558118507,
        -0.21801827534019275
    ],
    "id": 5607497640727248794,
    "observation": [
        -0.9744348526000977,
        -0.7418559193611145,
        -0.16582705080509186,
        0.07835499942302704,
        0.10680907219648361,
        1.0153566598892212
    ],
    "qpos": [
        -0.9744348669445198,
        -0.7418559157902272
    ],
    "qvel": [
        0.10680907408459714,
        1.0153566962957083
    ],
    "render_time": 0.0017931461334228516,
    "reward": 0.0,
    "score": 0.0,
    "step_idx": 17,
    "success": null,
    "target_pos": [
        -0.11582857112457547,
        -0.13966327770807394
    ],
    "terminated": false,
    "truncated": false
}