{
    "action": [
        -0.9937074528263219,
        0.23604757568385293
    ],
    "ep_idx": 7,
    "finger_pos": [
        0.0441054388779416,
        -0.21364504729969402
    ],
    "id": 5607497640727248794,
    "observation": [
        -0.9371976256370544,
        -0.8600322008132935,
        -0.15993401408195496,
        0.07398176938295364,
        0.959865391254425,
        -3.427786350250244
    ],
    "qpos": [
        -0.9371975975519916,
        -0.8600322140288426
    ],
    "qvel": [
        0.9598653926981988,
        -3.4277864552362054
    ],
    "render_time": 0.0018236637115478516,
    "reward": 0.0,
    "score": 0.0,
    "step_idx": 18,
    "success": null,
    "target_pos": [
        -0.11582857112457547,
        -0.13966327770807394
    ],
    "terminated": false,
    "truncated": false
}