{
    "action": [
        0.9648041921488588,
        -0.576533676797855
    ],
    "ep_idx": 7,
    "finger_pos": [
        0.03916491121170468,
        -0.2168666461449743
    ],
    "id": 5607497640727248794,
    "observation": [
        -0.9849145412445068,
        -0.8144261837005615,
        -0.15499348938465118,
        0.07720337063074112,
        -1.5902563333511353,
        1.6677155494689941
    ],
    "qpos": [
        -0.9849145609784041,
        -0.8144261992560354
    ],
    "qvel": [
        -1.590256325306207,
        1.667715576760623
    ],
    "render_time": 0.0018219947814941406,
    "reward": 0.0,
    "score": 0.0,
    "step_idx": 19,
    "success": null,
    "target_pos": [
        -0.11582857112457547,
        -0.13966327770807394
    ],
    "terminated": false,
    "truncated": false
}