{
    "action": [
        -0.8662523573908234,
        0.7361194702230933
    ],
    "ep_idx": 7,
    "finger_pos": [
        0.0312181460235409,
        -0.21214886507630332
    ],
    "id": 5607497640727248794,
    "observation": [
        -0.958915650844574,
        -0.9315543174743652,
        -0.14704671502113342,
        0.07248558849096298,
        1.065804362297058,
        -3.440457582473755
    ],
    "qpos": [
        -0.9589156256642376,
        -0.9315543313957584
    ],
    "qvel": [
        1.0658043101621837,
        -3.4404575134704487
    ],
    "render_time": 0.001798391342163086,
    "reward": 0.0,
    "score": 0.0,
    "step_idx": 20,
    "success": null,
    "target_pos": [
        -0.11582857112457547,
        -0.13966327770807394
    ],
    "terminated": false,
    "truncated": false
}