{
    "action": [
        0.8673160365949955,
        0.07240526278769632
    ],
    "ep_idx": 7,
    "finger_pos": [
        0.032646043302986705,
        -0.2178357860730179
    ],
    "id": 5607497640727248794,
    "observation": [
        -1.0137081146240234,
        -0.8166598677635193,
        -0.14847461879253387,
        0.07817250490188599,
        -1.7829846143722534,
        3.6758735179901123
    ],
    "qpos": [
        -1.0137080949138844,
        -0.8166598851442741
    ],
    "qvel": [
        -1.7829846616479788,
        3.6758735570565255
    ],
    "render_time": 0.0018236637115478516,
    "reward": 0.0,
    "score": 0.0,
    "step_idx": 21,
    "success": null,
    "target_pos": [
        -0.11582857112457547,
        -0.13966327770807394
    ],
    "terminated": false,
    "truncated": false
}