{
    "action": [
        0.17027022832187333,
        0.7477054461979973
    ],
    "ep_idx": 7,
    "finger_pos": [
        0.03449486837924253,
        -0.2176960415566454
    ],
    "id": 5607497640727248794,
    "observation": [
        -1.0068278312683105,
        -0.8136415481567383,
        -0.15032343566417694,
        0.07803276181221008,
        0.5667839646339417,
        -0.3421309292316437
    ],
    "qpos": [
        -1.0068277916915689,
        -0.8136415554211524
    ],
    "qvel": [
        0.566783938096298,
        -0.3421309179001224
    ],
    "render_time": 0.001802682876586914,
    "reward": 0.0,
    "score": 0.0,
    "step_idx": 22,
    "success": null,
    "target_pos": [
        -0.11582857112457547,
        -0.13966327770807394
    ],
    "terminated": false,
    "truncated": false
}