{
    "action": [
        -0.9044517048222491,
        -0.5295180748157904
    ],
    "ep_idx": 7,
    "finger_pos": [
        0.04662007523123994,
        -0.22044465412359415
    ],
    "id": 5607497640727248794,
    "observation": [
        -1.0108202695846558,
        -0.7031298875808716,
        -0.16244864463806152,
        0.08078137785196304,
        -0.1474817991256714,
        3.1645636558532715
    ],
    "qpos": [
        -1.0108202138910918,
        -0.7031298863127882
    ],
    "qvel": [
        -0.14748179829915375,
        3.164563751023377
    ],
    "render_time": 0.001809835433959961,
    "reward": 0.0,
    "score": 0.0,
    "step_idx": 23,
    "success": null,
    "target_pos": [
        -0.11582857112457547,
        -0.13966327770807394
    ],
    "terminated": false,
    "truncated": false
}