{
    "action": [
        0.14566523227035266,
        -0.49088571223344935
    ],
    "ep_idx": 7,
    "finger_pos": [
        0.04328138012270651,
        -0.22016277796862985
    ],
    "id": 5607497640727248794,
    "observation": [
        -1.0138733386993408,
        -0.7256206274032593,
        -0.1591099500656128,
        0.08049950003623962,
        -0.24281062185764313,
        -1.0554096698760986
    ],
    "qpos": [
        -1.0138732879781236,
        -0.725620606724407
    ],
    "qvel": [
        -0.24281061478499136,
        -1.0554096483796667
    ],
    "render_time": 0.0018057823181152344,
    "reward": 0.0,
    "score": 0.0,
    "step_idx": 24,
    "success": null,
    "target_pos": [
        -0.11582857112457547,
        -0.13966327770807394
    ],
    "terminated": false,
    "truncated": false
}