{
    "action": [
        0.21951661893315477,
        0.707628873974812
    ],
    "ep_idx": 7,
    "finger_pos": [
        0.03434927756911543,
        -0.21750287077456437
    ],
    "id": 5607497640727248794,
    "observation": [
        -1.0051007270812988,
        -0.8181272149085999,
        -0.15017785131931305,
        0.07783959060907364,
        0.2842830419540405,
        -2.4483771324157715
    ],
    "qpos": [
        -1.005100705545391,
        -0.8181272083301421
    ],
    "qvel": [
        0.2842830527096559,
        -2.448377213480642
    ],
    "render_time": 0.0018246173858642578,
    "reward": 0.0,
    "score": 0.0,
    "step_idx": 25,
    "success": null,
    "target_pos": [
        -0.11582857112457547,
        -0.13966327770807394
    ],
    "terminated": false,
    "truncated": false
}