{
    "action": [
        0.8102167472659094,
        -0.7804892451723222
    ],
    "ep_idx": 7,
    "finger_pos": [
        0.03855579597162474,
        -0.22054353021118556
    ],
    "id": 5607497640727248794,
    "observation": [
        -1.0292221307754517,
        -0.7370030283927917,
        -0.15438435971736908,
        0.08088025450706482,
        -0.6357815861701965,
        2.5966880321502686
    ],
    "qpos": [
        -1.0292221370990666,
        -0.7370030509524945
    ],
    "qvel": [
        -0.6357816014144431,
        2.596688132188621
    ],
    "render_time": 0.0018095970153808594,
    "reward": 0.0,
    "score": 0.0,
    "step_idx": 26,
    "success": null,
    "target_pos": [
        -0.11582857112457547,
        -0.13966327770807394
    ],
    "terminated": false,
    "truncated": false
}