{
    "action": [
        -0.3978888522038597,
        -0.8705685455262193
    ],
    "ep_idx": 7,
    "finger_pos": [
        0.036971252279559975,
        -0.21456279246162457
    ],
    "id": 5607497640727248794,
    "observation": [
        -0.9659135937690735,
        -0.8684971332550049,
        -0.1527998298406601,
        0.07489951699972153,
        1.920535922050476,
        -3.936478614807129
    ],
    "qpos": [
        -0.965913623537655,
        -0.8684971462867943
    ],
    "qvel": [
        1.9205359183138295,
        -3.936478699875308
    ],
    "render_time": 0.0018227100372314453,
    "reward": 0.0,
    "score": 0.0,
    "step_idx": 27,
    "success": null,
    "target_pos": [
        -0.11582857112457547,
        -0.13966327770807394
    ],
    "terminated": false,
    "truncated": false
}