{
    "action": [
        0.3570156216372178,
        -0.6181462687331825
    ],
    "ep_idx": 7,
    "finger_pos": [
        0.030022002235190796,
        -0.2078901636480996
    ],
    "id": 5607497640727248794,
    "observation": [
        -0.9224171042442322,
        -1.009915828704834,
        -0.14585056900978088,
        0.0682268887758255,
        0.861271321773529,
        -3.5309040546417236
    ],
    "qpos": [
        -0.9224171230979246,
        -1.0099158612932613
    ],
    "qvel": [
        0.8612713247904442,
        -3.5309041365947347
    ],
    "render_time": 0.001806497573852539,
    "reward": 0.0,
    "score": 0.0,
    "step_idx": 28,
    "success": null,
    "target_pos": [
        -0.11582857112457547,
        -0.13966327770807394
    ],
    "terminated": false,
    "truncated": false
}