{
    "action": [
        0.8291975969429914,
        -0.4077246171315756
    ],
    "ep_idx": 7,
    "finger_pos": [
        0.023348309689654984,
        -0.2005402641152868
    ],
    "id": 5607497640727248794,
    "observation": [
        -0.8836464285850525,
        -1.1424893140792847,
        -0.1391768753528595,
        0.060876987874507904,
        1.0124626159667969,
        -3.277374505996704
    ],
    "qpos": [
        -0.8836464290122392,
        -1.1424893692712101
    ],
    "qvel": [
        1.0124625839450359,
        -3.27737451306001
    ],
    "render_time": 0.0018377304077148438,
    "reward": 0.0,
    "score": 0.0,
    "step_idx": 29,
    "success": null,
    "target_pos": [
        -0.11582857112457547,
        -0.13966327770807394
    ],
    "terminated": false,
    "truncated": false
}