{
    "action": [
        -0.9589524230426925,
        0.10289778003144656
    ],
    "ep_idx": 7,
    "finger_pos": [
        0.02358224567986064,
        -0.1928801131905707
    ],
    "id": 5607497640727248794,
    "observation": [
        -0.8218984007835388,
        -1.2544760704040527,
        -0.1394108235836029,
        0.053216833621263504,
        1.7243602275848389,
        -2.699718952178955
    ],
    "qpos": [
        -0.8218983769702274,
        -1.254476023074136
    ],
    "qvel": [
        1.7243602244291156,
        -2.699718996569842
    ],
    "render_time": 0.001804351806640625,
    "reward": 0.0,
    "score": 0.0,
    "step_idx": 30,
    "success": null,
    "target_pos": [
        -0.11582857112457547,
        -0.13966327770807394
    ],
    "terminated": false,
    "truncated": false
}