{
    "action": [
        0.5235395497464763,
        0.3828946927649388
    ],
    "ep_idx": 7,
    "finger_pos": [
        0.02370861067007505,
        -0.19429614163483291
    ],
    "id": 5607497640727248794,
    "observation": [
        -0.8322943449020386,
        -1.2341583967208862,
        -0.13953718543052673,
        0.05463286489248276,
        -0.7204459309577942,
        0.948097288608551
    ],
    "qpos": [
        -0.8322943253158843,
        -1.2341584182401821
    ],
    "qvel": [
        -0.7204459172263348,
        0.948097281924306
    ],
    "render_time": 0.0018143653869628906,
    "reward": 0.0,
    "score": 0.0,
    "step_idx": 31,
    "success": null,
    "target_pos": [
        -0.11582857112457547,
        -0.13966327770807394
    ],
    "terminated": false,
    "truncated": false
}