{
    "action": [
        0.7856497341555717,
        -0.45728770674722985
    ],
    "ep_idx": 7,
    "finger_pos": [
        0.028247517302273338,
        -0.19695312719834093
    ],
    "id": 5607497640727248794,
    "observation": [
        -0.8349292874336243,
        -1.1868318319320679,
        -0.14407609403133392,
        0.05728984996676445,
        0.13093863427639008,
        1.2428375482559204
    ],
    "qpos": [
        -0.8349292887651598,
        -1.1868318808676093
    ],
    "qvel": [
        0.1309386401059014,
        1.2428375874561717
    ],
    "render_time": 0.0018267631530761719,
    "reward": 0.0,
    "score": 0.0,
    "step_idx": 32,
    "success": null,
    "target_pos": [
        -0.11582857112457547,
        -0.13966327770807394
    ],
    "terminated": false,
    "truncated": false
}