{
    "action": [
        -0.5946202886530909,
        0.8481360667229683
    ],
    "ep_idx": 7,
    "finger_pos": [
        0.03218140744468993,
        -0.19124167364247163
    ],
    "id": 5607497640727248794,
    "observation": [
        -0.7741093635559082,
        -1.2599455118179321,
        -0.1480099856853485,
        0.05157839506864548,
        1.8101519346237183,
        -2.258349895477295
    ],
    "qpos": [
        -0.7741093400737467,
        -1.2599455228492142
    ],
    "qvel": [
        1.8101519522335507,
        -2.2583499298046865
    ],
    "render_time": 0.0018122196197509766,
    "reward": 0.0,
    "score": 0.0,
    "step_idx": 33,
    "success": null,
    "target_pos": [
        -0.11582857112457547,
        -0.13966327770807394
    ],
    "terminated": false,
    "truncated": false
}