{
    "action": [
        0.0007030938282726051,
        0.1292955565401528
    ],
    "ep_idx": 7,
    "finger_pos": [
        0.044026783587013237,
        -0.19739892036952694
    ],
    "id": 5607497640727248794,
    "observation": [
        -0.7828441858291626,
        -1.1370184421539307,
        -0.15985535085201263,
        0.05773564428091049,
        -0.6295880079269409,
        3.882765531539917
    ],
    "qpos": [
        -0.7828441715857474,
        -1.1370184434305428
    ],
    "qvel": [
        -0.6295880032118947,
        3.8827655578145777
    ],
    "render_time": 0.0018117427825927734,
    "reward": 0.0,
    "score": 0.0,
    "step_idx": 34,
    "success": null,
    "target_pos": [
        -0.11582857112457547,
        -0.13966327770807394
    ],
    "terminated": false,
    "truncated": false
}