{
    "action": [
        0.6147073161516146,
        0.2829874076166188
    ],
    "ep_idx": 7,
    "finger_pos": [
        0.05030664838427792,
        -0.1996927900919131
    ],
    "id": 5607497640727248794,
    "observation": [
        -0.7846750617027283,
        -1.0786722898483276,
        -0.16613522171974182,
        0.060029514133930206,
        0.041402529925107956,
        1.082978367805481
    ],
    "qpos": [
        -0.7846750866775809,
        -1.0786722889147804
    ],
    "qvel": [
        0.04140253161582158,
        1.0829783180194705
    ],
    "render_time": 0.0018084049224853516,
    "reward": 0.0,
    "score": 0.0,
    "step_idx": 35,
    "success": null,
    "target_pos": [
        -0.11582857112457547,
        -0.13966327770807394
    ],
    "terminated": false,
    "truncated": false
}