{
    "action": [
        0.5728476509744,
        -0.4070512735265308
    ],
    "ep_idx": 7,
    "finger_pos": [
        0.05977909817209921,
        -0.1992669226709749
    ],
    "id": 5607497640727248794,
    "observation": [
        -0.7573674917221069,
        -1.0439530611038208,
        -0.17560766637325287,
        0.05960364639759064,
        0.8590417504310608,
        0.8626757860183716
    ],
    "qpos": [
        -0.7573675160678103,
        -1.0439530437899214
    ],
    "qvel": [
        0.8590417739676595,
        0.8626758037057247
    ],
    "render_time": 0.0018112659454345703,
    "reward": 0.0,
    "score": 0.0,
    "step_idx": 36,
    "success": null,
    "target_pos": [
        -0.11582857112457547,
        -0.13966327770807394
    ],
    "terminated": false,
    "truncated": false
}