{
    "action": [
        0.7591028177054941,
        -0.40101722383043814
    ],
    "ep_idx": 7,
    "finger_pos": [
        0.06631081734239405,
        -0.1931237968120635
    ],
    "id": 5607497640727248794,
    "observation": [
        -0.6867506504058838,
        -1.1065983772277832,
        -0.18213938176631927,
        0.05346051976084709,
        1.9290764331817627,
        -1.888989806175232
    ],
    "qpos": [
        -0.686750660842015,
        -1.1065984046818442
    ],
    "qvel": [
        1.9290763974224796,
        -1.8889897562856839
    ],
    "render_time": 0.001844644546508789,
    "reward": 0.0,
    "score": 0.0,
    "step_idx": 37,
    "success": null,
    "target_pos": [
        -0.11582857112457547,
        -0.13966327770807394
    ],
    "terminated": false,
    "truncated": false
}