{
    "action": [
        -0.8383180593502111,
        0.3468227548429583
    ],
    "ep_idx": 7,
    "finger_pos": [
        0.07407574184902535,
        -0.1841287421819176
    ],
    "id": 5607497640727248794,
    "observation": [
        -0.5911902189254761,
        -1.194230079650879,
        -0.1899043172597885,
        0.04446546360850334,
        2.5114083290100098,
        -2.2093992233276367
    ],
    "qpos": [
        -0.5911902261543764,
        -1.1942300764849572
    ],
    "qvel": [
        2.511408374051248,
        -2.2093992568277567
    ],
    "render_time": 0.0018219947814941406,
    "reward": 0.0,
    "score": 0.0,
    "step_idx": 38,
    "success": null,
    "target_pos": [
        -0.11582857112457547,
        -0.13966327770807394
    ],
    "terminated": false,
    "truncated": false
}