{
    "action": [
        -0.3395915881370255,
        0.49255876543814625
    ],
    "ep_idx": 7,
    "finger_pos": [
        0.08469490026904065,
        -0.1843063656351429
    ],
    "id": 5607497640727248794,
    "observation": [
        -0.5760849714279175,
        -1.127915859222412,
        -0.2005234658718109,
        0.044643089175224304,
        -0.10340169072151184,
        2.1825592517852783
    ],
    "qpos": [
        -0.5760849922230474,
        -1.1279158192510554
    ],
    "qvel": [
        -0.10340168807474637,
        2.1825591493121617
    ],
    "render_time": 0.0018281936645507812,
    "reward": 0.0,
    "score": 0.0,
    "step_idx": 39,
    "success": null,
    "target_pos": [
        -0.11582857112457547,
        -0.13966327770807394
    ],
    "terminated": false,
    "truncated": false
}