{
    "action": [
        0.1516221045543018,
        0.05344247462640883
    ],
    "ep_idx": 7,
    "finger_pos": [
        0.09331001430378637,
        -0.1873861913657015
    ],
    "id": 5607497640727248794,
    "observation": [
        -0.5977146029472351,
        -1.0221418142318726,
        -0.20913858711719513,
        0.047722913324832916,
        -0.6493851542472839,
        2.702965021133423
    ],
    "qpos": [
        -0.5977146263259965,
        -1.0221418034729155
    ],
    "qvel": [
        -0.6493851781246008,
        2.7029650361058484
    ],
    "render_time": 0.0018291473388671875,
    "reward": 0.0,
    "score": 0.0,
    "step_idx": 40,
    "success": null,
    "target_pos": [
        -0.11582857112457547,
        -0.13966327770807394
    ],
    "terminated": false,
    "truncated": false
}