{
    "action": [
        0.08357678352058784,
        0.8114179188998152
    ],
    "ep_idx": 7,
    "finger_pos": [
        0.0969190455224811,
        -0.1873256623351086
    ],
    "id": 5607497640727248794,
    "observation": [
        -0.5958917140960693,
        -0.9948955774307251,
        -0.21274761855602264,
        0.04766238480806351,
        0.16565857827663422,
        0.3980198800563812
    ],
    "qpos": [
        -0.5958917090473076,
        -0.994895595492624
    ],
    "qvel": [
        0.1656585757640255,
        0.39801987164019736
    ],
    "render_time": 0.001834869384765625,
    "reward": 0.0,
    "score": 0.0,
    "step_idx": 41,
    "success": null,
    "target_pos": [
        -0.11582857112457547,
        -0.13966327770807394
    ],
    "terminated": false,
    "truncated": false
}