{
    "action": [
        -0.6771073219972061,
        -0.035921938629606354
    ],
    "ep_idx": 7,
    "finger_pos": [
        0.10893773837483167,
        -0.18838198422924435
    ],
    "id": 5607497640727248794,
    "observation": [
        -0.6111409068107605,
        -0.8707176446914673,
        -0.2247663140296936,
        0.04871870577335358,
        -0.4307480454444885,
        3.4953548908233643
    ],
    "qpos": [
        -0.6111409051416266,
        -0.8707176300330685
    ],
    "qvel": [
        -0.4307480465737542,
        3.4953549302828004
    ],
    "render_time": 0.001825094223022461,
    "reward": 0.0,
    "score": 0.0,
    "step_idx": 42,
    "success": null,
    "target_pos": [
        -0.11582857112457547,
        -0.13966327770807394
    ],
    "terminated": false,
    "truncated": false
}