{
    "action": [
        0.02287200125648292,
        -0.2868617076915445
    ],
    "ep_idx": 7,
    "finger_pos": [
        0.11102509342049516,
        -0.18995589307025848
    ],
    "id": 5607497640727248794,
    "observation": [
        -0.6309627294540405,
        -0.8218106031417847,
        -0.22685366868972778,
        0.050292614847421646,
        -0.6111866235733032,
        0.8867932558059692
    ],
    "qpos": [
        -0.6309627418957694,
        -0.8218106047344859
    ],
    "qvel": [
        -0.6111865959562294,
        0.8867932429907376
    ],
    "render_time": 0.0018129348754882812,
    "reward": 0.0,
    "score": 0.0,
    "step_idx": 43,
    "success": null,
    "target_pos": [
        -0.11582857112457547,
        -0.13966327770807394
    ],
    "terminated": false,
    "truncated": false
}