{
    "action": [
        -0.062265033103565015,
        0.4496268130787213
    ],
    "ep_idx": 7,
    "finger_pos": [
        0.10583735081198378,
        -0.19060905932574662
    ],
    "id": 5607497640727248794,
    "observation": [
        -0.6326239705085754,
        -0.8626013994216919,
        -0.22166591882705688,
        0.05094578117132187,
        0.028418155387043953,
        -1.25342857837677
    ],
    "qpos": [
        -0.6326239569059928,
        -0.8626013742462338
    ],
    "qvel": [
        0.028418155842061338,
        -1.253428596973461
    ],
    "render_time": 0.001827239990234375,
    "reward": 0.0,
    "score": 0.0,
    "step_idx": 44,
    "success": null,
    "target_pos": [
        -0.11582857112457547,
        -0.13966327770807394
    ],
    "terminated": false,
    "truncated": false
}