{
    "action": [
        0.10723313665863987,
        -0.3045079009775473
    ],
    "ep_idx": 7,
    "finger_pos": [
        0.1078918332959549,
        -0.19276667989035856
    ],
    "id": 5607497640727248794,
    "observation": [
        -0.6589520573616028,
        -0.8031661510467529,
        -0.22372040152549744,
        0.05310340225696564,
        -0.72486811876297,
        1.838208556175232
    ],
    "qpos": [
        -0.6589520649917846,
        -0.8031661498939181
    ],
    "qvel": [
        -0.7248681187633809,
        1.8382086014330858
    ],
    "render_time": 0.0018284320831298828,
    "reward": 0.0,
    "score": 0.0,
    "step_idx": 45,
    "success": null,
    "target_pos": [
        -0.11582857112457547,
        -0.13966327770807394
    ],
    "terminated": false,
    "truncated": false
}