{
    "action": [
        -0.19959692098264137,
        -0.9196748315477938
    ],
    "ep_idx": 7,
    "finger_pos": [
        0.1044208575949563,
        -0.19255704584112235
    ],
    "id": 5607497640727248794,
    "observation": [
        -0.6529403328895569,
        -0.8419100642204285,
        -0.22024942934513092,
        0.05289376899600029,
        0.26494696736335754,
        -1.3099875450134277
    ],
    "qpos": [
        -0.652940351786476,
        -0.8419100750796752
    ],
    "qvel": [
        0.26494696122210615,
        -1.3099875438506432
    ],
    "render_time": 0.0018329620361328125,
    "reward": 0.0,
    "score": 0.0,
    "step_idx": 46,
    "success": null,
    "target_pos": [
        -0.11582857112457547,
        -0.13966327770807394
    ],
    "terminated": false,
    "truncated": false
}