{
    "action": [
        0.4983832621757267,
        0.46310110571655905
    ],
    "ep_idx": 7,
    "finger_pos": [
        0.09128166376210607,
        -0.1907295171138766
    ],
    "id": 5607497640727248794,
    "observation": [
        -0.6316635012626648,
        -0.9855152368545532,
        -0.2071102410554886,
        0.051066238433122635,
        0.4862028658390045,
        -3.880321502685547
    ],
    "qpos": [
        -0.6316635233711989,
        -0.9855152355963507
    ],
    "qvel": [
        0.4862028612302516,
        -3.8803215000005498
    ],
    "render_time": 0.0018448829650878906,
    "reward": 0.0,
    "score": 0.0,
    "step_idx": 47,
    "success": null,
    "target_pos": [
        -0.11582857112457547,
        -0.13966327770807394
    ],
    "terminated": false,
    "truncated": false
}