{
    "action": [
        0.42734954907819866,
        -0.3193703486553958
    ],
    "ep_idx": 7,
    "finger_pos": [
        0.09272197228390136,
        -0.19116773139819998
    ],
    "id": 5607497640727248794,
    "observation": [
        -0.6354994177818298,
        -0.9673946499824524,
        -0.20855054259300232,
        0.051504455506801605,
        -0.05536738038063049,
        1.0507060289382935
    ],
    "qpos": [
        -0.6354994296247825,
        -0.9673946517149302
    ],
    "qvel": [
        -0.055367380276767936,
        1.0507060713761882
    ],
    "render_time": 0.0018405914306640625,
    "reward": 0.0,
    "score": 0.0,
    "step_idx": 48,
    "success": null,
    "target_pos": [
        -0.11582857112457547,
        -0.13966327770807394
    ],
    "terminated": false,
    "truncated": false
}