{
    "action": [
        -0.046830560182789416,
        -0.5391912791295657
    ],
    "ep_idx": 7,
    "finger_pos": [
        0.09317650949762678,
        -0.18766743745870285
    ],
    "id": 5607497640727248794,
    "observation": [
        -0.6005247235298157,
        -1.0188590288162231,
        -0.20900508761405945,
        0.048004161566495895,
        1.0403550863265991,
        -1.58539879322052
    ],
    "qpos": [
        -0.6005247001996187,
        -1.0188590621932667
    ],
    "qvel": [
        1.0403550719804464,
        -1.5853988110794313
    ],
    "render_time": 0.0018420219421386719,
    "reward": 0.0,
    "score": 0.0,
    "step_idx": 49,
    "success": null,
    "target_pos": [
        -0.11582857112457547,
        -0.13966327770807394
    ],
    "terminated": false,
    "truncated": false
}