{
    "action": [
        0.5411310987365732,
        -0.025804100221914483
    ],
    "ep_idx": 7,
    "finger_pos": [
        0.08952499005389157,
        -0.18352340841486792
    ],
    "id": 5607497640727248794,
    "observation": [
        -0.5636789202690125,
        -1.106534719467163,
        -0.20535355806350708,
        0.04386013001203537,
        0.8576198816299438,
        -2.2875263690948486
    ],
    "qpos": [
        -0.563678905612552,
        -1.1065347246341246
    ],
    "qvel": [
        0.8576199024549398,
        -2.2875263302784403
    ],
    "render_time": 0.0018432140350341797,
    "reward": 0.0,
    "score": 0.0,
    "step_idx": 50,
    "success": null,
    "target_pos": [
        -0.11582857112457547,
        -0.13966327770807394
    ],
    "terminated": false,
    "truncated": false
}