{
    "action": [
        -0.1354033094054543,
        -0.4807377765863199
    ],
    "ep_idx": 7,
    "finger_pos": [
        0.09183498133865904,
        -0.17958907121894818
    ],
    "id": 5607497640727248794,
    "observation": [
        -0.5254132747650146,
        -1.1453747749328613,
        -0.20766355097293854,
        0.039925795048475266,
        1.0432816743850708,
        -0.7645346522331238
    ],
    "qpos": [
        -0.5254133044973117,
        -1.1453747673908328
    ],
    "qvel": [
        1.0432816155301738,
        -0.7645346530173567
    ],
    "render_time": 0.001834869384765625,
    "reward": 0.0,
    "score": 0.0,
    "step_idx": 51,
    "success": null,
    "target_pos": [
        -0.11582857112457547,
        -0.13966327770807394
    ],
    "terminated": false,
    "truncated": false
}