{
    "action": [
        -0.001215078632574862,
        0.35265618955492384
    ],
    "ep_idx": 7,
    "finger_pos": [
        0.09005218430910575,
        -0.1754405366430336
    ],
    "id": 5607497640727248794,
    "observation": [
        -0.4901220202445984,
        -1.2128998041152954,
        -0.2058807611465454,
        0.0357772596180439,
        0.7972730994224548,
        -1.8412259817123413
    ],
    "qpos": [
        -0.49012200901983627,
        -1.212899839397453
    ],
    "qvel": [
        0.7972731241929103,
        -1.841225979620827
    ],
    "render_time": 0.0018470287322998047,
    "reward": 0.0,
    "score": 0.0,
    "step_idx": 52,
    "success": null,
    "target_pos": [
        -0.11582857112457547,
        -0.13966327770807394
    ],
    "terminated": false,
    "truncated": false
}