{
    "action": [
        0.6591105257922352,
        -0.913372662756565
    ],
    "ep_idx": 7,
    "finger_pos": [
        0.09488935981980381,
        -0.17554987121619642
    ],
    "id": 5607497640727248794,
    "observation": [
        -0.48621562123298645,
        -1.1780797243118286,
        -0.21071793138980865,
        0.03588659316301346,
        -0.0038901185616850853,
        1.2810817956924438
    ],
    "qpos": [
        -0.48621562500764026,
        -1.1780797674460788
    ],
    "qvel": [
        -0.00389011851854984,
        1.2810818248441938
    ],
    "render_time": 0.001833200454711914,
    "reward": 0.0,
    "score": 0.0,
    "step_idx": 53,
    "success": null,
    "target_pos": [
        -0.11582857112457547,
        -0.13966327770807394
    ],
    "terminated": false,
    "truncated": false
}