{
    "action": [
        -0.8134116276168091,
        0.5400610665210848
    ],
    "ep_idx": 7,
    "finger_pos": [
        0.08972336808084513,
        -0.16755146527053333
    ],
    "id": 5607497640727248794,
    "observation": [
        -0.42231833934783936,
        -1.313674807548523,
        -0.20555193722248077,
        0.027888188138604164,
        1.8799587488174438,
        -4.055742263793945
    ],
    "qpos": [
        -0.4223183281625746,
        -1.313674774205562
    ],
    "qvel": [
        1.879958732571338,
        -4.055742092241871
    ],
    "render_time": 0.0021104812622070312,
    "reward": 0.0,
    "score": 0.0,
    "step_idx": 54,
    "success": null,
    "target_pos": [
        -0.11582857112457547,
        -0.13966327770807394
    ],
    "terminated": false,
    "truncated": false
}