{
    "action": [
        0.7079884480359744,
        0.9135254743118613
    ],
    "ep_idx": 7,
    "finger_pos": [
        0.09402838902106488,
        -0.17021753603739445
    ],
    "id": 5607497640727248794,
    "observation": [
        -0.43990558385849,
        -1.2524116039276123,
        -0.20985695719718933,
        0.030554259195923805,
        -0.9172244668006897,
        2.3698787689208984
    ],
    "qpos": [
        -0.43990558563249343,
        -1.2524115752543332
    ],
    "qvel": [
        -0.9172244572580804,
        2.369878730956361
    ],
    "render_time": 0.0018274784088134766,
    "reward": 0.0,
    "score": 0.0,
    "step_idx": 55,
    "success": null,
    "target_pos": [
        -0.11582857112457547,
        -0.13966327770807394
    ],
    "terminated": false,
    "truncated": false
}