{
    "action": [
        -0.4505921051068169,
        0.5921629281007355
    ],
    "ep_idx": 7,
    "finger_pos": [
        0.10878383617918189,
        -0.17191526581127786
    ],
    "id": 5607497640727248794,
    "observation": [
        -0.4474184513092041,
        -1.1184128522872925,
        -0.22461239993572235,
        0.032251987606287,
        0.046251825988292694,
        3.5376298427581787
    ],
    "qpos": [
        -0.4474184529014676,
        -1.1184128699910652
    ],
    "qvel": [
        0.046251825321449946,
        3.5376299019946984
    ],
    "render_time": 0.0018463134765625,
    "reward": 0.0,
    "score": 0.0,
    "step_idx": 56,
    "success": null,
    "target_pos": [
        -0.11582857112457547,
        -0.13966327770807394
    ],
    "terminated": false,
    "truncated": false
}