{
    "action": [
        0.34805179345829385,
        0.6145127285823802
    ],
    "ep_idx": 7,
    "finger_pos": [
        0.12235193477233458,
        -0.17296599796124945
    ],
    "id": 5607497640727248794,
    "observation": [
        -0.46607834100723267,
        -0.9781181216239929,
        -0.2381805032491684,
        0.03330272063612938,
        -0.6105424761772156,
        3.48132061958313
    ],
    "qpos": [
        -0.4660783380807548,
        -0.9781181173430078
    ],
    "qvel": [
        -0.6105424930113605,
        3.4813206563488084
    ],
    "render_time": 0.0018451213836669922,
    "reward": 0.0,
    "score": 0.0,
    "step_idx": 57,
    "success": null,
    "target_pos": [
        -0.11582857112457547,
        -0.13966327770807394
    ],
    "terminated": false,
    "truncated": false
}