{
    "action": [
        0.29483857302603367,
        -0.6499211720025595
    ],
    "ep_idx": 7,
    "finger_pos": [
        0.13533236341910607,
        -0.1707619510536561
    ],
    "id": 5607497640727248794,
    "observation": [
        -0.467987984418869,
        -0.8652893304824829,
        -0.2511609196662903,
        0.03109867312014103,
        0.08780569583177567,
        2.7417078018188477
    ],
    "qpos": [
        -0.4679879981826482,
        -0.865289332378957
    ],
    "qvel": [
        0.08780569606955851,
        2.741707699135077
    ],
    "render_time": 0.0018532276153564453,
    "reward": 0.0,
    "score": 0.0,
    "step_idx": 58,
    "success": null,
    "target_pos": [
        -0.11582857112457547,
        -0.13966327770807394
    ],
    "terminated": false,
    "truncated": false
}