{
    "action": [
        -0.48827759838336915,
        0.5920826179933036
    ],
    "ep_idx": 7,
    "finger_pos": [
        0.13524227708721778,
        -0.16532890911690706
    ],
    "id": 5607497640727248794,
    "observation": [
        -0.4116949439048767,
        -0.946938157081604,
        -0.25107085704803467,
        0.025665631517767906,
        1.5688663721084595,
        -2.649937868118286
    ],
    "qpos": [
        -0.4116949447843033,
        -0.9469381780991479
    ],
    "qvel": [
        1.5688663425660963,
        -2.649937758490722
    ],
    "render_time": 0.0018415451049804688,
    "reward": 0.0,
    "score": 0.0,
    "step_idx": 59,
    "success": null,
    "target_pos": [
        -0.11582857112457547,
        -0.13966327770807394
    ],
    "terminated": false,
    "truncated": false
}