{
    "action": [
        -0.08930483972073078,
        0.876840729203876
    ],
    "ep_idx": 7,
    "finger_pos": [
        0.14394339585544647,
        -0.16417724829034872
    ],
    "id": 5607497640727248794,
    "observation": [
        -0.42289257049560547,
        -0.856160044670105,
        -0.2597719728946686,
        0.02451397106051445,
        -0.5964006185531616,
        2.8989882469177246
    ],
    "qpos": [
        -0.4228925780401868,
        -0.856160073508351
    ],
    "qvel": [
        -0.5964006097179809,
        2.8989882266380937
    ],
    "render_time": 0.0018620491027832031,
    "reward": 0.0,
    "score": 0.0,
    "step_idx": 60,
    "success": null,
    "target_pos": [
        -0.11582857112457547,
        -0.13966327770807394
    ],
    "terminated": false,
    "truncated": false
}