{
    "action": [
        -0.43481072344448,
        0.9636125210686652
    ],
    "ep_idx": 7,
    "finger_pos": [
        0.15654728902930745,
        -0.16254841763101818
    ],
    "id": 5607497640727248794,
    "observation": [
        -0.45694926381111145,
        -0.6945067048072815,
        -0.27237585186958313,
        0.022885140031576157,
        -0.876017689704895,
        4.197364330291748
    ],
    "qpos": [
        -0.456949266208241,
        -0.6945067067618708
    ],
    "qvel": [
        -0.8760177119032114,
        4.197364271154763
    ],
    "render_time": 0.0018591880798339844,
    "reward": 0.0,
    "score": 0.0,
    "step_idx": 61,
    "success": null,
    "target_pos": [
        -0.11582857112457547,
        -0.13966327770807394
    ],
    "terminated": false,
    "truncated": false
}