{
    "action": [
        -0.666272395274417,
        -0.03364344521112361
    ],
    "ep_idx": 7,
    "finger_pos": [
        0.16901893225432024,
        -0.1599030027464815
    ],
    "id": 5607497640727248794,
    "observation": [
        -0.5099448561668396,
        -0.495491623878479,
        -0.2848474979400635,
        0.020239725708961487,
        -1.4149541854858398,
        5.0585784912109375
    ],
    "qpos": [
        -0.509944869269261,
        -0.49549163632124305
    ],
    "qvel": [
        -1.414954211436415,
        5.058578273088959
    ],
    "render_time": 0.001834869384765625,
    "reward": 0.0,
    "score": 0.0,
    "step_idx": 62,
    "success": null,
    "target_pos": [
        -0.11582857112457547,
        -0.13966327770807394
    ],
    "terminated": false,
    "truncated": false
}