{
    "action": [
        0.9746176593331313,
        0.6665864653441451
    ],
    "ep_idx": 7,
    "finger_pos": [
        0.16874363679624926,
        -0.16223481255033845
    ],
    "id": 5607497640727248794,
    "observation": [
        -0.5432095527648926,
        -0.4450514316558838,
        -0.28457221388816833,
        0.022571533918380737,
        -0.871555745601654,
        0.828590989112854
    ],
    "qpos": [
        -0.543209573677091,
        -0.4450514444562975
    ],
    "qvel": [
        -0.871555743781564,
        0.8285910076878373
    ],
    "render_time": 0.0018451213836669922,
    "reward": 0.0,
    "score": 0.0,
    "step_idx": 63,
    "success": null,
    "target_pos": [
        -0.11582857112457547,
        -0.13966327770807394
    ],
    "terminated": false,
    "truncated": false
}