{
    "action": [
        -0.3450560909616529,
        0.9795661824144346
    ],
    "ep_idx": 7,
    "finger_pos": [
        0.17480239495623018,
        -0.15819429404242644
    ],
    "id": 5607497640727248794,
    "observation": [
        -0.5472460985183716,
        -0.37663733959198,
        -0.290630966424942,
        0.018531017005443573,
        0.17291153967380524,
        1.8560726642608643
    ],
    "qpos": [
        -0.5472461167760976,
        -0.3766373326480562
    ],
    "qvel": [
        0.1729115387800894,
        1.8560726047160538
    ],
    "render_time": 0.0018413066864013672,
    "reward": 0.0,
    "score": 0.0,
    "step_idx": 64,
    "success": null,
    "target_pos": [
        -0.11582857112457547,
        -0.13966327770807394
    ],
    "terminated": false,
    "truncated": false
}