{
    "action": [
        0.2613249600016847,
        -0.37911347227442693
    ],
    "ep_idx": 7,
    "finger_pos": [
        0.18639837218232005,
        -0.14950783897100206
    ],
    "id": 5607497640727248794,
    "observation": [
        -0.5824225544929504,
        -0.18718014657497406,
        -0.3022269308567047,
        0.009844561107456684,
        -1.0143533945083618,
        5.004838466644287
    ],
    "qpos": [
        -0.582422551388678,
        -0.18718014840499858
    ],
    "qvel": [
        -1.0143534469410342,
        5.004838579858319
    ],
    "render_time": 0.0018301010131835938,
    "reward": 0.0,
    "score": 0.0,
    "step_idx": 65,
    "success": null,
    "target_pos": [
        -0.11582857112457547,
        -0.13966327770807394
    ],
    "terminated": false,
    "truncated": false
}