{
    "action": [
        -0.601719740817872,
        0.19918912727739557
    ],
    "ep_idx": 7,
    "finger_pos": [
        0.18800275679870243,
        -0.14654121675850987
    ],
    "id": 5607497640727248794,
    "observation": [
        -0.5454118251800537,
        -0.23336122930049896,
        -0.3038313388824463,
        0.0068779392167925835,
        1.1000134944915771,
        -1.6869202852249146
    ],
    "qpos": [
        -0.5454117962819095,
        -0.23336123524303354
    ],
    "qvel": [
        1.100013517708026,
        -1.686920270920703
    ],
    "render_time": 0.0018379688262939453,
    "reward": 0.0,
    "score": 0.0,
    "step_idx": 66,
    "success": null,
    "target_pos": [
        -0.11582857112457547,
        -0.13966327770807394
    ],
    "terminated": false,
    "truncated": false
}