{
    "action": [
        0.09094282952629795,
        0.7941651488778931
    ],
    "ep_idx": 7,
    "finger_pos": [
        0.19042335011763492,
        -0.14450671059214573
    ],
    "id": 5607497640727248794,
    "observation": [
        -0.5599865317344666,
        -0.17833542823791504,
        -0.3062519133090973,
        0.004843432921916246,
        -0.5947917699813843,
        1.608591079711914
    ],
    "qpos": [
        -0.5599865400898909,
        -0.1783354351605641
    ],
    "qvel": [
        -0.5947917928108837,
        1.608591037537495
    ],
    "render_time": 0.0018532276153564453,
    "reward": 0.0,
    "score": 0.0,
    "step_idx": 67,
    "success": null,
    "target_pos": [
        -0.11582857112457547,
        -0.13966327770807394
    ],
    "terminated": false,
    "truncated": false
}