{
    "action": [
        0.7993533438265741,
        0.4137363486780534
    ],
    "ep_idx": 7,
    "finger_pos": [
        0.19574550603687693,
        -0.1387621815044539
    ],
    "id": 5607497640727248794,
    "observation": [
        -0.5943233966827393,
        -0.04468923434615135,
        -0.3115740716457367,
        -0.0009010962094180286,
        -0.825620174407959,
        3.507782220840454
    ],
    "qpos": [
        -0.5943234148519341,
        -0.04468923279110114
    ],
    "qvel": [
        -0.8256201631964399,
        3.507782238307895
    ],
    "render_time": 0.0044939517974853516,
    "reward": 0.0,
    "score": 0.0,
    "step_idx": 68,
    "success": null,
    "target_pos": [
        -0.11582857112457547,
        -0.13966327770807394
    ],
    "terminated": false,
    "truncated": false
}