{
    "action": [
        0.4962553694918477,
        0.41867183798815244
    ],
    "ep_idx": 7,
    "finger_pos": [
        0.20218415849380672,
        -0.12930878191114759
    ],
    "id": 5607497640727248794,
    "observation": [
        -0.5727389454841614,
        0.007476716302335262,
        -0.3180127441883087,
        -0.010354495607316494,
        0.7924230098724365,
        1.1638866662979126
    ],
    "qpos": [
        -0.5727389257274703,
        0.00747671643446406
    ],
    "qvel": [
        0.7924230164738967,
        1.1638867220559095
    ],
    "render_time": 0.0018496513366699219,
    "reward": 0.0,
    "score": 0.0,
    "step_idx": 69,
    "success": null,
    "target_pos": [
        -0.11582857112457547,
        -0.13966327770807394
    ],
    "terminated": false,
    "truncated": false
}