{
    "action": [
        0.5664029081280149,
        -0.3643584562196165
    ],
    "ep_idx": 7,
    "finger_pos": [
        0.21064312464328364,
        -0.11470753576405537
    ],
    "id": 5607497640727248794,
    "observation": [
        -0.5339339375495911,
        0.07055583596229553,
        -0.3264716863632202,
        -0.024955742061138153,
        1.0483670234680176,
        1.6302376985549927
    ],
    "qpos": [
        -0.5339339126783844,
        0.07055583516033513
    ],
    "qvel": [
        1.0483670078942904,
        1.630237682464006
    ],
    "render_time": 0.0018608570098876953,
    "reward": 0.0,
    "score": 0.0,
    "step_idx": 70,
    "success": null,
    "target_pos": [
        -0.11582857112457547,
        -0.13966327770807394
    ],
    "terminated": false,
    "truncated": false
}