{
    "action": [
        0.28795875676914195,
        0.8977860079509055
    ],
    "ep_idx": 7,
    "finger_pos": [
        0.21673194098108023,
        -0.10308577340431355
    ],
    "id": 5607497640727248794,
    "observation": [
        -0.4471660852432251,
        0.006395974196493626,
        -0.3325605094432831,
        -0.0365775041282177,
        2.2842259407043457,
        -1.8654335737228394
    ],
    "qpos": [
        -0.4471660925946777,
        0.006395974299537817
    ],
    "qvel": [
        2.2842259536295564,
        -1.865433559370913
    ],
    "render_time": 0.0018444061279296875,
    "reward": 0.0,
    "score": 0.0,
    "step_idx": 71,
    "success": null,
    "target_pos": [
        -0.11582857112457547,
        -0.13966327770807394
    ],
    "terminated": false,
    "truncated": false
}