{
    "action": [
        0.17823277426577144,
        -0.2623745824337813
    ],
    "ep_idx": 7,
    "finger_pos": [
        0.22546782442872654,
        -0.08027889308704442
    ],
    "id": 5607497640727248794,
    "observation": [
        -0.416611909866333,
        0.14910663664340973,
        -0.34129640460014343,
        -0.059384383261203766,
        0.676891565322876,
        4.025568008422852
    ],
    "qpos": [
        -0.41661192398389807,
        0.1491066427362081
    ],
    "qvel": [
        0.6768915732254582,
        4.025567805137445
    ],
    "render_time": 0.0018472671508789062,
    "reward": 0.0,
    "score": 0.0,
    "step_idx": 72,
    "success": null,
    "target_pos": [
        -0.11582857112457547,
        -0.13966327770807394
    ],
    "terminated": false,
    "truncated": false
}