{
    "action": [
        -0.4397108169854649,
        -0.6613543780226603
    ],
    "ep_idx": 7,
    "finger_pos": [
        0.23037133993909348,
        -0.06542523324435295
    ],
    "id": 5607497640727248794,
    "observation": [
        -0.3424544930458069,
        0.13148273527622223,
        -0.3461998999118805,
        -0.07423804700374603,
        1.904124140739441,
        -0.8268809914588928
    ],
    "qpos": [
        -0.3424544914771738,
        0.13148273568448757
    ],
    "qvel": [
        1.9041241091916539,
        -0.8268809838058385
    ],
    "render_time": 0.0018477439880371094,
    "reward": 0.0,
    "score": 0.0,
    "step_idx": 73,
    "success": null,
    "target_pos": [
        -0.11582857112457547,
        -0.13966327770807394
    ],
    "terminated": false,
    "truncated": false
}