{
    "action": [
        0.4509196722338811,
        -0.7112754391967693
    ],
    "ep_idx": 7,
    "finger_pos": [
        0.23207871740277253,
        -0.060849410781315755
    ],
    "id": 5607497640727248794,
    "observation": [
        -0.2817062437534332,
        0.05057034641504288,
        -0.34790727496147156,
        -0.07881386578083038,
        1.3308249711990356,
        -2.16987681388855
    ],
    "qpos": [
        -0.28170625510737296,
        0.050570346829556134
    ],
    "qvel": [
        1.33082500989824,
        -2.1698767315215735
    ],
    "render_time": 0.0018754005432128906,
    "reward": 0.0,
    "score": 0.0,
    "step_idx": 74,
    "success": null,
    "target_pos": [
        -0.11582857112457547,
        -0.13966327770807394
    ],
    "terminated": false,
    "truncated": false
}