{
    "action": [
        -0.32019264169982087,
        0.5984094931153472
    ],
    "ep_idx": 7,
    "finger_pos": [
        0.23208815463919621,
        -0.06015628597708114
    ],
    "id": 5607497640727248794,
    "observation": [
        -0.20866329967975616,
        -0.08990276604890823,
        -0.34791672229766846,
        -0.07950699329376221,
        1.882480502128601,
        -3.6171257495880127
    ],
    "qpos": [
        -0.2086632945841641,
        -0.08990276568777475
    ],
    "qvel": [
        1.8824805223061851,
        -3.6171256887888767
    ],
    "render_time": 0.0018367767333984375,
    "reward": 0.0,
    "score": 0.0,
    "step_idx": 75,
    "success": null,
    "target_pos": [
        -0.11582857112457547,
        -0.13966327770807394
    ],
    "terminated": false,
    "truncated": false
}