{
    "action": [
        -0.5527589604635297,
        -0.6677935123059153
    ],
    "ep_idx": 7,
    "finger_pos": [
        0.2345745664015242,
        -0.050716454204862885
    ],
    "id": 5607497640727248794,
    "observation": [
        -0.21966545283794403,
        0.013473507948219776,
        -0.3504031300544739,
        -0.08894682675600052,
        -0.4998396337032318,
        3.0856070518493652
    ],
    "qpos": [
        -0.2196654474117325,
        0.013473507876695559
    ],
    "qvel": [
        -0.49983963655240465,
        3.0856071235560405
    ],
    "render_time": 0.001874685287475586,
    "reward": 0.0,
    "score": 0.0,
    "step_idx": 76,
    "success": null,
    "target_pos": [
        -0.11582857112457547,
        -0.13966327770807394
    ],
    "terminated": false,
    "truncated": false
}