{
    "action": [
        -0.4515294099269005,
        -0.9160647786686202
    ],
    "ep_idx": 7,
    "finger_pos": [
        0.23336803871602763,
        -0.05561443629213562
    ],
    "id": 5607497640727248794,
    "observation": [
        -0.2055644541978836,
        -0.05676795169711113,
        -0.3491966128349304,
        -0.08404884487390518,
        0.28679129481315613,
        -2.199024200439453
    ],
    "qpos": [
        -0.20556445951775235,
        -0.05676795028539008
    ],
    "qvel": [
        0.2867913001247525,
        -2.199024132518075
    ],
    "render_time": 0.0018463134765625,
    "reward": 0.0,
    "score": 0.0,
    "step_idx": 77,
    "success": null,
    "target_pos": [
        -0.11582857112457547,
        -0.13966327770807394
    ],
    "terminated": false,
    "truncated": false
}