{
    "action": [
        -0.11178992128670262,
        -0.020363714101341523
    ],
    "ep_idx": 7,
    "finger_pos": [
        0.22827576279918793,
        -0.07003360242648532
    ],
    "id": 5607497640727248794,
    "observation": [
        -0.19668765366077423,
        -0.20198066532611847,
        -0.3441043198108673,
        -0.06962967664003372,
        0.10906185209751129,
        -3.7792677879333496
    ],
    "qpos": [
        -0.19668764716466583,
        -0.201980666458148
    ],
    "qvel": [
        0.10906185371367769,
        -3.779267795966812
    ],
    "render_time": 0.0018482208251953125,
    "reward": 0.0,
    "score": 0.0,
    "step_idx": 78,
    "success": null,
    "target_pos": [
        -0.11582857112457547,
        -0.13966327770807394
    ],
    "terminated": false,
    "truncated": false
}