{
    "action": [
        0.628555415189997,
        0.44810225329570086
    ],
    "ep_idx": 7,
    "finger_pos": [
        0.22463402861869797,
        -0.0800438807495665
    ],
    "id": 5607497640727248794,
    "observation": [
        -0.22929051518440247,
        -0.22602497041225433,
        -0.3404625952243805,
        -0.059619396924972534,
        -0.8769075274467468,
        -0.32928648591041565
    ],
    "qpos": [
        -0.22929051454841692,
        -0.22602496565868638
    ],
    "qvel": [
        -0.8769075415122608,
        -0.32928648094661983
    ],
    "render_time": 0.0018546581268310547,
    "reward": 0.0,
    "score": 0.0,
    "step_idx": 79,
    "success": null,
    "target_pos": [
        -0.11582857112457547,
        -0.13966327770807394
    ],
    "terminated": false,
    "truncated": false
}