{
    "action": [
        -0.9689616381044688,
        0.9880494095087133
    ],
    "ep_idx": 7,
    "finger_pos": [
        0.22492744598318648,
        -0.08062770132249274
    ],
    "id": 5607497640727248794,
    "observation": [
        -0.25025174021720886,
        -0.18788133561611176,
        -0.34075602889060974,
        -0.05903557687997818,
        -0.34082090854644775,
        1.1106009483337402
    ],
    "qpos": [
        -0.25025175185491483,
        -0.18788133843705407
    ],
    "qvel": [
        -0.34082090834944995,
        1.110600967028697
    ],
    "render_time": 0.0018413066864013672,
    "reward": 0.0,
    "score": 0.0,
    "step_idx": 80,
    "success": null,
    "target_pos": [
        -0.11582857112457547,
        -0.13966327770807394
    ],
    "terminated": false,
    "truncated": false
}