{
    "action": [
        -0.44115013320901575,
        -0.9206472518598279
    ],
    "ep_idx": 7,
    "finger_pos": [
        0.22739637025293802,
        -0.07671203891
    ],
    "id": 5607497640727248794,
    "observation": [
        -0.33569714426994324,
        0.020672883838415146,
        -0.3432249426841736,
        -0.0629512369632721,
        -2.3962841033935547,
        5.537986755371094
    ],
    "qpos": [
        -0.3356971301395457,
        0.02067288419324581
    ],
    "qvel": [
        -2.3962841758180975,
        5.537986700883162
    ],
    "render_time": 0.0018415451049804688,
    "reward": 0.0,
    "score": 0.0,
    "step_idx": 81,
    "success": null,
    "target_pos": [
        -0.11582857112457547,
        -0.13966327770807394
    ],
    "terminated": false,
    "truncated": false
}