{
    "action": [
        -0.18789046244879692,
        0.5335101824767574
    ],
    "ep_idx": 7,
    "finger_pos": [
        0.2215321494768631,
        -0.09161369426576718
    ],
    "id": 5607497640727248794,
    "observation": [
        -0.3445237874984741,
        -0.09521041810512543,
        -0.3373607099056244,
        -0.04804958403110504,
        -0.13625182211399078,
        -3.623354434967041
    ],
    "qpos": [
        -0.3445237820690795,
        -0.09521042154812293
    ],
    "qvel": [
        -0.13625182341888586,
        -3.623354316422297
    ],
    "render_time": 0.0018422603607177734,
    "reward": 0.0,
    "score": 0.0,
    "step_idx": 82,
    "success": null,
    "target_pos": [
        -0.11582857112457547,
        -0.13966327770807394
    ],
    "terminated": false,
    "truncated": false
}