{
    "action": [
        -0.7805238258440825,
        -0.7757238088421992
    ],
    "ep_idx": 7,
    "finger_pos": [
        0.21886441737376777,
        -0.09843414747180895
    ],
    "id": 5607497640727248794,
    "observation": [
        -0.4100860357284546,
        -0.02511901780962944,
        -0.33469298481941223,
        -0.04122912883758545,
        -1.7260167598724365,
        2.210090160369873
    ],
    "qpos": [
        -0.41008602536428473,
        -0.025119017902562657
    ],
    "qvel": [
        -1.7260167463665614,
        2.210090257267598
    ],
    "render_time": 0.001863241195678711,
    "reward": 0.0,
    "score": 0.0,
    "step_idx": 83,
    "success": null,
    "target_pos": [
        -0.11582857112457547,
        -0.13966327770807394
    ],
    "terminated": false,
    "truncated": false
}