{
    "action": [
        0.37952316521475726,
        0.5220017931244691
    ],
    "ep_idx": 7,
    "finger_pos": [
        0.20942126268260064,
        -0.1163445948373216
    ],
    "id": 5607497640727248794,
    "observation": [
        -0.4471605122089386,
        -0.11987193673849106,
        -0.3252498209476471,
        -0.023318683728575706,
        -0.9918466806411743,
        -2.787367582321167
    ],
    "qpos": [
        -0.4471605263169597,
        -0.11987193438041105
    ],
    "qvel": [
        -0.9918466651151271,
        -2.787367638959064
    ],
    "render_time": 0.0018520355224609375,
    "reward": 0.0,
    "score": 0.0,
    "step_idx": 84,
    "success": null,
    "target_pos": [
        -0.11582857112457547,
        -0.13966327770807394
    ],
    "terminated": false,
    "truncated": false
}