{
    "action": [
        0.18061773606152598,
        -0.9703197542418889
    ],
    "ep_idx": 7,
    "finger_pos": [
        0.2050447065168527,
        -0.12438507430212489
    ],
    "id": 5607497640727248794,
    "observation": [
        -0.5068468451499939,
        -0.07685822248458862,
        -0.32087329030036926,
        -0.015278203412890434,
        -1.3867696523666382,
        1.441188931465149
    ],
    "qpos": [
        -0.5068468686061876,
        -0.0768582234861975
    ],
    "qvel": [
        -1.386769606408571,
        1.4411889150075214
    ],
    "render_time": 0.0018546581268310547,
    "reward": 0.0,
    "score": 0.0,
    "step_idx": 85,
    "success": null,
    "target_pos": [
        -0.11582857112457547,
        -0.13966327770807394
    ],
    "terminated": false,
    "truncated": false
}