{
    "action": [
        -0.8038715910607475,
        0.19260043812357908
    ],
    "ep_idx": 7,
    "finger_pos": [
        0.1948716472896404,
        -0.13695179720927966
    ],
    "id": 5607497640727248794,
    "observation": [
        -0.48943209648132324,
        -0.24631372094154358,
        -0.3107002079486847,
        -0.0027114804834127426,
        0.5929037928581238,
        -4.700122833251953
    ],
    "qpos": [
        -0.4894320984330244,
        -0.24631372339784308
    ],
    "qvel": [
        0.5929037979310985,
        -4.700122797304646
    ],
    "render_time": 0.001847982406616211,
    "reward": 0.0,
    "score": 0.0,
    "step_idx": 86,
    "success": null,
    "target_pos": [
        -0.11582857112457547,
        -0.13966327770807394
    ],
    "terminated": false,
    "truncated": false
}