{
    "action": [
        -0.23143685123964475,
        0.9080211772289433
    ],
    "ep_idx": 7,
    "finger_pos": [
        0.18875794764045822,
        -0.1460887996025906
    ],
    "id": 5607497640727248794,
    "observation": [
        -0.5540035367012024,
        -0.20929762721061707,
        -0.3045865297317505,
        0.006425521802157164,
        -1.8920446634292603,
        1.3801716566085815
    ],
    "qpos": [
        -0.5540035536418614,
        -0.2092976315659188
    ],
    "qvel": [
        -1.892044669050278,
        1.3801716555325803
    ],
    "render_time": 0.0018825531005859375,
    "reward": 0.0,
    "score": 0.0,
    "step_idx": 87,
    "success": null,
    "target_pos": [
        -0.11582857112457547,
        -0.13966327770807394
    ],
    "terminated": false,
    "truncated": false
}