{
    "action": [
        0.8622664818324379,
        0.5105840887108852
    ],
    "ep_idx": 7,
    "finger_pos": [
        0.18695096905308733,
        -0.15034923772773956
    ],
    "id": 5607497640727248794,
    "observation": [
        -0.6495267152786255,
        -0.05556110292673111,
        -0.30277952551841736,
        0.010685959830880165,
        -2.3765265941619873,
        4.0738091468811035
    ],
    "qpos": [
        -0.6495267415658409,
        -0.055561102108749635
    ],
    "qvel": [
        -2.3765266721478286,
        4.073809123915226
    ],
    "render_time": 0.0027418136596679688,
    "reward": 0.0,
    "score": 0.0,
    "step_idx": 88,
    "success": null,
    "target_pos": [
        -0.11582857112457547,
        -0.13966327770807394
    ],
    "terminated": false,
    "truncated": false
}