{
    "action": [
        -0.9369207012014524,
        -0.020779883644316044
    ],
    "ep_idx": 7,
    "finger_pos": [
        0.18777111066677038,
        -0.14947239502020263
    ],
    "id": 5607497640727248794,
    "observation": [
        -0.6727960109710693,
        0.0009547357331030071,
        -0.30359968543052673,
        0.009809117764234543,
        -0.23430074751377106,
        1.2513234615325928
    ],
    "qpos": [
        -0.6727960084379886,
        0.0009547357460295003
    ],
    "qvel": [
        -0.23430074385719346,
        1.2513234679578051
    ],
    "render_time": 0.0018529891967773438,
    "reward": 0.0,
    "score": 0.0,
    "step_idx": 89,
    "success": null,
    "target_pos": [
        -0.11582857112457547,
        -0.13966327770807394
    ],
    "terminated": false,
    "truncated": false
}