{
    "action": [
        -0.5952505590553869,
        0.5420714218394422
    ],
    "ep_idx": 7,
    "finger_pos": [
        0.185322909306319,
        -0.1524075853178199
    ],
    "id": 5607497640727248794,
    "observation": [
        -0.7100358009338379,
        0.043582260608673096,
        -0.30115148425102234,
        0.012744307518005371,
        -1.1439628601074219,
        1.0016547441482544
    ],
    "qpos": [
        -0.7100357971515056,
        0.043582260092489
    ],
    "qvel": [
        -1.1439629069035957,
        1.0016547328621517
    ],
    "render_time": 0.0018463134765625,
    "reward": 0.0,
    "score": 0.0,
    "step_idx": 90,
    "success": null,
    "target_pos": [
        -0.11582857112457547,
        -0.13966327770807394
    ],
    "terminated": false,
    "truncated": false
}