{
    "action": [
        0.6440294293405144,
        0.7405945301129857
    ],
    "ep_idx": 7,
    "finger_pos": [
        0.18167807093839883,
        -0.1557101891193639
    ],
    "id": 5607497640727248794,
    "observation": [
        -0.7863234281539917,
        0.15548229217529297,
        -0.2975066304206848,
        0.016046911478042603,
        -2.011582136154175,
        2.931161880493164
    ],
    "qpos": [
        -0.7863233989576386,
        0.15548228762084035
    ],
    "qvel": [
        -2.0115820890050915,
        2.931161891089669
    ],
    "render_time": 0.0018467903137207031,
    "reward": 0.0,
    "score": 0.0,
    "step_idx": 91,
    "success": null,
    "target_pos": [
        -0.11582857112457547,
        -0.13966327770807394
    ],
    "terminated": false,
    "truncated": false
}