{
    "action": [
        -0.9938550517753717,
        0.30768498997721117
    ],
    "ep_idx": 7,
    "finger_pos": [
        0.18209167877289,
        -0.15335476427348105
    ],
    "id": 5607497640727248794,
    "observation": [
        -0.8270006775856018,
        0.2541230022907257,
        -0.29792025685310364,
        0.013691486790776253,
        -0.7591210603713989,
        2.483319044113159
    ],
    "qpos": [
        -0.8270006550954928,
        0.2541230148655586
    ],
    "qvel": [
        -0.7591210706050763,
        2.4833191600926057
    ],
    "render_time": 0.0018494129180908203,
    "reward": 0.0,
    "score": 0.0,
    "step_idx": 92,
    "success": null,
    "target_pos": [
        -0.11582857112457547,
        -0.13966327770807394
    ],
    "terminated": false,
    "truncated": false
}