{
    "action": [
        0.8505156133070064,
        -0.4647486992955827
    ],
    "ep_idx": 7,
    "finger_pos": [
        0.1793959731999415,
        -0.15363196317946548
    ],
    "id": 5607497640727248794,
    "observation": [
        -0.8866119384765625,
        0.35684579610824585,
        -0.29522454738616943,
        0.013968685641884804,
        -1.6967542171478271,
        2.528440475463867
    ],
    "qpos": [
        -0.8866119420925829,
        0.3568458006219918
    ],
    "qvel": [
        -1.6967542326060365,
        2.52844050765917
    ],
    "render_time": 0.0018532276153564453,
    "reward": 0.0,
    "score": 0.0,
    "step_idx": 93,
    "success": null,
    "target_pos": [
        -0.11582857112457547,
        -0.13966327770807394
    ],
    "terminated": false,
    "truncated": false
}