{
    "action": [
        -0.13070795950591307,
        0.9675389971754831
    ],
    "ep_idx": 7,
    "finger_pos": [
        0.17633803878813398,
        -0.16001573706236702
    ],
    "id": 5607497640727248794,
    "observation": [
        -0.8622270226478577,
        0.2506360709667206,
        -0.2921666204929352,
        0.020352458581328392,
        0.9616061449050903,
        -3.088513135910034
    ],
    "qpos": [
        -0.8622270467508578,
        0.2506360590521133
    ],
    "qvel": [
        0.9616061153100411,
        -3.088513127097966
    ],
    "render_time": 0.0018353462219238281,
    "reward": 0.0,
    "score": 0.0,
    "step_idx": 94,
    "success": null,
    "target_pos": [
        -0.11582857112457547,
        -0.13966327770807394
    ],
    "terminated": false,
    "truncated": false
}