{
    "action": [
        0.6922733000769787,
        -0.9272652691124144
    ],
    "ep_idx": 7,
    "finger_pos": [
        0.17942656393145828,
        -0.15208336630476216
    ],
    "id": 5607497640727248794,
    "observation": [
        -0.9032513499259949,
        0.4002954363822937,
        -0.2952551245689392,
        0.012420088984072208,
        -1.1689882278442383,
        4.3420939445495605
    ],
    "qpos": [
        -0.9032513796100465,
        0.4002954298303502
    ],
    "qvel": [
        -1.1689881866911935,
        4.342094153405912
    ],
    "render_time": 0.0018491744995117188,
    "reward": 0.0,
    "score": 0.0,
    "step_idx": 95,
    "success": null,
    "target_pos": [
        -0.11582857112457547,
        -0.13966327770807394
    ],
    "terminated": false,
    "truncated": false
}