{
    "action": [
        -0.4252960418074472,
        -0.8108982568975596
    ],
    "ep_idx": 7,
    "finger_pos": [
        0.18004099903709816,
        -0.15599479681594586
    ],
    "id": 5607497640727248794,
    "observation": [
        -0.835802435874939,
        0.24368196725845337,
        -0.2958695590496063,
        0.016331519931554794,
        2.011798143386841,
        -4.675268173217773
    ],
    "qpos": [
        -0.8358024595252186,
        0.24368196705050554
    ],
    "qvel": [
        2.0117982077305547,
        -4.675268368203867
    ],
    "render_time": 0.0018720626831054688,
    "reward": 0.0,
    "score": 0.0,
    "step_idx": 96,
    "success": null,
    "target_pos": [
        -0.11582857112457547,
        -0.13966327770807394
    ],
    "terminated": false,
    "truncated": false
}