{
    "action": [
        -0.11178705232893926,
        -0.831279004960128
    ],
    "ep_idx": 7,
    "finger_pos": [
        0.17674065306582476,
        -0.16182229802018622
    ],
    "id": 5607497640727248794,
    "observation": [
        -0.7967130541801453,
        0.11070027947425842,
        -0.29256922006607056,
        0.022159019485116005,
        0.7611932158470154,
        -3.236686944961548
    ],
    "qpos": [
        -0.7967130337645273,
        0.1107002812266542
    ],
    "qvel": [
        0.7611932389542715,
        -3.2366869397075946
    ],
    "render_time": 0.0018429756164550781,
    "reward": 0.0,
    "score": 0.0,
    "step_idx": 97,
    "success": null,
    "target_pos": [
        -0.11582857112457547,
        -0.13966327770807394
    ],
    "terminated": false,
    "truncated": false
}