{
    "action": [
        0.5443056720439601,
        0.02384421029229622
    ],
    "ep_idx": 7,
    "finger_pos": [
        0.1690300167410792,
        -0.17031675181119094
    ],
    "id": 5607497640727248794,
    "observation": [
        -0.7700685858726501,
        -0.038242701441049576,
        -0.2848585844039917,
        0.03065347485244274,
        0.6069046258926392,
        -3.7788517475128174
    ],
    "qpos": [
        -0.7700685949845414,
        -0.03824270044052312
    ],
    "qvel": [
        0.6069046234125113,
        -3.778851775211413
    ],
    "render_time": 0.0018606185913085938,
    "reward": 0.0,
    "score": 0.0,
    "step_idx": 98,
    "success": null,
    "target_pos": [
        -0.11582857112457547,
        -0.13966327770807394
    ],
    "terminated": false,
    "truncated": false
}