{
    "action": [
        -0.5024299859015098,
        -0.6727354883596
    ],
    "ep_idx": 7,
    "finger_pos": [
        0.16724978907369464,
        -0.1718713014856119
    ],
    "id": 5607497640727248794,
    "observation": [
        -0.7599810361862183,
        -0.0780884400010109,
        -0.2830783724784851,
        0.032208025455474854,
        0.32942113280296326,
        -0.7333712577819824
    ],
    "qpos": [
        -0.759981010372061,
        -0.0780884431129208
    ],
    "qvel": [
        0.32942114357512936,
        -0.7333712480160837
    ],
    "render_time": 0.0018575191497802734,
    "reward": 0.0,
    "score": 0.0,
    "step_idx": 99,
    "success": null,
    "target_pos": [
        -0.11582857112457547,
        -0.13966327770807394
    ],
    "terminated": false,
    "truncated": false
}