{
    "action": [
        -0.34612937216866824,
        -0.8725335702537147
    ],
    "ep_idx": 7,
    "finger_pos": [
        0.16048106471634194,
        -0.17727977970238543
    ],
    "id": 5607497640727248794,
    "observation": [
        -0.7498315572738647,
        -0.1705223172903061,
        -0.27630963921546936,
        0.03761650249361992,
        0.1297929733991623,
        -2.4776291847229004
    ],
    "qpos": [
        -0.7498315850130126,
        -0.17052232253642946
    ],
    "qvel": [
        0.12979297639865173,
        -2.477629174765698
    ],
    "render_time": 0.0018699169158935547,
    "reward": 0.0,
    "score": 0.0,
    "step_idx": 100,
    "success": null,
    "target_pos": [
        -0.11582857112457547,
        -0.13966327770807394
    ],
    "terminated": false,
    "truncated": false
}