{
    "action": [
        -0.2368748643322489,
        0.18049830900050612
    ],
    "ep_idx": 7,
    "finger_pos": [
        0.14664591652797435,
        -0.18619887796572793
    ],
    "id": 5607497640727248794,
    "observation": [
        -0.7457351088523865,
        -0.31588292121887207,
        -0.2624744772911072,
        0.04653559997677803,
        0.017422055825591087,
        -3.752473831176758
    ],
    "qpos": [
        -0.7457350842264305,
        -0.31588292084922365
    ],
    "qvel": [
        0.017422055495861233,
        -3.752473906257774
    ],
    "render_time": 0.001859426498413086,
    "reward": 0.0,
    "score": 0.0,
    "step_idx": 101,
    "success": null,
    "target_pos": [
        -0.11582857112457547,
        -0.13966327770807394
    ],
    "terminated": false,
    "truncated": false
}