{
    "action": [
        -0.9584768186515713,
        0.2246237724320943
    ],
    "ep_idx": 7,
    "finger_pos": [
        0.1387552368529384,
        -0.1924410550949853
    ],
    "id": 5607497640727248794,
    "observation": [
        -0.7945122718811035,
        -0.30316969752311707,
        -0.25458380579948425,
        0.05277777835726738,
        -1.3187267780303955,
        0.67851722240448
    ],
    "qpos": [
        -0.7945122447536547,
        -0.30316970202691523
    ],
    "qvel": [
        -1.318726814934447,
        0.6785171997436833
    ],
    "render_time": 0.0018532276153564453,
    "reward": 0.0,
    "score": 0.0,
    "step_idx": 102,
    "success": null,
    "target_pos": [
        -0.11582857112457547,
        -0.13966327770807394
    ],
    "terminated": false,
    "truncated": false
}