{
    "action": [
        -0.39620648400036784,
        0.18499100881289254
    ],
    "ep_idx": 7,
    "finger_pos": [
        0.12923539626990613,
        -0.20031018858735017
    ],
    "id": 5607497640727248794,
    "observation": [
        -0.8816350698471069,
        -0.23236899077892303,
        -0.24506396055221558,
        0.0606469102203846,
        -2.358954668045044,
        1.8396899700164795
    ],
    "qpos": [
        -0.8816350555331335,
        -0.2323689901604134
    ],
    "qvel": [
        -2.3589547004583773,
        1.8396899709184935
    ],
    "render_time": 0.0018422603607177734,
    "reward": 0.0,
    "score": 0.0,
    "step_idx": 103,
    "success": null,
    "target_pos": [
        -0.11582857112457547,
        -0.13966327770807394
    ],
    "terminated": false,
    "truncated": false
}