{
    "action": [
        -0.9654507369391252,
        -0.1310772521260435
    ],
    "ep_idx": 7,
    "finger_pos": [
        0.11665166086878379,
        -0.20848845726182613
    ],
    "id": 5607497640727248794,
    "observation": [
        -0.9650683999061584,
        -0.1912233531475067,
        -0.2324802279472351,
        0.06882517784833908,
        -2.05794620513916,
        0.95746910572052
    ],
    "qpos": [
        -0.9650683861724404,
        -0.19122335875710397
    ],
    "qvel": [
        -2.057946174346463,
        0.9574690797493455
    ],
    "render_time": 0.0018417835235595703,
    "reward": 0.0,
    "score": 0.0,
    "step_idx": 104,
    "success": null,
    "target_pos": [
        -0.11582857112457547,
        -0.13966327770807394
    ],
    "terminated": false,
    "truncated": false
}