{
    "action": [
        -0.9857205815783627,
        0.6779681602206424
    ],
    "ep_idx": 7,
    "finger_pos": [
        0.0977060182355778,
        -0.21811948054604305
    ],
    "id": 5607497640727248794,
    "observation": [
        -1.0584825277328491,
        -0.18233652412891388,
        -0.21353459358215332,
        0.07845620065927505,
        -2.4628701210021973,
        0.12897124886512756
    ],
    "qpos": [
        -1.058482531579011,
        -0.18233652153995747
    ],
    "qvel": [
        -2.4628700900405462,
        0.12897125457571226
    ],
    "render_time": 0.0018677711486816406,
    "reward": 0.0,
    "score": 0.0,
    "step_idx": 105,
    "success": null,
    "target_pos": [
        -0.11582857112457547,
        -0.13966327770807394
    ],
    "terminated": false,
    "truncated": false
}