{
    "action": [
        0.9455296375898059,
        0.7439054823874349
    ],
    "ep_idx": 7,
    "finger_pos": [
        0.08016124780781266,
        -0.2261436481099946
    ],
    "id": 5607497640727248794,
    "observation": [
        -1.2061251401901245,
        -0.048038728535175323,
        -0.19598981738090515,
        0.08648037165403366,
        -3.8396456241607666,
        3.6200668811798096
    ],
    "qpos": [
        -1.206125096442016,
        -0.048038728291530206
    ],
    "qvel": [
        -3.8396455217702994,
        3.6200668153398405
    ],
    "render_time": 0.0018634796142578125,
    "reward": 0.0,
    "score": 0.0,
    "step_idx": 106,
    "success": null,
    "target_pos": [
        -0.11582857112457547,
        -0.13966327770807394
    ],
    "terminated": false,
    "truncated": false
}