{
    "action": [
        0.30298347594065533,
        0.8065408104511831
    ],
    "ep_idx": 7,
    "finger_pos": [
        0.07091980062544859,
        -0.22925721393908927
    ],
    "id": 5607497640727248794,
    "observation": [
        -1.2849249839782715,
        0.02827506698668003,
        -0.18674837052822113,
        0.08959393948316574,
        -1.5400584936141968,
        1.8469148874282837
    ],
    "qpos": [
        -1.2849249670610494,
        0.028275066452388878
    ],
    "qvel": [
        -1.5400584745754742,
        1.8469148533822848
    ],
    "render_time": 0.0018608570098876953,
    "reward": 0.0,
    "score": 0.0,
    "step_idx": 107,
    "success": null,
    "target_pos": [
        -0.11582857112457547,
        -0.13966327770807394
    ],
    "terminated": false,
    "truncated": false
}