{
    "action": [
        0.8739740747297233,
        -0.85867939210588
    ],
    "ep_idx": 7,
    "finger_pos": [
        0.0723781524536058,
        -0.22813048233075495
    ],
    "id": 5607497640727248794,
    "observation": [
        -1.3379324674606323,
        0.14871500432491302,
        -0.1882067173719406,
        0.08846720308065414,
        -1.1877803802490234,
        3.1434643268585205
    ],
    "qpos": [
        -1.3379324670120076,
        0.14871500415793035
    ],
    "qvel": [
        -1.1877804331681623,
        3.1434643222796823
    ],
    "render_time": 0.0018668174743652344,
    "reward": 0.0,
    "score": 0.0,
    "step_idx": 108,
    "success": null,
    "target_pos": [
        -0.11582857112457547,
        -0.13966327770807394
    ],
    "terminated": false,
    "truncated": false
}