{
    "action": [
        0.16463926966906883,
        -0.2898033976859147
    ],
    "ep_idx": 7,
    "finger_pos": [
        0.06812092303322155,
        -0.23011932278253983
    ],
    "id": 5607497640727248794,
    "observation": [
        -1.2740182876586914,
        -0.01794523186981678,
        -0.18394950032234192,
        0.0904560461640358,
        1.9361751079559326,
        -4.752851486206055
    ],
    "qpos": [
        -1.2740182802899902,
        -0.017945232365240288
    ],
    "qvel": [
        1.936175079717166,
        -4.752851308423757
    ],
    "render_time": 0.001848459243774414,
    "reward": 0.0,
    "score": 0.0,
    "step_idx": 109,
    "success": null,
    "target_pos": [
        -0.11582857112457547,
        -0.13966327770807394
    ],
    "terminated": false,
    "truncated": false
}