{
    "action": [
        -0.3022716147848141,
        0.3942405377964646
    ],
    "ep_idx": 7,
    "finger_pos": [
        0.06900942205442485,
        -0.22961504961620266
    ],
    "id": 5607497640727248794,
    "observation": [
        -1.2342153787612915,
        -0.08925026655197144,
        -0.18483799695968628,
        0.0899517685174942,
        0.9148200750350952,
        -1.5379390716552734
    ],
    "qpos": [
        -1.2342154061953963,
        -0.08925026391676809
    ],
    "qvel": [
        0.9148200677899759,
        -1.5379391146017074
    ],
    "render_time": 0.0018618106842041016,
    "reward": 0.0,
    "score": 0.0,
    "step_idx": 110,
    "success": null,
    "target_pos": [
        -0.11582857112457547,
        -0.13966327770807394
    ],
    "terminated": false,
    "truncated": false
}