{
    "action": [
        0.36465990427562867,
        -0.04133066350927761
    ],
    "ep_idx": 7,
    "finger_pos": [
        0.074386957054671,
        -0.2281746065887177
    ],
    "id": 5607497640727248794,
    "observation": [
        -1.2485204935073853,
        -0.014263341203331947,
        -0.19021552801132202,
        0.08851132541894913,
        -0.5061628818511963,
        2.145944595336914
    ],
    "qpos": [
        -1.2485204941960566,
        -0.01426334145659025
    ],
    "qvel": [
        -0.5061628883153753,
        2.1459446757445777
    ],
    "render_time": 0.001870870590209961,
    "reward": 0.0,
    "score": 0.0,
    "step_idx": 111,
    "success": null,
    "target_pos": [
        -0.11582857112457547,
        -0.13966327770807394
    ],
    "terminated": false,
    "truncated": false
}