{
    "action": [
        -0.14229652815983962,
        -0.7134066169782629
    ],
    "ep_idx": 7,
    "finger_pos": [
        0.07763242291764684,
        -0.2270760667384739
    ],
    "id": 5607497640727248794,
    "observation": [
        -1.2284197807312012,
        -0.025910325348377228,
        -0.19346100091934204,
        0.08741278946399689,
        0.6368468999862671,
        -0.4771295189857483
    ],
    "qpos": [
        -1.2284197837166388,
        -0.025910325259162204
    ],
    "qvel": [
        0.6368469000783991,
        -0.4771295144129414
    ],
    "render_time": 0.0018625259399414062,
    "reward": 0.0,
    "score": 0.0,
    "step_idx": 112,
    "success": null,
    "target_pos": [
        -0.11582857112457547,
        -0.13966327770807394
    ],
    "terminated": false,
    "truncated": false
}