{
    "action": [
        -0.8074380992515076,
        0.061161283546759426
    ],
    "ep_idx": 7,
    "finger_pos": [
        0.07395176606416029,
        -0.22774024002428764
    ],
    "id": 5607497640727248794,
    "observation": [
        -1.1888707876205444,
        -0.13589425384998322,
        -0.1897803395986557,
        0.08807696402072906,
        0.9435997605323792,
        -2.9597983360290527
    ],
    "qpos": [
        -1.1888707507365934,
        -0.1358942513990008
    ],
    "qvel": [
        0.9435997758699313,
        -2.959798351112045
    ],
    "render_time": 0.00185394287109375,
    "reward": 0.0,
    "score": 0.0,
    "step_idx": 113,
    "success": null,
    "target_pos": [
        -0.11582857112457547,
        -0.13966327770807394
    ],
    "terminated": false,
    "truncated": false
}