{
    "action": [
        0.7217357312570405,
        -0.8791418116495961
    ],
    "ep_idx": 7,
    "finger_pos": [
        0.0699099510824506,
        -0.22924943551082916
    ],
    "id": 5607497640727248794,
    "observation": [
        -1.2225221395492554,
        -0.10456206649541855,
        -0.18573851883411407,
        0.08958616107702255,
        -1.1164439916610718,
        1.0571794509887695
    ],
    "qpos": [
        -1.2225220849599105,
        -0.1045620655182673
    ],
    "qvel": [
        -1.1164439814357299,
        1.0571793956441478
    ],
    "render_time": 0.0019104480743408203,
    "reward": 0.0,
    "score": 0.0,
    "step_idx": 114,
    "success": null,
    "target_pos": [
        -0.11582857112457547,
        -0.13966327770807394
    ],
    "terminated": false,
    "truncated": false
}