{
    "action": [
        -0.18373125520200784,
        -0.3192544440419396
    ],
    "ep_idx": 7,
    "finger_pos": [
        0.058782112735880826,
        -0.2302359033854965
    ],
    "id": 5607497640727248794,
    "observation": [
        -1.1799166202545166,
        -0.28181466460227966,
        -0.1746106892824173,
        0.09057262539863586,
        1.3391729593276978,
        -4.852624893188477
    ],
    "qpos": [
        -1.179916574781693,
        -0.28181467462288257
    ],
    "qvel": [
        1.3391729343219607,
        -4.852624929181188
    ],
    "render_time": 0.0018918514251708984,
    "reward": 0.0,
    "score": 0.0,
    "step_idx": 115,
    "success": null,
    "target_pos": [
        -0.11582857112457547,
        -0.13966327770807394
    ],
    "terminated": false,
    "truncated": false
}