{
    "action": [
        -0.2784148404677904,
        -0.5436121069752979
    ],
    "ep_idx": 7,
    "finger_pos": [
        0.052070739311842154,
        -0.23052905409698182
    ],
    "id": 5607497640727248794,
    "observation": [
        -1.1737035512924194,
        -0.3498913645744324,
        -0.16789931058883667,
        0.09086577594280243,
        0.014820692129433155,
        -1.4466986656188965
    ],
    "qpos": [
        -1.1737035592405811,
        -0.3498913766776162
    ],
    "qvel": [
        0.01482069244529055,
        -1.446698718153941
    ],
    "render_time": 0.001912832260131836,
    "reward": 0.0,
    "score": 0.0,
    "step_idx": 116,
    "success": null,
    "target_pos": [
        -0.11582857112457547,
        -0.13966327770807394
    ],
    "terminated": false,
    "truncated": false
}