{
    "action": [
        0.3189350592062108,
        0.9163084856472583
    ],
    "ep_idx": 7,
    "finger_pos": [
        0.041149067489542,
        -0.23063798533720287
    ],
    "id": 5607497640727248794,
    "observation": [
        -1.1754772663116455,
        -0.4375252425670624,
        -0.15697763860225677,
        0.09097471088171005,
        -0.1090746819972992,
        -2.2744033336639404
    ],
    "qpos": [
        -1.175477323609725,
        -0.4375252451906616
    ],
    "qvel": [
        -0.1090746844933535,
        -2.2744033535223873
    ],
    "render_time": 0.0019075870513916016,
    "reward": 0.0,
    "score": 0.0,
    "step_idx": 117,
    "success": null,
    "target_pos": [
        -0.11582857112457547,
        -0.13966327770807394
    ],
    "terminated": false,
    "truncated": false
}