{
    "action": [
        -0.39465050001047386,
        0.3321526850424723
    ],
    "ep_idx": 7,
    "finger_pos": [
        0.044950111466298244,
        -0.23263899455473247
    ],
    "id": 5607497640727248794,
    "observation": [
        -1.2201197147369385,
        -0.31962069869041443,
        -0.1607786864042282,
        0.09297571331262589,
        -1.0957025289535522,
        3.487100839614868
    ],
    "qpos": [
        -1.2201197009793041,
        -0.3196207044935746
    ],
    "qvel": [
        -1.0957025427012557,
        3.487100902655601
    ],
    "render_time": 0.001897573471069336,
    "reward": 0.0,
    "score": 0.0,
    "step_idx": 118,
    "success": null,
    "target_pos": [
        -0.11582857112457547,
        -0.13966327770807394
    ],
    "terminated": false,
    "truncated": false
}