{
    "action": [
        0.025668571868567414,
        -0.9648724652866905
    ],
    "ep_idx": 7,
    "finger_pos": [
        0.04681031373616775,
        -0.23374289046331415
    ],
    "id": 5607497640727248794,
    "observation": [
        -1.257036566734314,
        -0.23222042620182037,
        -0.16263888776302338,
        0.09407961368560791,
        -0.9505485892295837,
        2.048755168914795
    ],
    "qpos": [
        -1.2570366090416532,
        -0.23222042288753522
    ],
    "qvel": [
        -0.9505485650501756,
        2.0487552818657035
    ],
    "render_time": 0.0023193359375,
    "reward": 0.0,
    "score": 0.0,
    "step_idx": 119,
    "success": null,
    "target_pos": [
        -0.11582857112457547,
        -0.13966327770807394
    ],
    "terminated": false,
    "truncated": false
}