{
    "action": [
        -0.6473542871630067,
        -0.9920305895722812
    ],
    "ep_idx": 7,
    "finger_pos": [
        0.03510677417724374,
        -0.232940849081179
    ],
    "id": 5607497640727248794,
    "observation": [
        -1.2288094758987427,
        -0.38480302691459656,
        -0.1509353518486023,
        0.09327757358551025,
        0.8103479146957397,
        -4.326718330383301
    ],
    "qpos": [
        -1.2288094724373404,
        -0.38480303251907166
    ],
    "qvel": [
        0.8103479193397043,
        -4.326718540613859
    ],
    "render_time": 0.0019142627716064453,
    "reward": 0.0,
    "score": 0.0,
    "step_idx": 120,
    "success": null,
    "target_pos": [
        -0.11582857112457547,
        -0.13966327770807394
    ],
    "terminated": false,
    "truncated": false
}