{
    "action": [
        -0.9684127937479847,
        -0.33304116387101357
    ],
    "ep_idx": 7,
    "finger_pos": [
        0.016189348680629188,
        -0.23059118098652243
    ],
    "id": 5607497640727248794,
    "observation": [
        -1.2284284830093384,
        -0.5445496439933777,
        -0.13201792538166046,
        0.09092790633440018,
        -0.20572219789028168,
        -4.00494384765625
    ],
    "qpos": [
        -1.228428516263788,
        -0.5445496259684967
    ],
    "qvel": [
        -0.20572219375573353,
        -4.004943904491349
    ],
    "render_time": 0.004078388214111328,
    "reward": 0.0,
    "score": 0.0,
    "step_idx": 121,
    "success": null,
    "target_pos": [
        -0.11582857112457547,
        -0.13966327770807394
    ],
    "terminated": false,
    "truncated": false
}