{
    "action": [
        -0.4720196349329353,
        -0.2687999152599361
    ],
    "ep_idx": 7,
    "finger_pos": [
        -0.005312742506224259,
        -0.22949727992106006
    ],
    "id": 5607497640727248794,
    "observation": [
        -1.297886610031128,
        -0.5921101570129395,
        -0.11051582545042038,
        0.08983400464057922,
        -2.011488914489746,
        -0.9439339637756348
    ],
    "qpos": [
        -1.2978865899182572,
        -0.5921101642838027
    ],
    "qvel": [
        -2.0114890246033528,
        -0.9439339605533806
    ],
    "render_time": 0.0024628639221191406,
    "reward": 0.0,
    "score": 0.0,
    "step_idx": 122,
    "success": null,
    "target_pos": [
        -0.11582857112457547,
        -0.13966327770807394
    ],
    "terminated": false,
    "truncated": false
}