{
    "action": [
        0.5297678054891777,
        -0.10943589732186076
    ],
    "ep_idx": 7,
    "finger_pos": [
        -0.028963359191652778,
        -0.22607055241366072
    ],
    "id": 5607497640727248794,
    "observation": [
        -1.3795703649520874,
        -0.6372965574264526,
        -0.08686520904302597,
        0.08640727400779724,
        -2.062858819961548,
        -1.151888370513916
    ],
    "qpos": [
        -1.3795703828530885,
        -0.6372965362830084
    ],
    "qvel": [
        -2.0628587828120453,
        -1.1518884131392497
    ],
    "render_time": 0.0019342899322509766,
    "reward": 0.0,
    "score": 0.0,
    "step_idx": 123,
    "success": null,
    "target_pos": [
        -0.11582857112457547,
        -0.13966327770807394
    ],
    "terminated": false,
    "truncated": false
}