{
    "action": [
        0.96943789252975,
        0.8111227234251357
    ],
    "ep_idx": 7,
    "finger_pos": [
        -0.04564312668432256,
        -0.2208938155767402
    ],
    "id": 5607497640727248794,
    "observation": [
        -1.4259053468704224,
        -0.6973052024841309,
        -0.07018544524908066,
        0.0812305361032486,
        -0.9121115803718567,
        -1.5030195713043213
    ],
    "qpos": [
        -1.425905375789274,
        -0.6973052036751815
    ],
    "qvel": [
        -0.912111601527233,
        -1.5030195788716905
    ],
    "render_time": 0.0019137859344482422,
    "reward": 0.0,
    "score": 0.0,
    "step_idx": 124,
    "success": null,
    "target_pos": [
        -0.11582857112457547,
        -0.13966327770807394
    ],
    "terminated": false,
    "truncated": false
}