{
    "action": [
        -0.4903047741829998,
        0.43586395064546224
    ],
    "ep_idx": 7,
    "finger_pos": [
        -0.04411450716014584,
        -0.22407284608919054
    ],
    "id": 5607497640727248794,
    "observation": [
        -1.4526561498641968,
        -0.6250597834587097,
        -0.07171406596899033,
        0.08440956473350525,
        -0.4177827835083008,
        2.2396116256713867
    ],
    "qpos": [
        -1.4526560918039086,
        -0.6250598015173318
    ],
    "qvel": [
        -0.41778278536133906,
        2.239611518441298
    ],
    "render_time": 0.0019378662109375,
    "reward": 0.0,
    "score": 0.0,
    "step_idx": 125,
    "success": null,
    "target_pos": [
        -0.11582857112457547,
        -0.13966327770807394
    ],
    "terminated": false,
    "truncated": false
}