{
    "action": [
        -0.22412040269851974,
        -0.24491985369477343
    ],
    "ep_idx": 7,
    "finger_pos": [
        -0.040913513033660226,
        -0.22825352204652494
    ],
    "id": 5607497640727248794,
    "observation": [
        -1.4874745607376099,
        -0.5213685035705566,
        -0.07491505891084671,
        0.08859024196863174,
        -0.9818920493125916,
        2.613844633102417
    ],
    "qpos": [
        -1.487474518284656,
        -0.5213684766045914
    ],
    "qvel": [
        -0.9818920542752507,
        2.6138446263080386
    ],
    "render_time": 0.001909017562866211,
    "reward": 0.0,
    "score": 0.0,
    "step_idx": 126,
    "success": null,
    "target_pos": [
        -0.11582857112457547,
        -0.13966327770807394
    ],
    "terminated": false,
    "truncated": false
}