{
    "action": [
        0.33925844290294194,
        -0.5296552645970587
    ],
    "ep_idx": 7,
    "finger_pos": [
        -0.045183154053094705,
        -0.22689805864348245
    ],
    "id": 5607497640727248794,
    "observation": [
        -1.4981110095977783,
        -0.5384963750839233,
        -0.07064541429281235,
        0.08723478019237518,
        -0.2314586043357849,
        -0.754490315914154
    ],
    "qpos": [
        -1.4981110206190282,
        -0.5384963760103709
    ],
    "qvel": [
        -0.2314586082756279,
        -0.7544903315444138
    ],
    "render_time": 0.001903533935546875,
    "reward": 0.0,
    "score": 0.0,
    "step_idx": 127,
    "success": null,
    "target_pos": [
        -0.11582857112457547,
        -0.13966327770807394
    ],
    "terminated": false,
    "truncated": false
}