{
    "action": [
        -0.2634077461051123,
        -0.7126981057440125
    ],
    "ep_idx": 7,
    "finger_pos": [
        -0.05122244348764743,
        -0.22183210368149042
    ],
    "id": 5607497640727248794,
    "observation": [
        -1.4757786989212036,
        -0.643893301486969,
        -0.06460613012313843,
        0.0821688249707222,
        0.6758826375007629,
        -2.8082268238067627
    ],
    "qpos": [
        -1.4757787097530668,
        -0.6438933129321465
    ],
    "qvel": [
        0.675882620516616,
        -2.8082268630294323
    ],
    "render_time": 0.0019040107727050781,
    "reward": 0.0,
    "score": 0.0,
    "step_idx": 128,
    "success": null,
    "target_pos": [
        -0.11582857112457547,
        -0.13966327770807394
    ],
    "terminated": false,
    "truncated": false
}