{
    "action": [
        -0.8497970135926471,
        -0.9060541505289779
    ],
    "ep_idx": 7,
    "finger_pos": [
        -0.060041380620479444,
        -0.21444193782023857
    ],
    "id": 5607497640727248794,
    "observation": [
        -1.4616584777832031,
        -0.7642726898193359,
        -0.05578719079494476,
        0.07477866113185883,
        0.24522064626216888,
        -3.0516293048858643
    ],
    "qpos": [
        -1.4616584570516526,
        -0.7642727181296178
    ],
    "qvel": [
        0.2452206411580663,
        -3.0516292911680774
    ],
    "render_time": 0.0019099712371826172,
    "reward": 0.0,
    "score": 0.0,
    "step_idx": 129,
    "success": null,
    "target_pos": [
        -0.11582857112457547,
        -0.13966327770807394
    ],
    "terminated": false,
    "truncated": false
}