{
    "action": [
        -0.8272400661413128,
        0.0663137447268205
    ],
    "ep_idx": 7,
    "finger_pos": [
        -0.07653687065711513,
        -0.20218038926337334
    ],
    "id": 5607497640727248794,
    "observation": [
        -1.4834014177322388,
        -0.898561418056488,
        -0.03929170221090317,
        0.06251711398363113,
        -0.7977317571640015,
        -3.434079885482788
    ],
    "qpos": [
        -1.4834013927313336,
        -0.8985614322660855
    ],
    "qvel": [
        -0.7977317389877556,
        -3.4340798222064466
    ],
    "render_time": 0.001920938491821289,
    "reward": 0.0,
    "score": 0.0,
    "step_idx": 130,
    "success": null,
    "target_pos": [
        -0.11582857112457547,
        -0.13966327770807394
    ],
    "terminated": false,
    "truncated": false
}