{
    "action": [
        0.5547631867149612,
        -0.9827715084728716
    ],
    "ep_idx": 7,
    "finger_pos": [
        -0.09427021072382759,
        -0.19468397776440902
    ],
    "id": 5607497640727248794,
    "observation": [
        -1.5736587047576904,
        -0.8961662650108337,
        -0.021558361127972603,
        0.05502070114016533,
        -2.499504804611206,
        0.48546189069747925
    ],
    "qpos": [
        -1.5736586954023088,
        -0.896166257820291
    ],
    "qvel": [
        -2.499504782984564,
        0.4854618980718639
    ],
    "render_time": 0.0019083023071289062,
    "reward": 0.0,
    "score": 0.0,
    "step_idx": 131,
    "success": null,
    "target_pos": [
        -0.11582857112457547,
        -0.13966327770807394
    ],
    "terminated": false,
    "truncated": false
}