{
    "action": [
        -0.9825026209522842,
        -0.2611035081652635
    ],
    "ep_idx": 7,
    "finger_pos": [
        -0.10896727454167299,
        -0.17521835928172771
    ],
    "id": 5607497640727248794,
    "observation": [
        -1.5911258459091187,
        -1.0720665454864502,
        -0.006861296482384205,
        0.03555508330464363,
        -0.09445195645093918,
        -4.978215217590332
    ],
    "qpos": [
        -1.5911258380167999,
        -1.0720665472293143
    ],
    "qvel": [
        -0.0944519542844694,
        -4.978215262994428
    ],
    "render_time": 0.0019257068634033203,
    "reward": 0.0,
    "score": 0.0,
    "step_idx": 132,
    "success": null,
    "target_pos": [
        -0.11582857112457547,
        -0.13966327770807394
    ],
    "terminated": false,
    "truncated": false
}