{
    "action": [
        0.13055598017275072,
        0.3722229833516566
    ],
    "ep_idx": 7,
    "finger_pos": [
        -0.12441840812867931,
        -0.16000882616445578
    ],
    "id": 5607497640727248794,
    "observation": [
        -1.6666146516799927,
        -1.1301933526992798,
        0.00858983676880598,
        0.020345548167824745,
        -2.2401933670043945,
        -1.0024110078811646
    ],
    "qpos": [
        -1.6666146653668645,
        -1.130193400125632
    ],
    "qvel": [
        -2.2401933157299716,
        -1.0024109647864021
    ],
    "render_time": 0.0019207000732421875,
    "reward": 1.0,
    "score": 0.001,
    "step_idx": 133,
    "success": null,
    "target_pos": [
        -0.11582857112457547,
        -0.13966327770807394
    ],
    "terminated": false,
    "truncated": false
}