{
    "action": [
        0.2936753933391558,
        0.9541060462138655
    ],
    "ep_idx": 7,
    "finger_pos": [
        -0.13597395870522055,
        -0.15287636263695908
    ],
    "id": 5607497640727248794,
    "observation": [
        -1.7476774454116821,
        -1.100135087966919,
        0.020145388320088387,
        0.013213085010647774,
        -1.8827697038650513,
        1.0227351188659668
    ],
    "qpos": [
        -1.7476774415385785,
        -1.1001351349797819
    ],
    "qvel": [
        -1.882769683864677,
        1.0227351567091196
    ],
    "render_time": 0.0019223690032958984,
    "reward": 2.0,
    "score": 0.003,
    "step_idx": 134,
    "success": null,
    "target_pos": [
        -0.11582857112457547,
        -0.13966327770807394
    ],
    "terminated": false,
    "truncated": false
}