{
    "action": [
        0.3978866971897712,
        0.12613311305090158
    ],
    "ep_idx": 7,
    "finger_pos": [
        -0.14132963910246907,
        -0.15863203292116038
    ],
    "id": 5607497640727248794,
    "observation": [
        -1.814788818359375,
        -0.9675750136375427,
        0.0255010686814785,
        0.01896875537931919,
        -1.5295729637145996,
        3.677935838699341
    ],
    "qpos": [
        -1.8147888243098835,
        -0.9675749928968533
    ],
    "qvel": [
        -1.529572921588268,
        3.677935955767529
    ],
    "render_time": 0.0019381046295166016,
    "reward": 0.0,
    "score": 0.003,
    "step_idx": 135,
    "success": null,
    "target_pos": [
        -0.11582857112457547,
        -0.13966327770807394
    ],
    "terminated": false,
    "truncated": false
}