{
    "action": [
        -0.7111926991572128,
        0.506729214512907
    ],
    "ep_idx": 7,
    "finger_pos": [
        -0.1414011054342989,
        -0.16103794125301893
    ],
    "id": 5607497640727248794,
    "observation": [
        -1.8244081735610962,
        -0.9338982105255127,
        0.025572534650564194,
        0.021374663338065147,
        0.013327271677553654,
        0.4632863402366638
    ],
    "qpos": [
        -1.8244081441171573,
        -0.9338982242720317
    ],
    "qvel": [
        0.013327271935264395,
        0.4632863437082718
    ],
    "render_time": 0.0019409656524658203,
    "reward": 0.0,
    "score": 0.003,
    "step_idx": 136,
    "success": null,
    "target_pos": [
        -0.11582857112457547,
        -0.13966327770807394
    ],
    "terminated": false,
    "truncated": false
}