{
    "action": [
        -0.834346583846644,
        0.5576076392105167
    ],
    "ep_idx": 7,
    "finger_pos": [
        -0.1438376013028676,
        -0.1660673156498883
    ],
    "id": 5607497640727248794,
    "observation": [
        -1.8703205585479736,
        -0.8285315632820129,
        0.02800903096795082,
        0.026404038071632385,
        -1.3885157108306885,
        2.907081127166748
    ],
    "qpos": [
        -1.8703206010870579,
        -0.8285315579424489
    ],
    "qvel": [
        -1.388515678623194,
        2.9070810114515533
    ],
    "render_time": 0.0019257068634033203,
    "reward": 0.0,
    "score": 0.003,
    "step_idx": 137,
    "success": null,
    "target_pos": [
        -0.11582857112457547,
        -0.13966327770807394
    ],
    "terminated": false,
    "truncated": false
}