{
    "action": [
        0.7153832133896232,
        0.4290254588841842
    ],
    "ep_idx": 7,
    "finger_pos": [
        -0.14997954753079865,
        -0.16861355325820912
    ],
    "id": 5607497640727248794,
    "observation": [
        -1.9503931999206543,
        -0.6947587728500366,
        0.034150976687669754,
        0.028950275853276253,
        -2.157700300216675,
        3.382814645767212
    ],
    "qpos": [
        -1.95039324776021,
        -0.6947587687654283
    ],
    "qvel": [
        -2.1577003657539646,
        3.3828147097581573
    ],
    "render_time": 0.0019350051879882812,
    "reward": 0.0,
    "score": 0.003,
    "step_idx": 138,
    "success": null,
    "target_pos": [
        -0.11582857112457547,
        -0.13966327770807394
    ],
    "terminated": false,
    "truncated": false
}