{
    "action": [
        -0.7743005183446823,
        -0.7837672791371504
    ],
    "ep_idx": 7,
    "finger_pos": [
        -0.15112821129914966,
        -0.17049853442634208
    ],
    "id": 5607497640727248794,
    "observation": [
        -1.9763065576553345,
        -0.6394690275192261,
        0.0352996401488781,
        0.030835255980491638,
        -0.31368494033813477,
        1.183859944343567
    ],
    "qpos": [
        -1.976306528307994,
        -0.6394690505251179
    ],
    "qvel": [
        -0.31368493054393143,
        1.183859999471638
    ],
    "render_time": 0.0019268989562988281,
    "reward": 0.0,
    "score": 0.003,
    "step_idx": 139,
    "success": null,
    "target_pos": [
        -0.11582857112457547,
        -0.13966327770807394
    ],
    "terminated": false,
    "truncated": false
}