{
    "action": [
        -0.257782925936884,
        0.05365550359860105
    ],
    "ep_idx": 7,
    "finger_pos": [
        -0.1569371343119932,
        -0.160326799078687
    ],
    "id": 5607497640727248794,
    "observation": [
        -1.982413411140442,
        -0.7261949181556702,
        0.04110856354236603,
        0.02066352218389511,
        -0.29391932487487793,
        -2.5776102542877197
    ],
    "qpos": [
        -1.9824133730107372,
        -0.7261949408061218
    ],
    "qvel": [
        -0.293919319994784,
        -2.577610359842064
    ],
    "render_time": 0.0019266605377197266,
    "reward": 0.0,
    "score": 0.003,
    "step_idx": 140,
    "success": null,
    "target_pos": [
        -0.11582857112457547,
        -0.13966327770807394
    ],
    "terminated": false,
    "truncated": false
}