{
    "action": [
        -0.4560021279884048,
        -0.8778297712378154
    ],
    "ep_idx": 7,
    "finger_pos": [
        -0.16387547026153454,
        -0.1528436151197915
    ],
    "id": 5607497640727248794,
    "observation": [
        -2.024850368499756,
        -0.7323234677314758,
        0.04804689809679985,
        0.013180337846279144,
        -1.149577260017395,
        0.1191793754696846
    ],
    "qpos": [
        -2.024850343822258,
        -0.7323234833344291
    ],
    "qvel": [
        -1.1495772819588757,
        0.11917937398823275
    ],
    "render_time": 0.001935720443725586,
    "reward": 0.0,
    "score": 0.003,
    "step_idx": 141,
    "success": null,
    "target_pos": [
        -0.11582857112457547,
        -0.13966327770807394
    ],
    "terminated": false,
    "truncated": false
}