{
    "action": [
        0.7721888967975674,
        -0.30230399786677076
    ],
    "ep_idx": 7,
    "finger_pos": [
        -0.1719518624882501,
        -0.134367113340661
    ],
    "id": 5607497640727248794,
    "observation": [
        -2.0490105152130127,
        -0.8585436940193176,
        0.056123290210962296,
        -0.005296164192259312,
        -0.631470799446106,
        -3.5442769527435303
    ],
    "qpos": [
        -2.0490104872028008,
        -0.8585436997420046
    ],
    "qvel": [
        -0.6314707942101498,
        -3.5442768619473846
    ],
    "render_time": 0.0019314289093017578,
    "reward": 0.0,
    "score": 0.003,
    "step_idx": 142,
    "success": null,
    "target_pos": [
        -0.11582857112457547,
        -0.13966327770807394
    ],
    "terminated": false,
    "truncated": false
}