{
    "action": [
        0.19223982981542553,
        -0.6150905896354435
    ],
    "ep_idx": 7,
    "finger_pos": [
        -0.17443317123220525,
        -0.12135052929919016
    ],
    "id": 5607497640727248794,
    "observation": [
        -2.050290822982788,
        -0.966955304145813,
        0.05860460177063942,
        -0.01831274852156639,
        0.195073664188385,
        -2.574265956878662
    ],
    "qpos": [
        -2.050290914361317,
        -0.9669553331796837
    ],
    "qvel": [
        0.19507365782941954,
        -2.5742660460578053
    ],
    "render_time": 0.0019412040710449219,
    "reward": 0.0,
    "score": 0.003,
    "step_idx": 143,
    "success": null,
    "target_pos": [
        -0.11582857112457547,
        -0.13966327770807394
    ],
    "terminated": false,
    "truncated": false
}