{
    "action": [
        -0.640302803979794,
        -0.9056096667017015
    ],
    "ep_idx": 7,
    "finger_pos": [
        -0.17354125260302117,
        -0.10968193462677049
    ],
    "id": 5607497640727248794,
    "observation": [
        -2.0334906578063965,
        -1.0889378786087036,
        0.05771268159151077,
        -0.02998134307563305,
        0.4617937207221985,
        -3.105203628540039
    ],
    "qpos": [
        -2.0334906328132214,
        -1.088937840418382
    ],
    "qvel": [
        0.4617937231805151,
        -3.1052037102113754
    ],
    "render_time": 0.0019450187683105469,
    "reward": 0.0,
    "score": 0.003,
    "step_idx": 144,
    "success": null,
    "target_pos": [
        -0.11582857112457547,
        -0.13966327770807394
    ],
    "terminated": false,
    "truncated": false
}