{
    "action": [
        0.2743056102989203,
        -0.18869094545998988
    ],
    "ep_idx": 7,
    "finger_pos": [
        -0.17347971601607737,
        -0.09106965385879733
    ],
    "id": 5607497640727248794,
    "observation": [
        -2.042494058609009,
        -1.2313684225082397,
        0.05765114352107048,
        -0.04859362542629242,
        -0.4557645916938782,
        -3.6572952270507812
    ],
    "qpos": [
        -2.042493967460827,
        -1.2313684150620927
    ],
    "qvel": [
        -0.455764600227612,
        -3.6572951852812485
    ],
    "render_time": 0.001996278762817383,
    "reward": 0.0,
    "score": 0.003,
    "step_idx": 145,
    "success": null,
    "target_pos": [
        -0.11582857112457547,
        -0.13966327770807394
    ],
    "terminated": false,
    "truncated": false
}