{
    "action": [
        0.8169294293433365,
        0.03739836348350689
    ],
    "ep_idx": 7,
    "finger_pos": [
        -0.17345096739511287,
        -0.07870175726263962
    ],
    "id": 5607497640727248794,
    "observation": [
        -2.06158709526062,
        -1.308090329170227,
        0.05762239545583725,
        -0.0609615221619606,
        -0.4016443192958832,
        -1.6480566263198853
    ],
    "qpos": [
        -2.0615871557828065,
        -1.3080903802106332
    ],
    "qvel": [
        -0.40164432095639163,
        -1.6480566851171297
    ],
    "render_time": 0.0019762516021728516,
    "reward": 0.0,
    "score": 0.003,
    "step_idx": 146,
    "success": null,
    "target_pos": [
        -0.11582857112457547,
        -0.13966327770807394
    ],
    "terminated": false,
    "truncated": false
}