{
    "action": [
        0.781726871476893,
        0.8218151985003999
    ],
    "ep_idx": 7,
    "finger_pos": [
        -0.17109531171799358,
        -0.07728839460561636
    ],
    "id": 5607497640727248794,
    "observation": [
        -2.044790506362915,
        -1.3450255393981934,
        0.055266741663217545,
        -0.06237488240003586,
        0.690991222858429,
        -0.7771787047386169
    ],
    "qpos": [
        -2.044790622267156,
        -1.3450254975544453
    ],
    "qvel": [
        0.6909911997260587,
        -0.7771787052959582
    ],
    "render_time": 0.002001523971557617,
    "reward": 0.0,
    "score": 0.003,
    "step_idx": 147,
    "success": null,
    "target_pos": [
        -0.11582857112457547,
        -0.13966327770807394
    ],
    "terminated": false,
    "truncated": false
}