{
    "action": [
        0.6381108340524422,
        -0.7049882950733191
    ],
    "ep_idx": 7,
    "finger_pos": [
        -0.17025865278158997,
        -0.09365141011267729
    ],
    "id": 5607497640727248794,
    "observation": [
        -2.011465311050415,
        -1.2544857263565063,
        0.05443008244037628,
        -0.04601186886429787,
        0.9613667726516724,
        2.7922306060791016
    ],
    "qpos": [
        -2.0114653274459298,
        -1.2544857015999027
    ],
    "qvel": [
        0.9613667687944907,
        2.792230620302421
    ],
    "render_time": 0.0019922256469726562,
    "reward": 0.0,
    "score": 0.003,
    "step_idx": 148,
    "success": null,
    "target_pos": [
        -0.11582857112457547,
        -0.13966327770807394
    ],
    "terminated": false,
    "truncated": false
}