{
    "action": [
        -0.025844754900804512,
        0.5385796956540054
    ],
    "ep_idx": 7,
    "finger_pos": [
        -0.16028632996278183,
        -0.0995488816335848
    ],
    "id": 5607497640727248794,
    "observation": [
        -1.9196380376815796,
        -1.3323742151260376,
        0.04445775970816612,
        -0.0401143953204155,
        2.533780097961426,
        -2.6759276390075684
    ],
    "qpos": [
        -1.919637980441423,
        -1.3323741808073686
    ],
    "qvel": [
        2.533780214802963,
        -2.675927621609208
    ],
    "render_time": 0.0019927024841308594,
    "reward": 0.0,
    "score": 0.003,
    "step_idx": 149,
    "success": null,
    "target_pos": [
        -0.11582857112457547,
        -0.13966327770807394
    ],
    "terminated": false,
    "truncated": false
}