{
    "action": [
        -0.9230105758693594,
        0.988521745044312
    ],
    "ep_idx": 7,
    "finger_pos": [
        -0.1555266932732896,
        -0.1144862141213093
    ],
    "id": 5607497640727248794,
    "observation": [
        -1.8713576793670654,
        -1.2713537216186523,
        0.039698123931884766,
        -0.025177063420414925,
        0.9510661959648132,
        2.178311586380005
    ],
    "qpos": [
        -1.8713576399263976,
        -1.2713536888140788
    ],
    "qvel": [
        0.9510661911401662,
        2.1783115649970526
    ],
    "render_time": 0.002016305923461914,
    "reward": 0.0,
    "score": 0.003,
    "step_idx": 150,
    "success": null,
    "target_pos": [
        -0.11582857112457547,
        -0.13966327770807394
    ],
    "terminated": false,
    "truncated": false
}