{
    "action": [
        0.0041339893029122,
        -0.6540898802868687
    ],
    "ep_idx": 7,
    "finger_pos": [
        -0.15763434764263135,
        -0.13309265174140494
    ],
    "id": 5607497640727248794,
    "observation": [
        -1.9041175842285156,
        -1.0725843906402588,
        0.041805777698755264,
        -0.006570626050233841,
        -1.2450857162475586,
        5.393706321716309
    ],
    "qpos": [
        -1.9041175607541516,
        -1.0725843810777251
    ],
    "qvel": [
        -1.2450857398061932,
        5.393706301384462
    ],
    "render_time": 0.002006053924560547,
    "reward": 0.0,
    "score": 0.003,
    "step_idx": 151,
    "success": null,
    "target_pos": [
        -0.11582857112457547,
        -0.13966327770807394
    ],
    "terminated": false,
    "truncated": false
}