{
    "action": [
        0.5927165366201759,
        -0.29508048105926576
    ],
    "ep_idx": 7,
    "finger_pos": [
        -0.15674325456509747,
        -0.12974120321499888
    ],
    "id": 5607497640727248794,
    "observation": [
        -1.891203761100769,
        -1.1179323196411133,
        0.040914684534072876,
        -0.009922074154019356,
        0.5319364666938782,
        -2.104698419570923
    ],
    "qpos": [
        -1.8912038120844468,
        -1.117932326780886
    ],
    "qvel": [
        0.5319364624745718,
        -2.1046984732106035
    ],
    "render_time": 0.001991748809814453,
    "reward": 0.0,
    "score": 0.003,
    "step_idx": 152,
    "success": null,
    "target_pos": [
        -0.11582857112457547,
        -0.13966327770807394
    ],
    "terminated": false,
    "truncated": false
}