{
    "action": [
        0.1524479461873096,
        -0.4834639634529265
    ],
    "ep_idx": 7,
    "finger_pos": [
        -0.15272555455105782,
        -0.12638969972561293
    ],
    "id": 5607497640727248794,
    "observation": [
        -1.8514549732208252,
        -1.1976314783096313,
        0.03689698502421379,
        -0.013273578137159348,
        1.135569453239441,
        -1.9536925554275513
    ],
    "qpos": [
        -1.8514549897390795,
        -1.1976314919449167
    ],
    "qvel": [
        1.1355694780379064,
        -1.953692596829399
    ],
    "render_time": 0.0020170211791992188,
    "reward": 0.0,
    "score": 0.003,
    "step_idx": 153,
    "success": null,
    "target_pos": [
        -0.11582857112457547,
        -0.13966327770807394
    ],
    "terminated": false,
    "truncated": false
}