{
    "action": [
        0.6487562388528862,
        -0.9950843480080078
    ],
    "ep_idx": 7,
    "finger_pos": [
        -0.14794282921046437,
        -0.12247817959640132
    ],
    "id": 5607497640727248794,
    "observation": [
        -1.8070169687271118,
        -1.2861346006393433,
        0.03211425989866257,
        -0.017185097560286522,
        1.0928287506103516,
        -2.2546451091766357
    ],
    "qpos": [
        -1.8070170148599742,
        -1.28613458773017
    ],
    "qvel": [
        1.0928287130752405,
        -2.2546450071996844
    ],
    "render_time": 0.001987457275390625,
    "reward": 0.0,
    "score": 0.003,
    "step_idx": 154,
    "success": null,
    "target_pos": [
        -0.11582857112457547,
        -0.13966327770807394
    ],
    "terminated": false,
    "truncated": false
}