{
    "action": [
        0.32015927176988535,
        0.07747864598144649
    ],
    "ep_idx": 7,
    "finger_pos": [
        -0.13874135377484034,
        -0.11249284479757965
    ],
    "id": 5607497640727248794,
    "observation": [
        -1.7288872003555298,
        -1.4628156423568726,
        0.022912783548235893,
        -0.02717043273150921,
        2.119565486907959,
        -4.721212387084961
    ],
    "qpos": [
        -1.7288872281803294,
        -1.462815659199307
    ],
    "qvel": [
        2.119565375080901,
        -4.721212368604198
    ],
    "render_time": 0.003103017807006836,
    "reward": 0.0,
    "score": 0.003,
    "step_idx": 155,
    "success": null,
    "target_pos": [
        -0.11582857112457547,
        -0.13966327770807394
    ],
    "terminated": false,
    "truncated": false
}