{
    "action": [
        0.8211533927861363,
        -0.44165438978365756
    ],
    "ep_idx": 7,
    "finger_pos": [
        -0.13214845924503027,
        -0.11488995949344974
    ],
    "id": 5607497640727248794,
    "observation": [
        -1.6729094982147217,
        -1.5060664415359497,
        0.016319887712597847,
        -0.02477331832051277,
        1.3117315769195557,
        -0.4880565404891968
    ],
    "qpos": [
        -1.6729095283790845,
        -1.506066478436253
    ],
    "qvel": [
        1.3117316337631952,
        -0.4880565429706283
    ],
    "render_time": 0.001998424530029297,
    "reward": 0.0,
    "score": 0.003,
    "step_idx": 156,
    "success": null,
    "target_pos": [
        -0.11582857112457547,
        -0.13966327770807394
    ],
    "terminated": false,
    "truncated": false
}