{
    "action": [
        0.18411540507273116,
        0.13362097162066
    ],
    "ep_idx": 7,
    "finger_pos": [
        -0.1216175201562951,
        -0.11687981498366527
    ],
    "id": 5607497640727248794,
    "observation": [
        -1.5846117734909058,
        -1.5828899145126343,
        0.005788948852568865,
        -0.022783461958169937,
        2.4294393062591553,
        -2.134389638900757
    ],
    "qpos": [
        -1.5846117205137655,
        -1.5828899424336111
    ],
    "qvel": [
        2.4294393687379774,
        -2.1343895990865533
    ],
    "render_time": 0.0020139217376708984,
    "reward": 1.0,
    "score": 0.004,
    "step_idx": 157,
    "success": null,
    "target_pos": [
        -0.11582857112457547,
        -0.13966327770807394
    ],
    "terminated": false,
    "truncated": false
}