{
    "action": [
        0.7127048633817115,
        0.12877506220706736
    ],
    "ep_idx": 7,
    "finger_pos": [
        -0.11300005652382122,
        -0.1251939980958798
    ],
    "id": 5607497640727248794,
    "observation": [
        -1.513441801071167,
        -1.5832080841064453,
        -0.0028285146690905094,
        -0.014469279907643795,
        1.6403899192810059,
        0.34934890270233154
    ],
    "qpos": [
        -1.513441780774337,
        -1.583208106107828
    ],
    "qvel": [
        1.640389923941584,
        0.3493489083727209
    ],
    "render_time": 0.0020208358764648438,
    "reward": 2.0,
    "score": 0.006,
    "step_idx": 158,
    "success": null,
    "target_pos": [
        -0.11582857112457547,
        -0.13966327770807394
    ],
    "terminated": false,
    "truncated": false
}