{
    "action": [
        0.3300986668754482,
        -0.23895323841141014
    ],
    "ep_idx": 7,
    "finger_pos": [
        -0.10190196219490871,
        -0.1361657631267663
    ],
    "id": 5607497640727248794,
    "observation": [
        -1.4300256967544556,
        -1.5664516687393188,
        -0.013926608487963676,
        -0.0034975146409124136,
        2.213423490524292,
        0.45009279251098633
    ],
    "qpos": [
        -1.4300256407973044,
        -1.5664516969092304
    ],
    "qvel": [
        2.2134235653894825,
        0.4500928022070723
    ],
    "render_time": 0.002019166946411133,
    "reward": 2.0,
    "score": 0.008,
    "step_idx": 159,
    "success": null,
    "target_pos": [
        -0.11582857112457547,
        -0.13966327770807394
    ],
    "terminated": false,
    "truncated": false
}