{
    "action": [
        0.5148923412862518,
        0.9524750092908985
    ],
    "ep_idx": 7,
    "finger_pos": [
        -0.08999274172499687,
        -0.14224694046319927
    ],
    "id": 5607497640727248794,
    "observation": [
        -1.3413708209991455,
        -1.5870163440704346,
        -0.025835828855633736,
        0.002583662746474147,
        2.1981520652770996,
        -0.690648078918457
    ],
    "qpos": [
        -1.341370796863308,
        -1.5870162868041529
    ],
    "qvel": [
        2.198152117941172,
        -0.6906480930315275
    ],
    "render_time": 0.002027273178100586,
    "reward": 1.0,
    "score": 0.009,
    "step_idx": 160,
    "success": null,
    "target_pos": [
        -0.11582857112457547,
        -0.13966327770807394
    ],
    "terminated": false,
    "truncated": false
}