{
    "action": [
        -0.127130797360113,
        0.2864769174335442
    ],
    "ep_idx": 7,
    "finger_pos": [
        -0.07512776123796977,
        -0.1618641409213945
    ],
    "id": 5607497640727248794,
    "observation": [
        -1.2728984355926514,
        -1.4648977518081665,
        -0.04070080816745758,
        0.02220086380839348,
        1.6332159042358398,
        3.7292306423187256
    ],
    "qpos": [
        -1.2728984728666315,
        -1.4648977884099785
    ],
    "qvel": [
        1.6332159260712433,
        3.729230644603901
    ],
    "render_time": 0.002022981643676758,
    "reward": 0.0,
    "score": 0.009,
    "step_idx": 161,
    "success": null,
    "target_pos": [
        -0.11582857112457547,
        -0.13966327770807394
    ],
    "terminated": false,
    "truncated": false
}