{
    "action": [
        0.5815991826662619,
        -0.04382500427749658
    ],
    "ep_idx": 7,
    "finger_pos": [
        -0.06161152357881474,
        -0.1758094344758513
    ],
    "id": 5607497640727248794,
    "observation": [
        -1.2257177829742432,
        -1.3642994165420532,
        -0.05421704798936844,
        0.03614615648984909,
        1.0377570390701294,
        2.2705259323120117
    ],
    "qpos": [
        -1.2257177705598181,
        -1.3642993755924846
    ],
    "qvel": [
        1.0377570227427095,
        2.270525849562812
    ],
    "render_time": 0.002007007598876953,
    "reward": 0.0,
    "score": 0.009,
    "step_idx": 162,
    "success": null,
    "target_pos": [
        -0.11582857112457547,
        -0.13966327770807394
    ],
    "terminated": false,
    "truncated": false
}