{
    "action": [
        0.6106773131509187,
        0.496142647319318
    ],
    "ep_idx": 7,
    "finger_pos": [
        -0.048188095642267705,
        -0.1810363996149988
    ],
    "id": 5607497640727248794,
    "observation": [
        -1.155745506286621,
        -1.3503957986831665,
        -0.06764047592878342,
        0.0413731224834919,
        1.9042325019836426,
        0.0415366068482399
    ],
    "qpos": [
        -1.1557455267799814,
        -1.3503957728766884
    ],
    "qvel": [
        1.9042324465702323,
        0.04153660811921189
    ],
    "render_time": 0.0020208358764648438,
    "reward": 0.0,
    "score": 0.009,
    "step_idx": 163,
    "success": null,
    "target_pos": [
        -0.11582857112457547,
        -0.13966327770807394
    ],
    "terminated": false,
    "truncated": false
}