{
    "action": [
        -0.8905011900097521,
        0.38123936628412447
    ],
    "ep_idx": 7,
    "finger_pos": [
        -0.029242636384383153,
        -0.19005130880650958
    ],
    "id": 5607497640727248794,
    "observation": [
        -1.0819668769836426,
        -1.2829984426498413,
        -0.08658593147993088,
        0.05038803070783615,
        1.868634819984436,
        1.969645619392395
    ],
    "qpos": [
        -1.0819668636830002,
        -1.2829984309966411
    ],
    "qvel": [
        1.868634828850007,
        1.9696456072243964
    ],
    "render_time": 0.001998424530029297,
    "reward": 0.0,
    "score": 0.009,
    "step_idx": 164,
    "success": null,
    "target_pos": [
        -0.11582857112457547,
        -0.13966327770807394
    ],
    "terminated": false,
    "truncated": false
}