{
    "action": [
        0.5056333498983534,
        0.20220766161034098
    ],
    "ep_idx": 7,
    "finger_pos": [
        -0.016740547350196623,
        -0.19947839698393308
    ],
    "id": 5607497640727248794,
    "observation": [
        -1.070191502571106,
        -1.1686605215072632,
        -0.09908802062273026,
        0.059815119951963425,
        -0.12449777126312256,
        2.9407083988189697
    ],
    "qpos": [
        -1.0701914580702765,
        -1.168660574572738
    ],
    "qvel": [
        -0.12449777483954994,
        2.9407084660967593
    ],
    "render_time": 0.0020101070404052734,
    "reward": 0.0,
    "score": 0.009,
    "step_idx": 165,
    "success": null,
    "target_pos": [
        -0.11582857112457547,
        -0.13966327770807394
    ],
    "terminated": false,
    "truncated": false
}