{
    "action": [
        -0.6711489584011556,
        0.6292497185276389
    ],
    "ep_idx": 7,
    "finger_pos": [
        -0.006215679848558496,
        -0.2031539500930883
    ],
    "id": 5607497640727248794,
    "observation": [
        -1.040659785270691,
        -1.1214457750320435,
        -0.10961288958787918,
        0.06349067389965057,
        0.9277944564819336,
        0.9253451824188232
    ],
    "qpos": [
        -1.0406597960650263,
        -1.1214457968656266
    ],
    "qvel": [
        0.9277944357599339,
        0.9253451599454041
    ],
    "render_time": 0.002024412155151367,
    "reward": 0.0,
    "score": 0.009,
    "step_idx": 166,
    "success": null,
    "target_pos": [
        -0.11582857112457547,
        -0.13966327770807394
    ],
    "terminated": false,
    "truncated": false
}