{
    "action": [
        0.06339314252248296,
        0.6727786350773142
    ],
    "ep_idx": 7,
    "finger_pos": [
        0.003552259116292547,
        -0.21102049041299306
    ],
    "id": 5607497640727248794,
    "observation": [
        -1.0577192306518555,
        -0.9924899935722351,
        -0.11938083171844482,
        0.07135721296072006,
        -0.7345139980316162,
        3.5404999256134033
    ],
    "qpos": [
        -1.057719199148091,
        -0.9924900018642544
    ],
    "qvel": [
        -0.7345140134862668,
        3.540499924695297
    ],
    "render_time": 0.0020384788513183594,
    "reward": 0.0,
    "score": 0.009,
    "step_idx": 167,
    "success": null,
    "target_pos": [
        -0.11582857112457547,
        -0.13966327770807394
    ],
    "terminated": false,
    "truncated": false
}