{
    "action": [
        -0.5061130704382208,
        -0.3630111511849057
    ],
    "ep_idx": 7,
    "finger_pos": [
        0.013523369363805361,
        -0.21764948192031555
    ],
    "id": 5607497640727248794,
    "observation": [
        -1.0779178142547607,
        -0.861649215221405,
        -0.12935194373130798,
        0.0779862031340599,
        -0.4492592513561249,
        3.237412691116333
    ],
    "qpos": [
        -1.0779177957174315,
        -0.86164919217902
    ],
    "qvel": [
        -0.44925924498558767,
        3.237412638753117
    ],
    "render_time": 0.002027273178100586,
    "reward": 0.0,
    "score": 0.009,
    "step_idx": 168,
    "success": null,
    "target_pos": [
        -0.11582857112457547,
        -0.13966327770807394
    ],
    "terminated": false,
    "truncated": false
}