{
    "action": [
        0.5190334212221261,
        -0.43750575980816797
    ],
    "ep_idx": 7,
    "finger_pos": [
        0.011812434866220037,
        -0.21725287983371533
    ],
    "id": 5607497640727248794,
    "observation": [
        -1.0807366371154785,
        -0.8714826107025146,
        -0.1276410073041916,
        0.07758960127830505,
        -0.11816148459911346,
        -0.7286266088485718
    ],
    "qpos": [
        -1.0807366726627412,
        -0.8714826344330076
    ],
    "qvel": [
        -0.11816148166718081,
        -0.7286266006688227
    ],
    "render_time": 0.002036571502685547,
    "reward": 0.0,
    "score": 0.009,
    "step_idx": 169,
    "success": null,
    "target_pos": [
        -0.11582857112457547,
        -0.13966327770807394
    ],
    "terminated": false,
    "truncated": false
}