{
    "action": [
        -0.005928920208375654,
        0.6539097834913041
    ],
    "ep_idx": 7,
    "finger_pos": [
        0.008080333957284323,
        -0.2125418574823672
    ],
    "id": 5607497640727248794,
    "observation": [
        -1.0511449575424194,
        -0.9633041024208069,
        -0.12390890717506409,
        0.07287857681512833,
        0.9115003347396851,
        -2.467421054840088
    ],
    "qpos": [
        -1.051144966656819,
        -0.9633040959558669
    ],
    "qvel": [
        0.9115003589731051,
        -2.467421115184499
    ],
    "render_time": 0.0020356178283691406,
    "reward": 0.0,
    "score": 0.009,
    "step_idx": 170,
    "success": null,
    "target_pos": [
        -0.11582857112457547,
        -0.13966327770807394
    ],
    "terminated": false,
    "truncated": false
}