{
    "action": [
        0.8360838136147961,
        -0.5505962271246598
    ],
    "ep_idx": 7,
    "finger_pos": [
        0.014744060465001603,
        -0.2164939618368109
    ],
    "id": 5607497640727248794,
    "observation": [
        -1.0613816976547241,
        -0.8828317523002625,
        -0.1305726319551468,
        0.07683068513870239,
        -0.393679141998291,
        2.6152689456939697
    ],
    "qpos": [
        -1.061381667307294,
        -0.8828317269420443
    ],
    "qvel": [
        -0.3936791462626533,
        2.615268994792472
    ],
    "render_time": 0.002022266387939453,
    "reward": 0.0,
    "score": 0.009,
    "step_idx": 171,
    "success": null,
    "target_pos": [
        -0.11582857112457547,
        -0.13966327770807394
    ],
    "terminated": false,
    "truncated": false
}