{
    "action": [
        0.63940426557921,
        -0.10448719008188623
    ],
    "ep_idx": 7,
    "finger_pos": [
        0.01806189164057917,
        -0.21144976477688465
    ],
    "id": 5607497640727248794,
    "observation": [
        -0.999671220779419,
        -0.971825361251831,
        -0.13389046490192413,
        0.07178648561239243,
        1.8800197839736938,
        -2.8123056888580322
    ],
    "qpos": [
        -0.9996711933449958,
        -0.9718253557595413
    ],
    "qvel": [
        1.8800197495663222,
        -2.8123056321870963
    ],
    "render_time": 0.002045154571533203,
    "reward": 0.0,
    "score": 0.009,
    "step_idx": 172,
    "success": null,
    "target_pos": [
        -0.11582857112457547,
        -0.13966327770807394
    ],
    "terminated": false,
    "truncated": false
}