{
    "action": [
        0.2477350832958356,
        -0.016852830663514506
    ],
    "ep_idx": 7,
    "finger_pos": [
        0.027623599056974542,
        -0.20748653369407574
    ],
    "id": 5607497640727248794,
    "observation": [
        -0.9272346496582031,
        -1.0224111080169678,
        -0.14345216751098633,
        0.06782325357198715,
        1.862774133682251,
        -1.0432239770889282
    ],
    "qpos": [
        -0.9272346766180819,
        -1.0224111261728075
    ],
    "qvel": [
        1.8627741917065648,
        -1.043223947439674
    ],
    "render_time": 0.0020351409912109375,
    "reward": 0.0,
    "score": 0.009,
    "step_idx": 173,
    "success": null,
    "target_pos": [
        -0.11582857112457547,
        -0.13966327770807394
    ],
    "terminated": false,
    "truncated": false
}