{
    "action": [
        -0.4857817772126827,
        0.5788840888024924
    ],
    "ep_idx": 7,
    "finger_pos": [
        0.039724099599264505,
        -0.2050690776878578
    ],
    "id": 5607497640727248794,
    "observation": [
        -0.8645474314689636,
        -1.0298157930374146,
        -0.1555526703596115,
        0.06540580093860626,
        1.5168930292129517,
        -0.07141340523958206
    ],
    "qpos": [
        -0.864547408242957,
        -1.0298157881599916
    ],
    "qvel": [
        1.516893079881927,
        -0.07141340357474293
    ],
    "render_time": 0.0020411014556884766,
    "reward": 0.0,
    "score": 0.009,
    "step_idx": 174,
    "success": null,
    "target_pos": [
        -0.11582857112457547,
        -0.13966327770807394
    ],
    "terminated": false,
    "truncated": false
}