{
    "action": [
        0.6985056415196944,
        0.2867433253461604
    ],
    "ep_idx": 7,
    "finger_pos": [
        0.053684250256136684,
        -0.2083595089812751
    ],
    "id": 5607497640727248794,
    "observation": [
        -0.8596784472465515,
        -0.9179007411003113,
        -0.1695128232240677,
        0.06869623064994812,
        -0.1695818454027176,
        3.1767163276672363
    ],
    "qpos": [
        -0.8596784655538712,
        -0.9179007117073333
    ],
    "qvel": [
        -0.16958184750246663,
        3.176716420776245
    ],
    "render_time": 0.002034902572631836,
    "reward": 0.0,
    "score": 0.009,
    "step_idx": 175,
    "success": null,
    "target_pos": [
        -0.11582857112457547,
        -0.13966327770807394
    ],
    "terminated": false,
    "truncated": false
}