{
    "action": [
        -0.5076609309368598,
        -0.789590645394409
    ],
    "ep_idx": 7,
    "finger_pos": [
        0.06732127553896464,
        -0.20712525038079443
    ],
    "id": 5607497640727248794,
    "observation": [
        -0.8229504823684692,
        -0.8671792149543762,
        -0.18314984440803528,
        0.06746197491884232,
        1.1517921686172485,
        1.0363211631774902
    ],
    "qpos": [
        -0.8229504982821683,
        -0.8671792208501525
    ],
    "qvel": [
        1.1517922086652235,
        1.036321183755038
    ],
    "render_time": 0.002028942108154297,
    "reward": 0.0,
    "score": 0.009,
    "step_idx": 176,
    "success": null,
    "target_pos": [
        -0.11582857112457547,
        -0.13966327770807394
    ],
    "terminated": false,
    "truncated": false
}