{
    "action": [
        -0.04203809196506869,
        0.3544889874375956
    ],
    "ep_idx": 7,
    "finger_pos": [
        0.06681888011686929,
        -0.20262610223100522
    ],
    "id": 5607497640727248794,
    "observation": [
        -0.7766132354736328,
        -0.9512959122657776,
        -0.1826474517583847,
        0.06296282261610031,
        1.0126169919967651,
        -2.5481302738189697
    ],
    "qpos": [
        -0.7766132576669402,
        -0.9512959274892819
    ],
    "qvel": [
        1.0126170167455077,
        -2.5481301698164414
    ],
    "render_time": 0.0020470619201660156,
    "reward": 0.0,
    "score": 0.009,
    "step_idx": 177,
    "success": null,
    "target_pos": [
        -0.11582857112457547,
        -0.13966327770807394
    ],
    "terminated": false,
    "truncated": false
}