{
    "action": [
        0.9113534365426266,
        0.8197815421420132
    ],
    "ep_idx": 7,
    "finger_pos": [
        0.07129379693622453,
        -0.20319658819653627
    ],
    "id": 5607497640727248794,
    "observation": [
        -0.776066780090332,
        -0.9145753979682922,
        -0.1871223747730255,
        0.06353331357240677,
        -0.11644550412893295,
        1.3718135356903076
    ],
    "qpos": [
        -0.7760668079652103,
        -0.9145753951148168
    ],
    "qvel": [
        -0.11644550401438153,
        1.3718135484683303
    ],
    "render_time": 0.002027750015258789,
    "reward": 0.0,
    "score": 0.009,
    "step_idx": 178,
    "success": null,
    "target_pos": [
        -0.11582857112457547,
        -0.13966327770807394
    ],
    "terminated": false,
    "truncated": false
}