{
    "action": [
        0.3665640613157466,
        0.48346475971064296
    ],
    "ep_idx": 7,
    "finger_pos": [
        0.08782216566361842,
        -0.20244928961206818
    ],
    "id": 5607497640727248794,
    "observation": [
        -0.7574781775474548,
        -0.8080377578735352,
        -0.20365074276924133,
        0.06278601288795471,
        0.6840808391571045,
        2.8828439712524414
    ],
    "qpos": [
        -0.7574781856062555,
        -0.8080377722228699
    ],
    "qvel": [
        0.6840808484600522,
        2.8828440290718262
    ],
    "render_time": 0.0020422935485839844,
    "reward": 0.0,
    "score": 0.009,
    "step_idx": 179,
    "success": null,
    "target_pos": [
        -0.11582857112457547,
        -0.13966327770807394
    ],
    "terminated": false,
    "truncated": false
}