{
    "action": [
        0.9041084888831608,
        -0.3930707319084563
    ],
    "ep_idx": 7,
    "finger_pos": [
        0.10694134171509281,
        -0.1978432383091751
    ],
    "id": 5607497640727248794,
    "observation": [
        -0.7185889482498169,
        -0.7133188843727112,
        -0.22276991605758667,
        0.058179959654808044,
        1.03293776512146,
        2.3090434074401855
    ],
    "qpos": [
        -0.7185889362617945,
        -0.7133188603819147
    ],
    "qvel": [
        1.0329377805932136,
        2.3090433631333487
    ],
    "render_time": 0.0020360946655273438,
    "reward": 0.0,
    "score": 0.009,
    "step_idx": 180,
    "success": null,
    "target_pos": [
        -0.11582857112457547,
        -0.13966327770807394
    ],
    "terminated": false,
    "truncated": false
}