{
    "action": [
        0.6248475216210014,
        -0.8422307030358678
    ],
    "ep_idx": 7,
    "finger_pos": [
        0.11908744561904677,
        -0.18744021582068526
    ],
    "id": 5607497640727248794,
    "observation": [
        -0.6158208250999451,
        -0.7779566645622253,
        -0.23491601645946503,
        0.04777693748474121,
        2.8181681632995605,
        -2.0402915477752686
    ],
    "qpos": [
        -0.6158208352316993,
        -0.7779566419282162
    ],
    "qvel": [
        2.818168213170067,
        -2.0402914876853213
    ],
    "render_time": 0.0020606517791748047,
    "reward": 0.0,
    "score": 0.009,
    "step_idx": 181,
    "success": null,
    "target_pos": [
        -0.11582857112457547,
        -0.13966327770807394
    ],
    "terminated": false,
    "truncated": false
}