{
    "action": [
        -0.8008754507556752,
        -0.10856707324430204
    ],
    "ep_idx": 7,
    "finger_pos": [
        0.1254916725870217,
        -0.1743430642250277
    ],
    "id": 5607497640727248794,
    "observation": [
        -0.4846421778202057,
        -0.9245291352272034,
        -0.24132023751735687,
        0.03467978537082672,
        3.3296544551849365,
        -3.843870162963867
    ],
    "qpos": [
        -0.48464218405177384,
        -0.9245291538138619
    ],
    "qvel": [
        3.3296545439115683,
        -3.843870067361682
    ],
    "render_time": 0.0020575523376464844,
    "reward": 0.0,
    "score": 0.009,
    "step_idx": 182,
    "success": null,
    "target_pos": [
        -0.11582857112457547,
        -0.13966327770807394
    ],
    "terminated": false,
    "truncated": false
}