{
    "action": [
        -0.533211949242899,
        0.4648956975847831
    ],
    "ep_idx": 7,
    "finger_pos": [
        0.13305189188047273,
        -0.16857305395569763
    ],
    "id": 5607497640727248794,
    "observation": [
        -0.4398382902145386,
        -0.925571858882904,
        -0.24888046085834503,
        0.028909776359796524,
        0.6540692448616028,
        0.38194677233695984
    ],
    "qpos": [
        -0.4398382887451792,
        -0.9255718615344093
    ],
    "qvel": [
        0.6540692707455587,
        0.3819467647120638
    ],
    "render_time": 0.002071857452392578,
    "reward": 0.0,
    "score": 0.009,
    "step_idx": 183,
    "success": null,
    "target_pos": [
        -0.11582857112457547,
        -0.13966327770807394
    ],
    "terminated": false,
    "truncated": false
}