{
    "action": [
        0.06786061660082643,
        0.4230718133143361
    ],
    "ep_idx": 7,
    "finger_pos": [
        0.1413948238706928,
        -0.1681418072871552
    ],
    "id": 5607497640727248794,
    "observation": [
        -0.457246869802475,
        -0.8286938667297363,
        -0.2572233974933624,
        0.028478529304265976,
        -0.6614288687705994,
        2.6727793216705322
    ],
    "qpos": [
        -0.4572468710718832,
        -0.8286938773400347
    ],
    "qvel": [
        -0.6614288443094551,
        2.6727792259935135
    ],
    "render_time": 0.0020852088928222656,
    "reward": 0.0,
    "score": 0.009,
    "step_idx": 184,
    "success": null,
    "target_pos": [
        -0.11582857112457547,
        -0.13966327770807394
    ],
    "terminated": false,
    "truncated": false
}