{
    "action": [
        0.1525859545600463,
        0.1994043837782593
    ],
    "ep_idx": 7,
    "finger_pos": [
        0.1485169250071144,
        -0.1670539653771113
    ],
    "id": 5607497640727248794,
    "observation": [
        -0.4714125990867615,
        -0.7453188896179199,
        -0.2643454968929291,
        0.02739068679511547,
        -0.29218634963035583,
        2.014209747314453
    ],
    "qpos": [
        -0.47141259163483556,
        -0.74531887134762
    ],
    "qvel": [
        -0.2921863574191259,
        2.014209800425707
    ],
    "render_time": 0.0020427703857421875,
    "reward": 0.0,
    "score": 0.009,
    "step_idx": 185,
    "success": null,
    "target_pos": [
        -0.11582857112457547,
        -0.13966327770807394
    ],
    "terminated": false,
    "truncated": false
}