{
    "action": [
        0.8976708203680785,
        -0.8894104077413976
    ],
    "ep_idx": 7,
    "finger_pos": [
        0.15394253025378457,
        -0.16449601699834876
    ],
    "id": 5607497640727248794,
    "observation": [
        -0.4666394591331482,
        -0.7037758827209473,
        -0.26977109909057617,
        0.02483273856341839,
        0.19041819870471954,
        0.9271155595779419
    ],
    "qpos": [
        -0.46663945224080877,
        -0.7037758924215681
    ],
    "qvel": [
        0.1904181918324188,
        0.9271155344407447
    ],
    "render_time": 0.0020856857299804688,
    "reward": 0.0,
    "score": 0.009,
    "step_idx": 186,
    "success": null,
    "target_pos": [
        -0.11582857112457547,
        -0.13966327770807394
    ],
    "terminated": false,
    "truncated": false
}