{
    "action": [
        -0.0547226852525351,
        -0.4508980203171784
    ],
    "ep_idx": 7,
    "finger_pos": [
        0.14961282334214115,
        -0.15840424778507883
    ],
    "id": 5607497640727248794,
    "observation": [
        -0.38131991028785706,
        -0.8652250170707703,
        -0.2654413878917694,
        0.018740970641374588,
        2.42889142036438,
        -4.550317287445068
    ],
    "qpos": [
        -0.3813199128496146,
        -0.8652250153662048
    ],
    "qvel": [
        2.428891427039562,
        -4.5503172188098535
    ],
    "render_time": 0.0034689903259277344,
    "reward": 0.0,
    "score": 0.009,
    "step_idx": 187,
    "success": null,
    "target_pos": [
        -0.11582857112457547,
        -0.13966327770807394
    ],
    "terminated": false,
    "truncated": false
}