{
    "action": [
        -0.7350304950076079,
        -0.39801126212521787
    ],
    "ep_idx": 7,
    "finger_pos": [
        0.1480342615829489,
        -0.1532798756550849
    ],
    "id": 5607497640727248794,
    "observation": [
        -0.3247470557689667,
        -0.9561169147491455,
        -0.26386281847953796,
        0.013616598211228848,
        1.2351123094558716,
        -2.0262670516967773
    ],
    "qpos": [
        -0.3247470574834361,
        -0.956116935584966
    ],
    "qvel": [
        1.2351122542477926,
        -2.0262670269042533
    ],
    "render_time": 0.0020599365234375,
    "reward": 0.0,
    "score": 0.009,
    "step_idx": 188,
    "success": null,
    "target_pos": [
        -0.11582857112457547,
        -0.13966327770807394
    ],
    "terminated": false,
    "truncated": false
}