{
    "action": [
        -0.8116301086200972,
        0.3767167384452679
    ],
    "ep_idx": 7,
    "finger_pos": [
        0.1432341921435299,
        -0.15415871412485327
    ],
    "id": 5607497640727248794,
    "observation": [
        -0.32047203183174133,
        -1.0032879114151,
        -0.2590627670288086,
        0.01449543610215187,
        -0.1837313324213028,
        -1.115562081336975
    ],
    "qpos": [
        -0.320472023042926,
        -1.003287872764176
    ],
    "qvel": [
        -0.18373133487806137,
        -1.1155620455465414
    ],
    "render_time": 0.0020787715911865234,
    "reward": 0.0,
    "score": 0.009,
    "step_idx": 189,
    "success": null,
    "target_pos": [
        -0.11582857112457547,
        -0.13966327770807394
    ],
    "terminated": false,
    "truncated": false
}