{
    "action": [
        -0.5447757135483766,
        0.7747699311029097
    ],
    "ep_idx": 7,
    "finger_pos": [
        0.1415944075386698,
        -0.16093857498682856
    ],
    "id": 5607497640727248794,
    "observation": [
        -0.3827934265136719,
        -0.9329169988632202,
        -0.2574229836463928,
        0.021275296807289124,
        -1.829698085784912,
        2.137423515319824
    ],
    "qpos": [
        -0.38279341430753433,
        -0.9329170258645655
    ],
    "qvel": [
        -1.8296981196446347,
        2.137423524822572
    ],
    "render_time": 0.002066373825073242,
    "reward": 0.0,
    "score": 0.009,
    "step_idx": 190,
    "success": null,
    "target_pos": [
        -0.11582857112457547,
        -0.13966327770807394
    ],
    "terminated": false,
    "truncated": false
}