{
    "action": [
        0.9339738698211213,
        0.12350203174251595
    ],
    "ep_idx": 7,
    "finger_pos": [
        0.14310145466292062,
        -0.16929112119679657
    ],
    "id": 5607497640727248794,
    "observation": [
        -0.47567272186279297,
        -0.7867312431335449,
        -0.2589300274848938,
        0.0296278428286314,
        -2.3984315395355225,
        3.8640480041503906
    ],
    "qpos": [
        -0.4756727206135098,
        -0.7867312153029051
    ],
    "qvel": [
        -2.3984314486293252,
        3.8640479838964876
    ],
    "render_time": 0.002063274383544922,
    "reward": 0.0,
    "score": 0.009,
    "step_idx": 191,
    "success": null,
    "target_pos": [
        -0.11582857112457547,
        -0.13966327770807394
    ],
    "terminated": false,
    "truncated": false
}