{
    "action": [
        0.4188816476101569,
        0.1781519913813121
    ],
    "ep_idx": 7,
    "finger_pos": [
        0.14215024177497398,
        -0.17041346521358025
    ],
    "id": 5607497640727248794,
    "observation": [
        -0.4849139451980591,
        -0.7813256978988647,
        -0.2579788267612457,
        0.03075018711388111,
        0.21436065435409546,
        -0.2876194715499878
    ],
    "qpos": [
        -0.4849139411719604,
        -0.7813257112164755
    ],
    "qvel": [
        0.2143606563798356,
        -0.2876194592843868
    ],
    "render_time": 0.0020859241485595703,
    "reward": 0.0,
    "score": 0.009,
    "step_idx": 192,
    "success": null,
    "target_pos": [
        -0.11582857112457547,
        -0.13966327770807394
    ],
    "terminated": false,
    "truncated": false
}