{
    "action": [
        0.7294194465223043,
        -0.7741540365424497
    ],
    "ep_idx": 7,
    "finger_pos": [
        0.14634449807706496,
        -0.16752273528829603
    ],
    "id": 5607497640727248794,
    "observation": [
        -0.4678896963596344,
        -0.7697629928588867,
        -0.262173056602478,
        0.027859456837177277,
        0.5158359408378601,
        0.3782431483268738
    ],
    "qpos": [
        -0.4678897029554993,
        -0.7697629645209184
    ],
    "qvel": [
        0.5158359517536337,
        0.3782431401081683
    ],
    "render_time": 0.0020792484283447266,
    "reward": 0.0,
    "score": 0.009,
    "step_idx": 193,
    "success": null,
    "target_pos": [
        -0.11582857112457547,
        -0.13966327770807394
    ],
    "terminated": false,
    "truncated": false
}