{
    "action": [
        0.15781051248287237,
        0.4594931155906987
    ],
    "ep_idx": 7,
    "finger_pos": [
        0.1435472169092918,
        -0.16100856769119593
    ],
    "id": 5607497640727248794,
    "observation": [
        -0.3888508975505829,
        -0.9076367616653442,
        -0.25937578082084656,
        0.021345289424061775,
        2.2013120651245117,
        -3.8637728691101074
    ],
    "qpos": [
        -0.3888509082991852,
        -0.907636781335537
    ],
    "qvel": [
        2.201312042330083,
        -3.8637729389540283
    ],
    "render_time": 0.002071380615234375,
    "reward": 0.0,
    "score": 0.009,
    "step_idx": 194,
    "success": null,
    "target_pos": [
        -0.11582857112457547,
        -0.13966327770807394
    ],
    "terminated": false,
    "truncated": false
}