{
    "action": [
        0.3155017092205563,
        0.8843199414022354
    ],
    "ep_idx": 7,
    "finger_pos": [
        0.15380891806480104,
        -0.15443184432147314
    ],
    "id": 5607497640727248794,
    "observation": [
        -0.35550200939178467,
        -0.8638341426849365,
        -0.26963749527931213,
        0.014768566936254501,
        0.6695157885551453,
        1.7233808040618896
    ],
    "qpos": [
        -0.3555020002977224,
        -0.8638341369179758
    ],
    "qvel": [
        0.6695158150029075,
        1.7233808580584702
    ],
    "render_time": 0.002088785171508789,
    "reward": 0.0,
    "score": 0.009,
    "step_idx": 195,
    "success": null,
    "target_pos": [
        -0.11582857112457547,
        -0.13966327770807394
    ],
    "terminated": false,
    "truncated": false
}