{
    "action": [
        0.44861378033071975,
        0.6480735193283151
    ],
    "ep_idx": 7,
    "finger_pos": [
        0.1719728396671491,
        -0.14467630942272194
    ],
    "id": 5607497640727248794,
    "observation": [
        -0.3408275246620178,
        -0.717157781124115,
        -0.2878014147281647,
        0.0050130318850278854,
        0.3603232502937317,
        3.9379031658172607
    ],
    "qpos": [
        -0.3408275238275795,
        -0.7171577763030917
    ],
    "qvel": [
        0.36032326345226307,
        3.9379031876876613
    ],
    "render_time": 0.0020656585693359375,
    "reward": 0.0,
    "score": 0.009,
    "step_idx": 196,
    "success": null,
    "target_pos": [
        -0.11582857112457547,
        -0.13966327770807394
    ],
    "terminated": false,
    "truncated": false
}