{
    "action": [
        0.1193469179574802,
        -0.1668436300929923
    ],
    "ep_idx": 7,
    "finger_pos": [
        0.18895594212321307,
        -0.13029810092093028
    ],
    "id": 5607497640727248794,
    "observation": [
        -0.30716055631637573,
        -0.593060314655304,
        -0.30478450655937195,
        -0.009365176782011986,
        0.942375659942627,
        3.0116806030273438
    ],
    "qpos": [
        -0.3071605526277107,
        -0.5930603381266112
    ],
    "qvel": [
        0.942375638077551,
        3.011680700761278
    ],
    "render_time": 0.0021278858184814453,
    "reward": 0.0,
    "score": 0.009,
    "step_idx": 197,
    "success": null,
    "target_pos": [
        -0.11582857112457547,
        -0.13966327770807394
    ],
    "terminated": false,
    "truncated": false
}