{
    "action": [
        0.43898187943586553,
        0.12994666245137143
    ],
    "ep_idx": 7,
    "finger_pos": [
        0.19696709016945912,
        -0.1180129798811143
    ],
    "id": 5607497640727248794,
    "observation": [
        -0.24454547464847565,
        -0.590498685836792,
        -0.3127956688404083,
        -0.021650297567248344,
        1.5929306745529175,
        -0.27454236149787903
    ],
    "qpos": [
        -0.24454547481798375,
        -0.5904986865138069
    ],
    "qvel": [
        1.592930708421154,
        -0.27454236079487526
    ],
    "render_time": 0.002106189727783203,
    "reward": 0.0,
    "score": 0.009,
    "step_idx": 198,
    "success": null,
    "target_pos": [
        -0.11582857112457547,
        -0.13966327770807394
    ],
    "terminated": false,
    "truncated": false
}