{
    "action": [
        0.6076659310796098,
        0.9194424142809834
    ],
    "ep_idx": 7,
    "finger_pos": [
        0.20511652838864763,
        -0.10434473744305967
    ],
    "id": 5607497640727248794,
    "observation": [
        -0.18283170461654663,
        -0.5755184888839722,
        -0.3209451138973236,
        -0.035318538546562195,
        1.5631407499313354,
        0.452659010887146
    ],
    "qpos": [
        -0.18283171161661244,
        -0.575518476705254
    ],
    "qvel": [
        1.5631407118680034,
        0.4526589969778437
    ],
    "render_time": 0.0020694732666015625,
    "reward": 0.0,
    "score": 0.009,
    "step_idx": 199,
    "success": null,
    "target_pos": [
        -0.11582857112457547,
        -0.13966327770807394
    ],
    "terminated": false,
    "truncated": false
}