{
    "action": [
        null,
        null
    ],
    "ep_idx": 7,
    "finger_pos": [
        0.2195116234209809,
        -0.08206314567819135
    ],
    "id": 5607497640727248794,
    "observation": [
        -0.14033342897891998,
        -0.4348470866680145,
        -0.3353402018547058,
        -0.05760013312101364,
        1.0767236948013306,
        3.875044107437134
    ],
    "qpos": [
        -0.14033342889274197,
        -0.43484709229620433
    ],
    "qvel": [
        1.0767237171118091,
        3.875044115797128
    ],
    "render_time": 0.0020699501037597656,
    "reward": 0.0,
    "score": 0.009,
    "step_idx": 200,
    "success": null,
    "target_pos": [
        -0.11582857112457547,
        -0.13966327770807394
    ],
    "terminated": false,
    "truncated": true
}