{
    "action": [
        -0.1660829431923454,
        0.19043126149569978
    ],
    "ep_idx": 1,
    "finger_pos": [
        0.13491010544281673,
        -0.19361010639672227
    ],
    "id": 3742661165853741360,
    "observation": [
        -1.1455447673797607,
        0.3666650652885437,
        -0.1482708901166916,
        0.2703794240951538,
        0.0,
        0.0
    ],
    "qpos": [
        -1.1455447984999938,
        0.36666507332656817
    ],
    "qvel": [
        0.0,
        0.0
    ],
    "render_time": 0.03660893440246582,
    "reward": null,
    "score": 0.0,
    "step_idx": 0,
    "success": null,
    "target_pos": [
        -0.013360786287278083,
        0.07676931206928468
    ],
    "terminated": false,
    "truncated": false
}