{
    "action": [
        0.6320240412149007,
        -0.7812144319717877
    ],
    "ep_idx": 1,
    "finger_pos": [
        0.13514578505964472,
        -0.19238651658407602
    ],
    "id": 3742661165853741360,
    "observation": [
        -1.1606143712997437,
        0.4043998122215271,
        -0.14850656688213348,
        0.2691558301448822,
        -0.42796915769577026,
        1.0245966911315918
    ],
    "qpos": [
        -1.1606143759857008,
        0.40439981775053
    ],
    "qvel": [
        -0.4279691655741512,
        1.0245966662657104
    ],
    "render_time": 0.0019118785858154297,
    "reward": 0.0,
    "score": 0.0,
    "step_idx": 1,
    "success": null,
    "target_pos": [
        -0.013360786287278083,
        0.07676931206928468
    ],
    "terminated": false,
    "truncated": false
}