{
    "action": [
        0.36889060567934484,
        0.142366639484365
    ],
    "ep_idx": 1,
    "finger_pos": [
        0.13296887667772878,
        -0.19743902690616688
    ],
    "id": 3742661165853741360,
    "observation": [
        -1.105999231338501,
        0.25579872727394104,
        -0.14632965624332428,
        0.27420833706855774,
        1.6029796600341797,
        -4.153169631958008
    ],
    "qpos": [
        -1.1059992071311258,
        0.25579873110850565
    ],
    "qvel": [
        1.6029796283734032,
        -4.153169453273403
    ],
    "render_time": 0.0017771720886230469,
    "reward": 0.0,
    "score": 0.0,
    "step_idx": 2,
    "success": null,
    "target_pos": [
        -0.013360786287278083,
        0.07676931206928468
    ],
    "terminated": false,
    "truncated": false
}