{
    "action": [
        -0.6571050530170381,
        0.43957749309210237
    ],
    "ep_idx": 1,
    "finger_pos": [
        0.13732598502377927,
        -0.1945951818648748
    ],
    "id": 3742661165853741360,
    "observation": [
        -1.0797699689865112,
        0.24703079462051392,
        -0.15068677067756653,
        0.2713644802570343,
        0.6248648166656494,
        0.15084047615528107
    ],
    "qpos": [
        -1.0797699266556502,
        0.24703079793735128
    ],
    "qvel": [
        0.6248648406581903,
        0.15084047643469067
    ],
    "render_time": 0.0018115043640136719,
    "reward": 0.0,
    "score": 0.0,
    "step_idx": 3,
    "success": null,
    "target_pos": [
        -0.013360786287278083,
        0.07676931206928468
    ],
    "terminated": false,
    "truncated": false
}