{
    "action": [
        0.3341784713649685,
        0.9170555779585674
    ],
    "ep_idx": 1,
    "finger_pos": [
        0.14127298911514996,
        -0.18939802920140664
    ],
    "id": 3742661165853741360,
    "observation": [
        -1.1061453819274902,
        0.3524487018585205,
        -0.1546337753534317,
        0.2661673426628113,
        -0.8724908232688904,
        2.8160340785980225
    ],
    "qpos": [
        -1.1061453514214517,
        0.35244870951844276
    ],
    "qvel": [
        -0.8724908219488354,
        2.8160341941369738
    ],
    "render_time": 0.001804351806640625,
    "reward": 0.0,
    "score": 0.0,
    "step_idx": 4,
    "success": null,
    "target_pos": [
        -0.013360786287278083,
        0.07676931206928468
    ],
    "terminated": false,
    "truncated": false
}