{
    "action": [
        -0.4353131268819268,
        -0.4072538542605937
    ],
    "ep_idx": 1,
    "finger_pos": [
        0.14783442988393042,
        -0.17944176207878343
    ],
    "id": 3742661165853741360,
    "observation": [
        -1.1324002742767334,
        0.5014474987983704,
        -0.16119521856307983,
        0.2562110722064972,
        -0.5337384343147278,
        3.8344287872314453
    ],
    "qpos": [
        -1.13240027243058,
        0.5014475276205016
    ],
    "qvel": [
        -0.5337384550691766,
        3.8344287894222635
    ],
    "render_time": 0.0018057823181152344,
    "reward": 0.0,
    "score": 0.0,
    "step_idx": 5,
    "success": null,
    "target_pos": [
        -0.013360786287278083,
        0.07676931206928468
    ],
    "terminated": false,
    "truncated": false
}