{
    "action": [
        -0.9526842195139018,
        0.6199064828379337
    ],
    "ep_idx": 1,
    "finger_pos": [
        0.14817949492966037,
        -0.1800281046547052
    ],
    "id": 3742661165853741360,
    "observation": [
        -1.1213114261627197,
        0.47835615277290344,
        -0.16154028475284576,
        0.2567974030971527,
        0.24636755883693695,
        -1.0372498035430908
    ],
    "qpos": [
        -1.1213113686783511,
        0.4783561518190057
    ],
    "qvel": [
        0.24636756258418116,
        -1.0372498612518526
    ],
    "render_time": 0.0017743110656738281,
    "reward": 0.0,
    "score": 0.0,
    "step_idx": 6,
    "success": null,
    "target_pos": [
        -0.013360786287278083,
        0.07676931206928468
    ],
    "terminated": false,
    "truncated": false
}