{
    "action": [
        0.36543764983308047,
        -0.8333350659148866
    ],
    "ep_idx": 1,
    "finger_pos": [
        0.14518956015210593,
        -0.17702972336679346
    ],
    "id": 3742661165853741360,
    "observation": [
        -1.1884791851043701,
        0.6091710329055786,
        -0.15855035185813904,
        0.2537990212440491,
        -1.9811289310455322,
        3.6456453800201416
    ],
    "qpos": [
        -1.188479134404033,
        0.609171048159647
    ],
    "qvel": [
        -1.981128936175855,
        3.645645458640675
    ],
    "render_time": 0.0017931461334228516,
    "reward": 0.0,
    "score": 0.0,
    "step_idx": 7,
    "success": null,
    "target_pos": [
        -0.013360786287278083,
        0.07676931206928468
    ],
    "terminated": false,
    "truncated": false
}