{
    "action": [
        -0.8346699702661207,
        -0.15437119892530116
    ],
    "ep_idx": 1,
    "finger_pos": [
        0.13841022155651087,
        -0.1877128387233459
    ],
    "id": 3742661165853741360,
    "observation": [
        -1.173627257347107,
        0.47637471556663513,
        -0.15177100896835327,
        0.26448214054107666,
        0.6717399954795837,
        -4.051589488983154
    ],
    "qpos": [
        -1.173627305943866,
        0.4763747215060023
    ],
    "qvel": [
        0.671739978637974,
        -4.051589330206792
    ],
    "render_time": 0.001796722412109375,
    "reward": 0.0,
    "score": 0.0,
    "step_idx": 8,
    "success": null,
    "target_pos": [
        -0.013360786287278083,
        0.07676931206928468
    ],
    "terminated": false,
    "truncated": false
}