{
    "action": [
        0.9389355388552483,
        0.034249935384477403
    ],
    "ep_idx": 1,
    "finger_pos": [
        0.12902851549010758,
        -0.19490466495866343
    ],
    "id": 3742661165853741360,
    "observation": [
        -1.2148545980453491,
        0.45765793323516846,
        -0.14238929748535156,
        0.2716739773750305,
        -1.3210368156433105,
        -0.13889959454536438
    ],
    "qpos": [
        -1.2148546111071001,
        0.4576579228346905
    ],
    "qvel": [
        -1.3210368573763978,
        -0.13889958859385432
    ],
    "render_time": 0.0018002986907958984,
    "reward": 0.0,
    "score": 0.0,
    "step_idx": 9,
    "success": null,
    "target_pos": [
        -0.013360786287278083,
        0.07676931206928468
    ],
    "terminated": false,
    "truncated": false
}