{
    "action": [
        0.24423122025856348,
        0.5938863405970576
    ],
    "ep_idx": 1,
    "finger_pos": [
        0.12496034458503039,
        -0.198886380828791
    ],
    "id": 3742661165853741360,
    "observation": [
        -1.2166576385498047,
        0.41366052627563477,
        -0.1383211314678192,
        0.27565568685531616,
        0.26666441559791565,
        -1.131964921951294
    ],
    "qpos": [
        -1.21665764516508,
        0.41366052447127694
    ],
    "qvel": [
        0.266664420671322,
        -1.131964869015383
    ],
    "render_time": 0.0018184185028076172,
    "reward": 0.0,
    "score": 0.0,
    "step_idx": 10,
    "success": null,
    "target_pos": [
        -0.013360786287278083,
        0.07676931206928468
    ],
    "terminated": false,
    "truncated": false
}