{
    "action": [
        -0.43247300726700577,
        0.626148308569374
    ],
    "ep_idx": 1,
    "finger_pos": [
        0.1289428685342632,
        -0.19374234141505497
    ],
    "id": 3742661165853741360,
    "observation": [
        -1.2303707599639893,
        0.49359041452407837,
        -0.14230366051197052,
        0.270511656999588,
        -0.32968926429748535,
        2.314326763153076
    ],
    "qpos": [
        -1.2303707957738015,
        0.4935904050554696
    ],
    "qvel": [
        -0.3296892751928935,
        2.314326716950487
    ],
    "render_time": 0.001810312271118164,
    "reward": 0.0,
    "score": 0.0,
    "step_idx": 11,
    "success": null,
    "target_pos": [
        -0.013360786287278083,
        0.07676931206928468
    ],
    "terminated": false,
    "truncated": false
}