{
    "action": [
        -0.6573754696821517,
        -0.9180517571939855
    ],
    "ep_idx": 1,
    "finger_pos": [
        0.13233212213852788,
        -0.1860765063190743
    ],
    "id": 3742661165853741360,
    "observation": [
        -1.2656902074813843,
        0.6261551976203918,
        -0.14569291472434998,
        0.26284581422805786,
        -0.9823512434959412,
        3.3924291133880615
    ],
    "qpos": [
        -1.2656902424260017,
        0.6261551681634887
    ],
    "qvel": [
        -0.9823512625777119,
        3.3924291376755984
    ],
    "render_time": 0.0017998218536376953,
    "reward": 0.0,
    "score": 0.0,
    "step_idx": 12,
    "success": null,
    "target_pos": [
        -0.013360786287278083,
        0.07676931206928468
    ],
    "terminated": false,
    "truncated": false
}