{
    "action": [
        0.1852648357115394,
        -0.17324736546576358
    ],
    "ep_idx": 1,
    "finger_pos": [
        0.1249622620019093,
        -0.1951789975523918
    ],
    "id": 3742661165853741360,
    "observation": [
        -1.2641878128051758,
        0.5257561206817627,
        -0.13832305371761322,
        0.27194830775260925,
        0.007862973026931286,
        -3.1877994537353516
    ],
    "qpos": [
        -1.2641878203604138,
        0.525756109131616
    ],
    "qvel": [
        0.007862972653939072,
        -3.187799488017113
    ],
    "render_time": 0.0018215179443359375,
    "reward": 0.0,
    "score": 0.0,
    "step_idx": 13,
    "success": null,
    "target_pos": [
        -0.013360786287278083,
        0.07676931206928468
    ],
    "terminated": false,
    "truncated": false
}