{
    "action": [
        0.9513892709228995,
        -0.3202596364324519
    ],
    "ep_idx": 1,
    "finger_pos": [
        0.11810619969550479,
        -0.20148509284128563
    ],
    "id": 3742661165853741360,
    "observation": [
        -1.2729756832122803,
        0.464747816324234,
        -0.13146698474884033,
        0.2782544195652008,
        -0.19637134671211243,
        -1.3319586515426636
    ],
    "qpos": [
        -1.2729757093953782,
        0.4647478219430199
    ],
    "qvel": [
        -0.1963713412856214,
        -1.33195867791185
    ],
    "render_time": 0.0017979145050048828,
    "reward": 0.0,
    "score": 0.0,
    "step_idx": 14,
    "success": null,
    "target_pos": [
        -0.013360786287278083,
        0.07676931206928468
    ],
    "terminated": false,
    "truncated": false
}