{
    "action": [
        0.39335025722072237,
        0.9696535049436894
    ],
    "ep_idx": 1,
    "finger_pos": [
        0.11683316692578145,
        -0.2051186203115304
    ],
    "id": 3742661165853741360,
    "observation": [
        -1.234520673751831,
        0.3629641532897949,
        -0.13019394874572754,
        0.2818879187107086,
        1.225262999534607,
        -2.621288299560547
    ],
    "qpos": [
        -1.234520670463418,
        0.36296415834356865
    ],
    "qvel": [
        1.2252629420142314,
        -2.6212882199643865
    ],
    "render_time": 0.0018215179443359375,
    "reward": 0.0,
    "score": 0.0,
    "step_idx": 15,
    "success": null,
    "target_pos": [
        -0.013360786287278083,
        0.07676931206928468
    ],
    "terminated": false,
    "truncated": false
}