{
    "action": [
        -0.144749326418661,
        -0.12218389254939388
    ],
    "ep_idx": 1,
    "finger_pos": [
        0.12732655928900047,
        -0.194764766479407
    ],
    "id": 3742661165853741360,
    "observation": [
        -1.239209771156311,
        0.49483418464660645,
        -0.14068734645843506,
        0.2715340852737427,
        -0.13913209736347198,
        3.8674981594085693
    ],
    "qpos": [
        -1.2392097734221799,
        0.49483418741793467
    ],
    "qvel": [
        -0.13913210390683642,
        3.867498081827205
    ],
    "render_time": 0.0018091201782226562,
    "reward": 0.0,
    "score": 0.0,
    "step_idx": 16,
    "success": null,
    "target_pos": [
        -0.013360786287278083,
        0.07676931206928468
    ],
    "terminated": false,
    "truncated": false
}