{
    "action": [
        0.46342207143429803,
        0.14261216301768176
    ],
    "ep_idx": 1,
    "finger_pos": [
        0.1334004200718586,
        -0.19013366071200608
    ],
    "id": 3742661165853741360,
    "observation": [
        -1.2135809659957886,
        0.509185791015625,
        -0.1467612087726593,
        0.26690298318862915,
        0.6515348553657532,
        0.005007638595998287
    ],
    "qpos": [
        -1.2135809162907398,
        0.5091857804324328
    ],
    "qvel": [
        0.6515348744498028,
        0.005007638643041101
    ],
    "render_time": 0.0023643970489501953,
    "reward": 0.0,
    "score": 0.0,
    "step_idx": 17,
    "success": null,
    "target_pos": [
        -0.013360786287278083,
        0.07676931206928468
    ],
    "terminated": false,
    "truncated": false
}