{
    "action": [
        -0.72775699881238,
        -0.7367332995776916
    ],
    "ep_idx": 1,
    "finger_pos": [
        0.14074976315249255,
        -0.18439050094361958
    ],
    "id": 3742661165853741360,
    "observation": [
        -1.1782218217849731,
        0.5187995433807373,
        -0.15411055088043213,
        0.2611598074436188,
        0.9655653238296509,
        0.2803235352039337
    ],
    "qpos": [
        -1.1782218026488995,
        0.5187995719468447
    ],
    "qvel": [
        0.9655653321547392,
        0.2803235279023314
    ],
    "render_time": 0.0018062591552734375,
    "reward": 0.0,
    "score": 0.0,
    "step_idx": 18,
    "success": null,
    "target_pos": [
        -0.013360786287278083,
        0.07676931206928468
    ],
    "terminated": false,
    "truncated": false
}