{
    "action": [
        -0.24624593868901967,
        -0.8615401279286672
    ],
    "ep_idx": 1,
    "finger_pos": [
        0.14005298772009628,
        -0.18777672662051448
    ],
    "id": 3742661165853741360,
    "observation": [
        -1.1492189168930054,
        0.43852296471595764,
        -0.1534137725830078,
        0.2645460367202759,
        0.5237018465995789,
        -2.290825366973877
    ],
    "qpos": [
        -1.149218963219953,
        0.4385229579031362
    ],
    "qvel": [
        0.5237018618694471,
        -2.290825315091604
    ],
    "render_time": 0.0018112659454345703,
    "reward": 0.0,
    "score": 0.0,
    "step_idx": 19,
    "success": null,
    "target_pos": [
        -0.013360786287278083,
        0.07676931206928468
    ],
    "terminated": false,
    "truncated": false
}