{
    "action": [
        0.41587057729028,
        0.02484764578899612
    ],
    "ep_idx": 1,
    "finger_pos": [
        0.1323071686036894,
        -0.19710362232129006
    ],
    "id": 3742661165853741360,
    "observation": [
        -1.127174973487854,
        0.2951047122478485,
        -0.14566795527935028,
        0.2738729417324066,
        0.48573359847068787,
        -3.7363929748535156
    ],
    "qpos": [
        -1.1271749449004758,
        0.2951047079270302
    ],
    "qvel": [
        0.4857336067059522,
        -3.7363929546454377
    ],
    "render_time": 0.002722501754760742,
    "reward": 0.0,
    "score": 0.0,
    "step_idx": 20,
    "success": null,
    "target_pos": [
        -0.013360786287278083,
        0.07676931206928468
    ],
    "terminated": false,
    "truncated": false
}