{
    "action": [
        0.9459021788798954,
        0.5782991532988762
    ],
    "ep_idx": 1,
    "finger_pos": [
        0.12946452611018827,
        -0.19970258136833982
    ],
    "id": 3742661165853741360,
    "observation": [
        -1.1249390840530396,
        0.2586251199245453,
        -0.14282530546188354,
        0.276471883058548,
        0.10165853798389435,
        -0.6247771978378296
    ],
    "qpos": [
        -1.1249390453599089,
        0.2586251250187763
    ],
    "qvel": [
        0.10165854143477444,
        -0.6247771753920881
    ],
    "render_time": 0.0018162727355957031,
    "reward": 0.0,
    "score": 0.0,
    "step_idx": 21,
    "success": null,
    "target_pos": [
        -0.013360786287278083,
        0.07676931206928468
    ],
    "terminated": false,
    "truncated": false
}