{
    "action": [
        -0.22603850054892938,
        -0.44790443878043096
    ],
    "ep_idx": 1,
    "finger_pos": [
        0.13723057808506117,
        -0.19335947784287166
    ],
    "id": 3742661165853741360,
    "observation": [
        -1.1089812517166138,
        0.31080570816993713,
        -0.15059135854244232,
        0.2701287865638733,
        0.6066401600837708,
        1.5290101766586304
    ],
    "qpos": [
        -1.1089812261213934,
        0.31080570551984693
    ],
    "qvel": [
        0.6066401872647178,
        1.5290102182894247
    ],
    "render_time": 0.0018033981323242188,
    "reward": 0.0,
    "score": 0.0,
    "step_idx": 22,
    "success": null,
    "target_pos": [
        -0.013360786287278083,
        0.07676931206928468
    ],
    "terminated": false,
    "truncated": false
}