{
    "action": [
        0.24565383517328443,
        -0.7506616593395163
    ],
    "ep_idx": 1,
    "finger_pos": [
        0.14078271064210296,
        -0.1918155011656047
    ],
    "id": 3742661165853741360,
    "observation": [
        -1.0689294338226318,
        0.2625637650489807,
        -0.15414349734783173,
        0.26858481764793396,
        0.9441726207733154,
        -1.4778711795806885
    ],
    "qpos": [
        -1.0689294111733314,
        0.2625637528032199
    ],
    "qvel": [
        0.9441726210618875,
        -1.4778711435637404
    ],
    "render_time": 0.0018014907836914062,
    "reward": 0.0,
    "score": 0.0,
    "step_idx": 23,
    "success": null,
    "target_pos": [
        -0.013360786287278083,
        0.07676931206928468
    ],
    "terminated": false,
    "truncated": false
}