{
    "action": [
        -0.7173838169292113,
        -0.8544110276428476
    ],
    "ep_idx": 1,
    "finger_pos": [
        0.13996329976408683,
        -0.19437526890191154
    ],
    "id": 3742661165853741360,
    "observation": [
        -1.0097589492797852,
        0.12606006860733032,
        -0.15332408249378204,
        0.2711445689201355,
        1.5144336223602295,
        -3.5902233123779297
    ],
    "qpos": [
        -1.0097589033111458,
        0.12606006946205384
    ],
    "qvel": [
        1.5144335668132474,
        -3.5902232020562868
    ],
    "render_time": 0.0018057823181152344,
    "reward": 0.0,
    "score": 0.0,
    "step_idx": 24,
    "success": null,
    "target_pos": [
        -0.013360786287278083,
        0.07676931206928468
    ],
    "terminated": false,
    "truncated": false
}