{
    "action": [
        -0.34133184495768165,
        -0.015906253648795055
    ],
    "ep_idx": 1,
    "finger_pos": [
        0.13225783150021536,
        -0.20026926317367577
    ],
    "id": 3742661165853741360,
    "observation": [
        -0.9883823990821838,
        0.0024753615725785494,
        -0.14561861753463745,
        0.27703857421875,
        0.2831383943557739,
        -3.097414255142212
    ],
    "qpos": [
        -0.9883823875888075,
        0.002475361627686419
    ],
    "qvel": [
        0.28313839678183905,
        -3.0974143576142334
    ],
    "render_time": 0.001817464828491211,
    "reward": 0.0,
    "score": 0.0,
    "step_idx": 25,
    "success": null,
    "target_pos": [
        -0.013360786287278083,
        0.07676931206928468
    ],
    "terminated": false,
    "truncated": false
}