{
    "action": [
        0.7595030801194134,
        0.5500631145658463
    ],
    "ep_idx": 1,
    "finger_pos": [
        0.12511853122411326,
        -0.20480485101992288
    ],
    "id": 3742661165853741360,
    "observation": [
        -1.0200095176696777,
        -0.004759082105010748,
        -0.1384793221950531,
        0.28157415986061096,
        -0.9129235148429871,
        0.05016867071390152
    ],
    "qpos": [
        -1.0200095575828896,
        -0.004759082277333189
    ],
    "qvel": [
        -0.9129235415987867,
        0.050168670647315894
    ],
    "render_time": 0.001809835433959961,
    "reward": 0.0,
    "score": 0.0,
    "step_idx": 26,
    "success": null,
    "target_pos": [
        -0.013360786287278083,
        0.07676931206928468
    ],
    "terminated": false,
    "truncated": false
}