{
    "action": [
        -0.5257979139900448,
        0.17162682060855405
    ],
    "ep_idx": 1,
    "finger_pos": [
        0.12676164198308798,
        -0.20371468430368517
    ],
    "id": 3742661165853741360,
    "observation": [
        -1.03767991065979,
        0.04700722545385361,
        -0.1401224285364151,
        0.28048399090766907,
        -0.22573606669902802,
        1.4523533582687378
    ],
    "qpos": [
        -1.0376799604623506,
        0.047007224317739446
    ],
    "qvel": [
        -0.22573606118331063,
        1.4523533671955366
    ],
    "render_time": 0.001836538314819336,
    "reward": 0.0,
    "score": 0.0,
    "step_idx": 27,
    "success": null,
    "target_pos": [
        -0.013360786287278083,
        0.07676931206928468
    ],
    "terminated": false,
    "truncated": false
}