{
    "action": [
        0.8374937741004458,
        -0.44907727441147816
    ],
    "ep_idx": 1,
    "finger_pos": [
        0.12744908379356878,
        -0.20296858849203747
    ],
    "id": 3742661165853741360,
    "observation": [
        -1.062904953956604,
        0.10561735928058624,
        -0.14080986380577087,
        0.2797378897666931,
        -0.7466430068016052,
        1.4403494596481323
    ],
    "qpos": [
        -1.0629049702191238,
        0.10561736224075446
    ],
    "qvel": [
        -0.7466430033827695,
        1.440349458257802
    ],
    "render_time": 0.0018012523651123047,
    "reward": 0.0,
    "score": 0.0,
    "step_idx": 28,
    "success": null,
    "target_pos": [
        -0.013360786287278083,
        0.07676931206928468
    ],
    "terminated": false,
    "truncated": false
}