{
    "action": [
        0.12644544309629335,
        0.6769326034996332
    ],
    "ep_idx": 1,
    "finger_pos": [
        0.12594819987404338,
        -0.20429647753122773
    ],
    "id": 3742661165853741360,
    "observation": [
        -1.0182734727859497,
        -0.00012270690058358014,
        -0.13930898904800415,
        0.28106579184532166,
        1.3919978141784668,
        -2.9481751918792725
    ],
    "qpos": [
        -1.018273432598949,
        -0.00012270690447363508
    ],
    "qvel": [
        1.3919978206103365,
        -2.9481752016358445
    ],
    "render_time": 0.0018198490142822266,
    "reward": 0.0,
    "score": 0.0,
    "step_idx": 29,
    "success": null,
    "target_pos": [
        -0.013360786287278083,
        0.07676931206928468
    ],
    "terminated": false,
    "truncated": false
}