{
    "action": [
        0.7843774042624485,
        0.14947760907816554
    ],
    "ep_idx": 1,
    "finger_pos": [
        0.13480130262091017,
        -0.19821815344264493
    ],
    "id": 3742661165853741360,
    "observation": [
        -1.02257239818573,
        0.0979948565363884,
        -0.1481620818376541,
        0.27498745918273926,
        -0.1922845095396042,
        2.911550521850586
    ],
    "qpos": [
        -1.022572395138394,
        0.09799485637755409
    ],
    "qvel": [
        -0.19228450847884343,
        2.9115505628135683
    ],
    "render_time": 0.0018482208251953125,
    "reward": 0.0,
    "score": 0.0,
    "step_idx": 30,
    "success": null,
    "target_pos": [
        -0.013360786287278083,
        0.07676931206928468
    ],
    "terminated": false,
    "truncated": false
}