{
    "action": [
        -0.7067649376180205,
        -0.16906073243927167
    ],
    "ep_idx": 1,
    "finger_pos": [
        0.14488874236660965,
        -0.19088942449024518
    ],
    "id": 3742661165853741360,
    "observation": [
        -0.9756575226783752,
        0.10821932554244995,
        -0.15824952721595764,
        0.2676587402820587,
        1.3957643508911133,
        0.06906013935804367
    ],
    "qpos": [
        -0.9756575233829756,
        0.10821932393635193
    ],
    "qvel": [
        1.3957643665459396,
        0.06906013629828439
    ],
    "render_time": 0.0018413066864013672,
    "reward": 0.0,
    "score": 0.0,
    "step_idx": 31,
    "success": null,
    "target_pos": [
        -0.013360786287278083,
        0.07676931206928468
    ],
    "terminated": false,
    "truncated": false
}