{
    "action": [
        -0.7711060605184303,
        -0.323797705004101
    ],
    "ep_idx": 1,
    "finger_pos": [
        0.14991175855791622,
        -0.18684896229671347
    ],
    "id": 3742661165853741360,
    "observation": [
        -0.9556261897087097,
        0.12196177244186401,
        -0.16327254474163055,
        0.26361826062202454,
        0.2597534656524658,
        0.3158625066280365
    ],
    "qpos": [
        -0.9556261707470786,
        0.12196177401716181
    ],
    "qvel": [
        0.2597534624715738,
        0.3158624944888771
    ],
    "render_time": 0.0018320083618164062,
    "reward": 0.0,
    "score": 0.0,
    "step_idx": 32,
    "success": null,
    "target_pos": [
        -0.013360786287278083,
        0.07676931206928468
    ],
    "terminated": false,
    "truncated": false
}