{
    "action": [
        -0.6621104066741974,
        -0.13450055206237566
    ],
    "ep_idx": 1,
    "finger_pos": [
        0.14657172598976567,
        -0.18962514933450414
    ],
    "id": 3742661165853741360,
    "observation": [
        -0.9653342366218567,
        0.10513828694820404,
        -0.15993250906467438,
        0.2663944661617279,
        -0.4348389208316803,
        -0.5290358662605286
    ],
    "qpos": [
        -0.9653342320854872,
        0.10513828754306613
    ],
    "qvel": [
        -0.43483892325608964,
        -0.5290358850940662
    ],
    "render_time": 0.0018341541290283203,
    "reward": 0.0,
    "score": 0.0,
    "step_idx": 33,
    "success": null,
    "target_pos": [
        -0.013360786287278083,
        0.07676931206928468
    ],
    "terminated": false,
    "truncated": false
}