{
    "action": [
        0.48793737640366275,
        -0.7325663762373633
    ],
    "ep_idx": 1,
    "finger_pos": [
        0.1383966207153522,
        -0.19568553104740932
    ],
    "id": 3742661165853741360,
    "observation": [
        -1.0068819522857666,
        0.10330811142921448,
        -0.1517574042081833,
        0.2724548578262329,
        -1.1819708347320557,
        -0.03477756679058075
    ],
    "qpos": [
        -1.0068819155035973,
        0.10330811151983899
    ],
    "qvel": [
        -1.1819708170952516,
        -0.03477756600361587
    ],
    "render_time": 0.0018620491027832031,
    "reward": 0.0,
    "score": 0.0,
    "step_idx": 34,
    "success": null,
    "target_pos": [
        -0.013360786287278083,
        0.07676931206928468
    ],
    "terminated": false,
    "truncated": false
}