{
    "action": [
        0.015226650565515198,
        0.9830671501004229
    ],
    "ep_idx": 1,
    "finger_pos": [
        0.1263904806753996,
        -0.20393983859745074
    ],
    "id": 3742661165853741360,
    "observation": [
        -0.9916915893554688,
        -0.048587918281555176,
        -0.13975127041339874,
        0.2807091474533081,
        0.589896023273468,
        -4.087446212768555
    ],
    "qpos": [
        -0.9916916171478113,
        -0.04858791783127693
    ],
    "qvel": [
        0.5898960161789077,
        -4.087446240300635
    ],
    "render_time": 0.0018248558044433594,
    "reward": 0.0,
    "score": 0.0,
    "step_idx": 35,
    "success": null,
    "target_pos": [
        -0.013360786287278083,
        0.07676931206928468
    ],
    "terminated": false,
    "truncated": false
}