{
    "action": [
        0.4552569599202605,
        -0.04723681199800045
    ],
    "ep_idx": 1,
    "finger_pos": [
        0.12887750133762715,
        -0.20217131820800807
    ],
    "id": 3742661165853741360,
    "observation": [
        -1.0484340190887451,
        0.09030331671237946,
        -0.1422382891178131,
        0.2789406180381775,
        -1.5111716985702515,
        4.120456695556641
    ],
    "qpos": [
        -1.048433973461504,
        0.09030331606875783
    ],
    "qvel": [
        -1.5111716880636057,
        4.120456702005847
    ],
    "render_time": 0.0018374919891357422,
    "reward": 0.0,
    "score": 0.0,
    "step_idx": 36,
    "success": null,
    "target_pos": [
        -0.013360786287278083,
        0.07676931206928468
    ],
    "terminated": false,
    "truncated": false
}