{
    "action": [
        -0.9244851479209824,
        -0.5834395517579183
    ],
    "ep_idx": 1,
    "finger_pos": [
        0.12972229105880978,
        -0.20169816606268795
    ],
    "id": 3742661165853741360,
    "observation": [
        -1.0387849807739258,
        0.07906743884086609,
        -0.14308308064937592,
        0.27846747636795044,
        0.46342772245407104,
        -0.6206223368644714
    ],
    "qpos": [
        -1.038784967876285,
        0.07906743760520676
    ],
    "qvel": [
        0.4634277341142882,
        -0.6206223338755573
    ],
    "render_time": 0.0018312931060791016,
    "reward": 0.0,
    "score": 0.0,
    "step_idx": 37,
    "success": null,
    "target_pos": [
        -0.013360786287278083,
        0.07676931206928468
    ],
    "terminated": false,
    "truncated": false
}