{
    "action": [
        0.7581528673841977,
        0.05739195537593478
    ],
    "ep_idx": 1,
    "finger_pos": [
        0.12245004647779532,
        -0.2063968213741706
    ],
    "id": 3742661165853741360,
    "observation": [
        -1.0458265542984009,
        0.02098027616739273,
        -0.13581083714962006,
        0.28316614031791687,
        -0.41372305154800415,
        -1.5790890455245972
    ],
    "qpos": [
        -1.0458265909134132,
        0.020980276324047767
    ],
    "qvel": [
        -0.41372304499144863,
        -1.5790890528489159
    ],
    "render_time": 0.0018177032470703125,
    "reward": 0.0,
    "score": 0.0,
    "step_idx": 38,
    "success": null,
    "target_pos": [
        -0.013360786287278083,
        0.07676931206928468
    ],
    "terminated": false,
    "truncated": false
}