{
    "action": [
        -0.5414878616302301,
        -0.45665235490279543
    ],
    "ep_idx": 1,
    "finger_pos": [
        0.1196509852116833,
        -0.20803857885290147
    ],
    "id": 3742661165853741360,
    "observation": [
        -1.0409616231918335,
        -0.015792757272720337,
        -0.13301177322864532,
        0.28480789065361023,
        0.31837764382362366,
        -0.8167659044265747
    ],
    "qpos": [
        -1.040961627382519,
        -0.01579275806510053
    ],
    "qvel": [
        0.3183776402188155,
        -0.816765924114947
    ],
    "render_time": 0.0018129348754882812,
    "reward": 0.0,
    "score": 0.0,
    "step_idx": 39,
    "success": null,
    "target_pos": [
        -0.013360786287278083,
        0.07676931206928468
    ],
    "terminated": false,
    "truncated": false
}