{
    "action": [
        -0.5692647663634558,
        0.7389069418357337
    ],
    "ep_idx": 1,
    "finger_pos": [
        0.11339101267762827,
        -0.2113499314188308
    ],
    "id": 3742661165853741360,
    "observation": [
        -1.0425961017608643,
        -0.07154843956232071,
        -0.12675179541110992,
        0.28811925649642944,
        -0.18177764117717743,
        -1.476266860961914
    ],
    "qpos": [
        -1.0425961072152148,
        -0.07154843688698505
    ],
    "qvel": [
        -0.18177763489129856,
        -1.4762668474842713
    ],
    "render_time": 0.0018224716186523438,
    "reward": 0.0,
    "score": 0.0,
    "step_idx": 40,
    "success": null,
    "target_pos": [
        -0.013360786287278083,
        0.07676931206928468
    ],
    "terminated": false,
    "truncated": false
}