{
    "action": [
        -0.408017428610419,
        0.6661460294373245
    ],
    "ep_idx": 1,
    "finger_pos": [
        0.11191797838816317,
        -0.21217289015043203
    ],
    "id": 3742661165853741360,
    "observation": [
        -1.1168746948242188,
        0.06294266879558563,
        -0.1252787709236145,
        0.2889421880245209,
        -2.029564619064331,
        3.7542929649353027
    ],
    "qpos": [
        -1.1168747314616336,
        0.06294267181802102
    ],
    "qvel": [
        -2.0295646910559713,
        3.754293005050918
    ],
    "render_time": 0.0018239021301269531,
    "reward": 0.0,
    "score": 0.0,
    "step_idx": 41,
    "success": null,
    "target_pos": [
        -0.013360786287278083,
        0.07676931206928468
    ],
    "terminated": false,
    "truncated": false
}