{
    "action": [
        0.287138596982204,
        -0.09232567114132317
    ],
    "ep_idx": 1,
    "finger_pos": [
        0.10936855153760225,
        -0.2122988158011439
    ],
    "id": 3742661165853741360,
    "observation": [
        -1.1945353746414185,
        0.1988871693611145,
        -0.1227293387055397,
        0.2890681326389313,
        -1.938615322113037,
        3.3657641410827637
    ],
    "qpos": [
        -1.194535402293027,
        0.198887163088304
    ],
    "qvel": [
        -1.938615293617908,
        3.36576402230897
    ],
    "render_time": 0.0018513202667236328,
    "reward": 0.0,
    "score": 0.0,
    "step_idx": 42,
    "success": null,
    "target_pos": [
        -0.013360786287278083,
        0.07676931206928468
    ],
    "terminated": false,
    "truncated": false
}