{
    "action": [
        -0.9901196228053937,
        -0.9102447755531273
    ],
    "ep_idx": 1,
    "finger_pos": [
        0.10395440396533917,
        -0.21525254766632526
    ],
    "id": 3742661165853741360,
    "observation": [
        -1.210355520248413,
        0.1789342314004898,
        -0.11731518805027008,
        0.29202187061309814,
        -0.1955357789993286,
        -0.803453803062439
    ],
    "qpos": [
        -1.2103554705111645,
        0.17893423851694956
    ],
    "qvel": [
        -0.1955357716309304,
        -0.8034538069751381
    ],
    "render_time": 0.0018231868743896484,
    "reward": 0.0,
    "score": 0.0,
    "step_idx": 43,
    "success": null,
    "target_pos": [
        -0.013360786287278083,
        0.07676931206928468
    ],
    "terminated": false,
    "truncated": false
}