{
    "action": [
        0.9090739112397808,
        0.33007061129334314
    ],
    "ep_idx": 1,
    "finger_pos": [
        0.08751193359881679,
        -0.22334950927441602
    ],
    "id": 3742661165853741360,
    "observation": [
        -1.2287331819534302,
        0.0627366453409195,
        -0.1008727177977562,
        0.3001188337802887,
        -0.6669039130210876,
        -3.1443889141082764
    ],
    "qpos": [
        -1.228733207806156,
        0.06273664736318343
    ],
    "qvel": [
        -0.6669038934215463,
        -3.1443888325453764
    ],
    "render_time": 0.0018520355224609375,
    "reward": 0.0,
    "score": 0.0,
    "step_idx": 44,
    "success": null,
    "target_pos": [
        -0.013360786287278083,
        0.07676931206928468
    ],
    "terminated": false,
    "truncated": false
}