{
    "action": [
        0.9878091294902778,
        0.9389913071421592
    ],
    "ep_idx": 1,
    "finger_pos": [
        0.08160502339928194,
        -0.22561509208187297
    ],
    "id": 3742661165853741360,
    "observation": [
        -1.2495760917663574,
        0.05167939513921738,
        -0.09496580809354782,
        0.3023844063282013,
        -0.29632633924484253,
        0.030865613371133804
    ],
    "qpos": [
        -1.2495761266651058,
        0.05167939337711002
    ],
    "qvel": [
        -0.29632632491360067,
        0.030865612590447067
    ],
    "render_time": 0.00182342529296875,
    "reward": 0.0,
    "score": 0.0,
    "step_idx": 45,
    "success": null,
    "target_pos": [
        -0.013360786287278083,
        0.07676931206928468
    ],
    "terminated": false,
    "truncated": false
}