{
    "action": [
        -0.06039825466074955,
        -0.8838543238451948
    ],
    "ep_idx": 1,
    "finger_pos": [
        0.09271159174216603,
        -0.2205036030435403
    ],
    "id": 3742661165853741360,
    "observation": [
        -1.2543867826461792,
        0.16320838034152985,
        -0.10607238113880157,
        0.2972729206085205,
        0.10890782624483109,
        3.0824742317199707
    ],
    "qpos": [
        -1.2543867847614034,
        0.16320838761062978
    ],
    "qvel": [
        0.10890782545226252,
        3.0824742824769804
    ],
    "render_time": 0.0018274784088134766,
    "reward": 0.0,
    "score": 0.0,
    "step_idx": 46,
    "success": null,
    "target_pos": [
        -0.013360786287278083,
        0.07676931206928468
    ],
    "terminated": false,
    "truncated": false
}