{
    "action": [
        -0.27136705201009437,
        -0.8421834389717047
    ],
    "ep_idx": 1,
    "finger_pos": [
        0.09368982712172393,
        -0.220899943742307
    ],
    "id": 3742661165853741360,
    "observation": [
        -1.190678358078003,
        0.042027514427900314,
        -0.10705061256885529,
        0.29766926169395447,
        1.6301528215408325,
        -3.5733225345611572
    ],
    "qpos": [
        -1.1906783530359135,
        0.04202751426491885
    ],
    "qvel": [
        1.6301528700776708,
        -3.573322553345028
    ],
    "render_time": 0.0018320083618164062,
    "reward": 0.0,
    "score": 0.0,
    "step_idx": 47,
    "success": null,
    "target_pos": [
        -0.013360786287278083,
        0.07676931206928468
    ],
    "terminated": false,
    "truncated": false
}