{
    "action": [
        -0.8094573457853342,
        -0.766556636009287
    ],
    "ep_idx": 1,
    "finger_pos": [
        0.08799753292631848,
        -0.22298268401138505
    ],
    "id": 3742661165853741360,
    "observation": [
        -1.1464611291885376,
        -0.0969187393784523,
        -0.1013583168387413,
        0.29975199699401855,
        0.9597783088684082,
        -3.4952845573425293
    ],
    "qpos": [
        -1.1464611659851323,
        -0.09691873614704408
    ],
    "qvel": [
        0.9597783291392501,
        -3.495284646555084
    ],
    "render_time": 0.001844167709350586,
    "reward": 0.0,
    "score": 0.0,
    "step_idx": 48,
    "success": null,
    "target_pos": [
        -0.013360786287278083,
        0.07676931206928468
    ],
    "terminated": false,
    "truncated": false
}