{
    "action": [
        -0.9310844094529518,
        0.9704800742141364
    ],
    "ep_idx": 1,
    "finger_pos": [
        0.0747195500664416,
        -0.22673768438824962
    ],
    "id": 3742661165853741360,
    "observation": [
        -1.149624228477478,
        -0.2056756615638733,
        -0.08808033913373947,
        0.303507000207901,
        -0.3298991024494171,
        -2.705500602722168
    ],
    "qpos": [
        -1.149624171740429,
        -0.20567566329938408
    ],
    "qvel": [
        -0.3298991065325442,
        -2.705500503334589
    ],
    "render_time": 0.0018613338470458984,
    "reward": 0.0,
    "score": 0.0,
    "step_idx": 49,
    "success": null,
    "target_pos": [
        -0.013360786287278083,
        0.07676931206928468
    ],
    "terminated": false,
    "truncated": false
}