{
    "action": [
        -0.7228287417918509,
        0.6919048406522419
    ],
    "ep_idx": 1,
    "finger_pos": [
        0.06917002340678918,
        -0.22979120500911515
    ],
    "id": 3742661165853741360,
    "observation": [
        -1.2642744779586792,
        -0.02827288769185543,
        -0.08253081142902374,
        0.3065605163574219,
        -3.1458139419555664,
        5.0336103439331055
    ],
    "qpos": [
        -1.2642744551025276,
        -0.02827288786071573
    ],
    "qvel": [
        -3.145813875520461,
        5.033610465949534
    ],
    "render_time": 0.0018489360809326172,
    "reward": 0.0,
    "score": 0.0,
    "step_idx": 50,
    "success": null,
    "target_pos": [
        -0.013360786287278083,
        0.07676931206928468
    ],
    "terminated": false,
    "truncated": false
}