{
    "action": [
        0.11899270878091728,
        0.6184804990618509
    ],
    "ep_idx": 1,
    "finger_pos": [
        0.0597822894987087,
        -0.2319521348575487
    ],
    "id": 3742661165853741360,
    "observation": [
        -1.380991816520691,
        0.12488236278295517,
        -0.07314307242631912,
        0.3087214529514313,
        -2.9288318157196045,
        3.7143285274505615
    ],
    "qpos": [
        -1.380991770970659,
        0.12488236495612569
    ],
    "qvel": [
        -2.928831718742298,
        3.7143285819879592
    ],
    "render_time": 0.0018198490142822266,
    "reward": 0.0,
    "score": 0.0,
    "step_idx": 51,
    "success": null,
    "target_pos": [
        -0.013360786287278083,
        0.07676931206928468
    ],
    "terminated": false,
    "truncated": false
}