{
    "action": [
        -0.5317690543666747,
        0.4315369605003916
    ],
    "ep_idx": 1,
    "finger_pos": [
        0.05212949109418128,
        -0.2327467522362398
    ],
    "id": 3742661165853741360,
    "observation": [
        -1.4618264436721802,
        0.22273774445056915,
        -0.06549027562141418,
        0.3095160722732544,
        -1.8400944471359253,
        2.3750803470611572
    ],
    "qpos": [
        -1.4618264242647323,
        0.22273773723091822
    ],
    "qvel": [
        -1.8400944377397923,
        2.3750803030114147
    ],
    "render_time": 0.0022382736206054688,
    "reward": 0.0,
    "score": 0.0,
    "step_idx": 52,
    "success": null,
    "target_pos": [
        -0.013360786287278083,
        0.07676931206928468
    ],
    "terminated": false,
    "truncated": false
}