{
    "action": [
        0.017851695081672503,
        -0.6263850851800354
    ],
    "ep_idx": 1,
    "finger_pos": [
        0.04437130082501955,
        -0.23280493187103296
    ],
    "id": 3742661165853741360,
    "observation": [
        -1.5408542156219482,
        0.31678682565689087,
        -0.05773208662867546,
        0.3095742464065552,
        -2.0162734985351562,
        2.338336706161499
    ],
    "qpos": [
        -1.5408542318821246,
        0.31678682927868734
    ],
    "qvel": [
        -2.0162734585676425,
        2.33833679299951
    ],
    "render_time": 0.003966331481933594,
    "reward": 0.0,
    "score": 0.0,
    "step_idx": 53,
    "success": null,
    "target_pos": [
        -0.013360786287278083,
        0.07676931206928468
    ],
    "terminated": false,
    "truncated": false
}