{
    "action": [
        -0.750616901776973,
        0.7067127152954618
    ],
    "ep_idx": 1,
    "finger_pos": [
        0.028467329848910553,
        -0.23693245827542808
    ],
    "id": 3742661165853741360,
    "observation": [
        -1.5578656196594238,
        0.213291198015213,
        -0.04182811453938484,
        0.3137017786502838,
        -0.26596665382385254,
        -3.026585102081299
    ],
    "qpos": [
        -1.557865567672842,
        0.21329119604484761
    ],
    "qvel": [
        -0.2659666510834086,
        -3.026585192905694
    ],
    "render_time": 0.0018393993377685547,
    "reward": 0.0,
    "score": 0.0,
    "step_idx": 54,
    "success": null,
    "target_pos": [
        -0.013360786287278083,
        0.07676931206928468
    ],
    "terminated": false,
    "truncated": false
}