{
    "action": [
        0.9740312165948379,
        0.945141440299619
    ],
    "ep_idx": 1,
    "finger_pos": [
        0.020224182034910006,
        -0.23574583431364649
    ],
    "id": 3742661165853741360,
    "observation": [
        -1.6534502506256104,
        0.3364650309085846,
        -0.033584967255592346,
        0.31251513957977295,
        -2.619734525680542,
        3.586282730102539
    ],
    "qpos": [
        -1.6534502989270443,
        0.3364650389917154
    ],
    "qvel": [
        -2.6197345808192645,
        3.586282756986434
    ],
    "render_time": 0.0018396377563476562,
    "reward": 0.0,
    "score": 0.0,
    "step_idx": 55,
    "success": null,
    "target_pos": [
        -0.013360786287278083,
        0.07676931206928468
    ],
    "terminated": false,
    "truncated": false
}