{
    "action": [
        -0.8573902851098616,
        -0.009886006245088952
    ],
    "ep_idx": 1,
    "finger_pos": [
        0.02265607450828854,
        -0.2327195163920709
    ],
    "id": 3742661165853741360,
    "observation": [
        -1.7011792659759521,
        0.45486143231391907,
        -0.036016859114170074,
        0.30948883295059204,
        -0.8184842467308044,
        2.9894683361053467
    ],
    "qpos": [
        -1.7011793090684997,
        0.4548614422116644
    ],
    "qvel": [
        -0.8184842559471539,
        2.9894682664172216
    ],
    "render_time": 0.001821756362915039,
    "reward": 0.0,
    "score": 0.0,
    "step_idx": 56,
    "success": null,
    "target_pos": [
        -0.013360786287278083,
        0.07676931206928468
    ],
    "terminated": false,
    "truncated": false
}