{
    "action": [
        0.45289255461771916,
        -0.3496518510630917
    ],
    "ep_idx": 1,
    "finger_pos": [
        0.019115011251081688,
        -0.23164986081503763
    ],
    "id": 3742661165853741360,
    "observation": [
        -1.7401748895645142,
        0.5034176111221313,
        -0.032475799322128296,
        0.3084191679954529,
        -1.1293444633483887,
        1.0040385723114014
    ],
    "qpos": [
        -1.7401748344936823,
        0.5034176173816982
    ],
    "qvel": [
        -1.1293444760319769,
        1.0040386036515305
    ],
    "render_time": 0.0018346309661865234,
    "reward": 0.0,
    "score": 0.0,
    "step_idx": 57,
    "success": null,
    "target_pos": [
        -0.013360786287278083,
        0.07676931206928468
    ],
    "terminated": false,
    "truncated": false
}