{
    "action": [
        0.9082211853707935,
        0.6765870976236283
    ],
    "ep_idx": 1,
    "finger_pos": [
        0.012028799580196418,
        -0.23421821296467912
    ],
    "id": 3742661165853741360,
    "observation": [
        -1.7334553003311157,
        0.4279422461986542,
        -0.02538958564400673,
        0.31098753213882446,
        0.3781082332134247,
        -2.1538894176483154
    ],
    "qpos": [
        -1.7334552967604442,
        0.42794224528008606
    ],
    "qvel": [
        0.37810824733647547,
        -2.153889320566796
    ],
    "render_time": 0.0018358230590820312,
    "reward": 0.0,
    "score": 0.0,
    "step_idx": 58,
    "success": null,
    "target_pos": [
        -0.013360786287278083,
        0.07676931206928468
    ],
    "terminated": false,
    "truncated": false
}