{
    "action": [
        -0.5492084217356255,
        0.7337090972721758
    ],
    "ep_idx": 1,
    "finger_pos": [
        0.020706576403492622,
        -0.23198147554112925
    ],
    "id": 3742661165853741360,
    "observation": [
        -1.7255531549453735,
        0.4875611364841461,
        -0.034067362546920776,
        0.30875077843666077,
        0.3623703122138977,
        1.8974515199661255
    ],
    "qpos": [
        -1.725553202766112,
        0.4875611245922049
    ],
    "qvel": [
        0.3623703229024933,
        1.8974515243637378
    ],
    "render_time": 0.0018401145935058594,
    "reward": 0.0,
    "score": 0.0,
    "step_idx": 59,
    "success": null,
    "target_pos": [
        -0.013360786287278083,
        0.07676931206928468
    ],
    "terminated": false,
    "truncated": false
}