{
    "action": [
        0.6884726492034245,
        0.9442756322978467
    ],
    "ep_idx": 1,
    "finger_pos": [
        0.03200063011624477,
        -0.22540655894984496
    ],
    "id": 3742661165853741360,
    "observation": [
        -1.751747727394104,
        0.6439548134803772,
        -0.045361414551734924,
        0.3021758794784546,
        -0.8255996704101562,
        4.073725700378418
    ],
    "qpos": [
        -1.751747674680832,
        0.6439548404583361
    ],
    "qvel": [
        -0.8255996819554239,
        4.073725552472692
    ],
    "render_time": 0.0018553733825683594,
    "reward": 0.0,
    "score": 0.0,
    "step_idx": 60,
    "success": null,
    "target_pos": [
        -0.013360786287278083,
        0.07676931206928468
    ],
    "terminated": false,
    "truncated": false
}