{
    "action": [
        -0.16394414070016672,
        0.7291706264251805
    ],
    "ep_idx": 1,
    "finger_pos": [
        0.04785061234670138,
        -0.21611237680385922
    ],
    "id": 3742661165853741360,
    "observation": [
        -1.7497626543045044,
        0.7937326431274414,
        -0.06121139973402023,
        0.29288169741630554,
        0.29045671224594116,
        3.75321102142334
    ],
    "qpos": [
        -1.749762681982466,
        0.7937326666333767
    ],
    "qvel": [
        0.29045672635480174,
        3.75321096205707
    ],
    "render_time": 0.001865386962890625,
    "reward": 0.0,
    "score": 0.0,
    "step_idx": 61,
    "success": null,
    "target_pos": [
        -0.013360786287278083,
        0.07676931206928468
    ],
    "terminated": false,
    "truncated": false
}