{
    "action": [
        0.133528703209419,
        0.6804553652332281
    ],
    "ep_idx": 1,
    "finger_pos": [
        0.06300329321231418,
        -0.2041453903832065
    ],
    "id": 3742661165853741360,
    "observation": [
        -1.7444779872894287,
        0.9460551738739014,
        -0.07636407762765884,
        0.28091469407081604,
        0.08930974453687668,
        3.8058247566223145
    ],
    "qpos": [
        -1.7444779986678656,
        0.9460551722218865
    ],
    "qvel": [
        0.0893097423003963,
        3.805824776808648
    ],
    "render_time": 0.0018384456634521484,
    "reward": 0.0,
    "score": 0.0,
    "step_idx": 62,
    "success": null,
    "target_pos": [
        -0.013360786287278083,
        0.07676931206928468
    ],
    "terminated": false,
    "truncated": false
}