{
    "action": [
        0.9204800469759724,
        0.4575582984680906
    ],
    "ep_idx": 1,
    "finger_pos": [
        0.07653030153903152,
        -0.19108247414111967
    ],
    "id": 3742661165853741360,
    "observation": [
        -1.7299466133117676,
        1.0801912546157837,
        -0.08989109098911285,
        0.2678517997264862,
        0.4212615191936493,
        3.3026187419891357
    ],
    "qpos": [
        -1.729946625867894,
        1.0801912436557208
    ],
    "qvel": [
        0.42126152695547914,
        3.3026188382541903
    ],
    "render_time": 0.0018415451049804688,
    "reward": 0.0,
    "score": 0.0,
    "step_idx": 63,
    "success": null,
    "target_pos": [
        -0.013360786287278083,
        0.07676931206928468
    ],
    "terminated": false,
    "truncated": false
}