{
    "action": [
        -0.9811604463132564,
        -0.30816326126515947
    ],
    "ep_idx": 1,
    "finger_pos": [
        0.09337535020961049,
        -0.1781083719590491
    ],
    "id": 3742661165853741360,
    "observation": [
        -1.6652634143829346,
        1.154670000076294,
        -0.10673613846302032,
        0.2548776865005493,
        1.9024714231491089,
        1.6900097131729126
    ],
    "qpos": [
        -1.6652634703576383,
        1.1546699685527635
    ],
    "qvel": [
        1.9024714685500668,
        1.6900097456503154
    ],
    "render_time": 0.0018410682678222656,
    "reward": 0.0,
    "score": 0.0,
    "step_idx": 64,
    "success": null,
    "target_pos": [
        -0.013360786287278083,
        0.07676931206928468
    ],
    "terminated": false,
    "truncated": false
}