{
    "action": [
        -0.7018911953453155,
        -0.34810927295508587
    ],
    "ep_idx": 1,
    "finger_pos": [
        0.09981284455518273,
        -0.1737702923322804
    ],
    "id": 3742661165853741360,
    "observation": [
        -1.6321073770523071,
        1.1653815507888794,
        -0.11317363381385803,
        0.2505396008491516,
        0.443964421749115,
        0.02424868568778038
    ],
    "qpos": [
        -1.6321073673432214,
        1.1653815534145497
    ],
    "qvel": [
        0.44396442460419794,
        0.024248686261809316
    ],
    "render_time": 0.001857757568359375,
    "reward": 0.0,
    "score": 0.0,
    "step_idx": 65,
    "success": null,
    "target_pos": [
        -0.013360786287278083,
        0.07676931206928468
    ],
    "terminated": false,
    "truncated": false
}