{
    "action": [
        -0.6078782525003161,
        -0.7710511040860579
    ],
    "ep_idx": 1,
    "finger_pos": [
        0.09671457236618505,
        -0.177548318521677
    ],
    "id": 3742661165853741360,
    "observation": [
        -1.6410506963729858,
        1.138073444366455,
        -0.11007536202669144,
        0.25431764125823975,
        -0.44461292028427124,
        -0.8198639154434204
    ],
    "qpos": [
        -1.6410506674091216,
        1.1380734747934884
    ],
    "qvel": [
        -0.44461293022314397,
        -0.8198639207988965
    ],
    "render_time": 0.0018382072448730469,
    "reward": 0.0,
    "score": 0.0,
    "step_idx": 66,
    "success": null,
    "target_pos": [
        -0.013360786287278083,
        0.07676931206928468
    ],
    "terminated": false,
    "truncated": false
}