{
    "action": [
        0.9992416184098432,
        -0.10243622606264458
    ],
    "ep_idx": 1,
    "finger_pos": [
        0.08560489324326792,
        -0.19042864300883702
    ],
    "id": 3742661165853741360,
    "observation": [
        -1.6640456914901733,
        1.031437873840332,
        -0.09896568208932877,
        0.26719796657562256,
        -0.6733930110931396,
        -2.972255229949951
    ],
    "qpos": [
        -1.6640456863308177,
        1.0314378813913032
    ],
    "qvel": [
        -0.6733930371093304,
        -2.972255334896567
    ],
    "render_time": 0.0018544197082519531,
    "reward": 0.0,
    "score": 0.0,
    "step_idx": 67,
    "success": null,
    "target_pos": [
        -0.013360786287278083,
        0.07676931206928468
    ],
    "terminated": false,
    "truncated": false
}