{
    "action": [
        0.9219857940664269,
        0.4048413170814935
    ],
    "ep_idx": 1,
    "finger_pos": [
        0.08166600253641111,
        -0.19730486041076914
    ],
    "id": 3742661165853741360,
    "observation": [
        -1.6523743867874146,
        0.9480319619178772,
        -0.09502679109573364,
        0.27407416701316833,
        0.5956054329872131,
        -1.8979923725128174
    ],
    "qpos": [
        -1.6523743296393762,
        0.9480319864406821
    ],
    "qvel": [
        0.5956054155877691,
        -1.8979924231833305
    ],
    "render_time": 0.001829385757446289,
    "reward": 0.0,
    "score": 0.0,
    "step_idx": 68,
    "success": null,
    "target_pos": [
        -0.013360786287278083,
        0.07676931206928468
    ],
    "terminated": false,
    "truncated": false
}