{
    "action": [
        -0.08953323120976786,
        0.20778451698140366
    ],
    "ep_idx": 1,
    "finger_pos": [
        0.08959001267577665,
        -0.1929081554775689
    ],
    "id": 3742661165853741360,
    "observation": [
        -1.6176568269729614,
        0.9632790088653564,
        -0.1029507964849472,
        0.26967746019363403,
        1.0498484373092651,
        0.7272229790687561
    ],
    "qpos": [
        -1.6176568120109418,
        0.9632789831224849
    ],
    "qvel": [
        1.0498484101652241,
        0.7272229853916565
    ],
    "render_time": 0.0018563270568847656,
    "reward": 0.0,
    "score": 0.0,
    "step_idx": 69,
    "success": null,
    "target_pos": [
        -0.013360786287278083,
        0.07676931206928468
    ],
    "terminated": false,
    "truncated": false
}