{
    "action": [
        -0.5037450325055459,
        -0.20892796771838928
    ],
    "ep_idx": 1,
    "finger_pos": [
        0.09796624485496089,
        -0.18576055078635062
    ],
    "id": 3742661165853741360,
    "observation": [
        -1.5907570123672485,
        1.0105420351028442,
        -0.11132702976465225,
        0.2625298500061035,
        0.5837404727935791,
        1.232084035873413
    ],
    "qpos": [
        -1.5907570608824462,
        1.0105420188776206
    ],
    "qvel": [
        0.5837404693922692,
        1.2320839795869765
    ],
    "render_time": 0.001850128173828125,
    "reward": 0.0,
    "score": 0.0,
    "step_idx": 70,
    "success": null,
    "target_pos": [
        -0.013360786287278083,
        0.07676931206928468
    ],
    "terminated": false,
    "truncated": false
}