{
    "action": [
        -0.3742753067837057,
        0.5767101625838422
    ],
    "ep_idx": 1,
    "finger_pos": [
        0.09985105589978097,
        -0.18469763335606487
    ],
    "id": 3742661165853741360,
    "observation": [
        -1.580883502960205,
        1.0113991498947144,
        -0.11321184039115906,
        0.26146695017814636,
        0.09122014790773392,
        -0.16951969265937805
    ],
    "qpos": [
        -1.5808835096568328,
        1.0113991963961948
    ],
    "qvel": [
        0.09122014756421443,
        -0.1695196997441089
    ],
    "render_time": 0.001837015151977539,
    "reward": 0.0,
    "score": 0.0,
    "step_idx": 71,
    "success": null,
    "target_pos": [
        -0.013360786287278083,
        0.07676931206928468
    ],
    "terminated": false,
    "truncated": false
}