{
    "action": [
        0.4671830596015789,
        -0.27554989666024277
    ],
    "ep_idx": 1,
    "finger_pos": [
        0.09966279740338167,
        -0.17814338227977483
    ],
    "id": 3742661165853741360,
    "observation": [
        -1.614532232284546,
        1.1076149940490723,
        -0.11302358657121658,
        0.25491270422935486,
        -0.9959319233894348,
        2.740964889526367
    ],
    "qpos": [
        -1.6145322599132745,
        1.1076150433295437
    ],
    "qvel": [
        -0.995931939804545,
        2.7409649164547654
    ],
    "render_time": 0.0018472671508789062,
    "reward": 0.0,
    "score": 0.0,
    "step_idx": 72,
    "success": null,
    "target_pos": [
        -0.013360786287278083,
        0.07676931206928468
    ],
    "terminated": false,
    "truncated": false
}