{
    "action": [
        -0.16644277985895117,
        -0.6676194075576338
    ],
    "ep_idx": 1,
    "finger_pos": [
        0.10071246278080014,
        -0.1798153519258853
    ],
    "id": 3742661165853741360,
    "observation": [
        -1.5982248783111572,
        1.0759680271148682,
        -0.114073246717453,
        0.25658467411994934,
        0.6679500937461853,
        -1.276365041732788
    ],
    "qpos": [
        -1.5982248319420875,
        1.0759679872330228
    ],
    "qvel": [
        0.6679501069692942,
        -1.2763650854337536
    ],
    "render_time": 0.0018422603607177734,
    "reward": 0.0,
    "score": 0.0,
    "step_idx": 73,
    "success": null,
    "target_pos": [
        -0.013360786287278083,
        0.07676931206928468
    ],
    "terminated": false,
    "truncated": false
}