{
    "action": [
        -0.6199571774443351,
        -0.4073869895079876
    ],
    "ep_idx": 1,
    "finger_pos": [
        0.09889181292506445,
        -0.18769935758341943
    ],
    "id": 3742661165853741360,
    "observation": [
        -1.5723615884780884,
        0.9729430079460144,
        -0.1122526004910469,
        0.2644686698913574,
        0.5915411710739136,
        -2.7808287143707275
    ],
    "qpos": [
        -1.5723616377976946,
        0.9729430251647991
    ],
    "qvel": [
        0.5915411435170855,
        -2.7808287491612607
    ],
    "render_time": 0.0018460750579833984,
    "reward": 0.0,
    "score": 0.0,
    "step_idx": 74,
    "success": null,
    "target_pos": [
        -0.013360786287278083,
        0.07676931206928468
    ],
    "terminated": false,
    "truncated": false
}