{
    "action": [
        -0.4896487550813444,
        -0.501762181222638
    ],
    "ep_idx": 1,
    "finger_pos": [
        0.09152611285474259,
        -0.1953340396545013
    ],
    "id": 3742661165853741360,
    "observation": [
        -1.5863693952560425,
        0.9075109958648682,
        -0.10488689690828323,
        0.27210333943367004,
        -0.5743491053581238,
        -1.502496361732483
    ],
    "qpos": [
        -1.5863694038673222,
        0.907511024112428
    ],
    "qvel": [
        -0.5743491261817585,
        -1.502496373851504
    ],
    "render_time": 0.0018312931060791016,
    "reward": 0.0,
    "score": 0.0,
    "step_idx": 75,
    "success": null,
    "target_pos": [
        -0.013360786287278083,
        0.07676931206928468
    ],
    "terminated": false,
    "truncated": false
}