{
    "action": [
        0.3185493083622297,
        -0.3021200810672804
    ],
    "ep_idx": 1,
    "finger_pos": [
        0.07874262066113949,
        -0.20509981900337282
    ],
    "id": 3742661165853741360,
    "observation": [
        -1.6185212135314941,
        0.828591525554657,
        -0.09210340678691864,
        0.28186914324760437,
        -0.8886941075325012,
        -2.0548901557922363
    ],
    "qpos": [
        -1.618521204145371,
        0.828591527097799
    ],
    "qvel": [
        -0.8886941164002109,
        -2.0548902257267594
    ],
    "render_time": 0.0018589496612548828,
    "reward": 0.0,
    "score": 0.0,
    "step_idx": 76,
    "success": null,
    "target_pos": [
        -0.013360786287278083,
        0.07676931206928468
    ],
    "terminated": false,
    "truncated": false
}