{
    "action": [
        0.2677354448538529,
        0.05413439425616984
    ],
    "ep_idx": 1,
    "finger_pos": [
        0.06794827520226003,
        -0.21299688404755138
    ],
    "id": 3742661165853741360,
    "observation": [
        -1.6341296434402466,
        0.7442771196365356,
        -0.08130905777215958,
        0.28976619243621826,
        -0.2511255145072937,
        -2.0870213508605957
    ],
    "qpos": [
        -1.634129647438192,
        0.744277119804827
    ],
    "qvel": [
        -0.25112550424524605,
        -2.0870212555566923
    ],
    "render_time": 0.0018537044525146484,
    "reward": 0.0,
    "score": 0.0,
    "step_idx": 77,
    "success": null,
    "target_pos": [
        -0.013360786287278083,
        0.07676931206928468
    ],
    "terminated": false,
    "truncated": false
}