{
    "action": [
        0.06727097659269421,
        -0.8858842130290181
    ],
    "ep_idx": 1,
    "finger_pos": [
        0.06322104169251698,
        -0.21544083438460832
    ],
    "id": 3742661165853741360,
    "observation": [
        -1.646420955657959,
        0.722122311592102,
        -0.07658182829618454,
        0.2922101318836212,
        -0.24962109327316284,
        -0.34757718443870544
    ],
    "qpos": [
        -1.6464209397413536,
        0.7221222982306036
    ],
    "qvel": [
        -0.2496210934817717,
        -0.34757719700195605
    ],
    "render_time": 0.0018537044525146484,
    "reward": 0.0,
    "score": 0.0,
    "step_idx": 78,
    "success": null,
    "target_pos": [
        -0.013360786287278083,
        0.07676931206928468
    ],
    "terminated": false,
    "truncated": false
}