{
    "action": [
        0.15049990251382517,
        0.05634712019463528
    ],
    "ep_idx": 1,
    "finger_pos": [
        0.05424802634145735,
        -0.2236394193276986
    ],
    "id": 3742661165853741360,
    "observation": [
        -1.620684027671814,
        0.5757210850715637,
        -0.06760881096124649,
        0.3004087209701538,
        0.7390637993812561,
        -4.062675952911377
    ],
    "qpos": [
        -1.6206840665067705,
        0.57572107454833
    ],
    "qvel": [
        0.739063808077622,
        -4.062676149287471
    ],
    "render_time": 0.0018873214721679688,
    "reward": 0.0,
    "score": 0.0,
    "step_idx": 79,
    "success": null,
    "target_pos": [
        -0.013360786287278083,
        0.07676931206928468
    ],
    "terminated": false,
    "truncated": false
}