{
    "action": [
        0.7808420808365297,
        -0.0920086367541979
    ],
    "ep_idx": 1,
    "finger_pos": [
        0.05098719853946715,
        -0.22525891984860996
    ],
    "id": 3742661165853741360,
    "observation": [
        -1.6235774755477905,
        0.5507588982582092,
        -0.06434798240661621,
        0.30202823877334595,
        -0.124390609562397,
        -0.23428189754486084
    ],
    "qpos": [
        -1.6235774162587053,
        0.5507588841095871
    ],
    "qvel": [
        -0.12439061262386619,
        -0.23428189037919778
    ],
    "render_time": 0.0018551349639892578,
    "reward": 0.0,
    "score": 0.0,
    "step_idx": 80,
    "success": null,
    "target_pos": [
        -0.013360786287278083,
        0.07676931206928468
    ],
    "terminated": false,
    "truncated": false
}