{
    "action": [
        -0.48694826248242284,
        -0.7594441307340851
    ],
    "ep_idx": 1,
    "finger_pos": [
        0.053265288484304715,
        -0.22627228022302864
    ],
    "id": 3742661165853741360,
    "observation": [
        -1.5909761190414429,
        0.5027482509613037,
        -0.06662607192993164,
        0.30304160714149475,
        1.0323747396469116,
        -1.2657644748687744
    ],
    "qpos": [
        -1.5909761458744245,
        0.5027482708165235
    ],
    "qvel": [
        1.0323747631212559,
        -1.265764434660405
    ],
    "render_time": 0.0018877983093261719,
    "reward": 0.0,
    "score": 0.0,
    "step_idx": 81,
    "success": null,
    "target_pos": [
        -0.013360786287278083,
        0.07676931206928468
    ],
    "terminated": false,
    "truncated": false
}