{
    "action": [
        0.19339569321587757,
        0.14058025584033507
    ],
    "ep_idx": 1,
    "finger_pos": [
        0.048870760092851497,
        -0.23014002055092764
    ],
    "id": 3742661165853741360,
    "observation": [
        -1.5603798627853394,
        0.39765527844429016,
        -0.06223154813051224,
        0.30690932273864746,
        0.6111552119255066,
        -2.8044686317443848
    ],
    "qpos": [
        -1.5603799097442121,
        0.3976552845907522
    ],
    "qvel": [
        0.6111552148262811,
        -2.804468573122561
    ],
    "render_time": 0.0018520355224609375,
    "reward": 0.0,
    "score": 0.0,
    "step_idx": 82,
    "success": null,
    "target_pos": [
        -0.013360786287278083,
        0.07676931206928468
    ],
    "terminated": false,
    "truncated": false
}