{
    "action": [
        -0.47307524049159033,
        0.5688797454337313
    ],
    "ep_idx": 1,
    "finger_pos": [
        0.048620437929297135,
        -0.2302256287742765
    ],
    "id": 3742661165853741360,
    "observation": [
        -1.5608222484588623,
        0.3963075876235962,
        -0.06198122352361679,
        0.3069949448108673,
        -0.027459213510155678,
        0.24657860398292542
    ],
    "qpos": [
        -1.5608222520766835,
        0.3963075782313018
    ],
    "qvel": [
        -0.027459212710621607,
        0.24657860961228173
    ],
    "render_time": 0.0018525123596191406,
    "reward": 0.0,
    "score": 0.0,
    "step_idx": 83,
    "success": null,
    "target_pos": [
        -0.013360786287278083,
        0.07676931206928468
    ],
    "terminated": false,
    "truncated": false
}