{
    "action": [
        -0.4713793214371167,
        -0.9263309175623886
    ],
    "ep_idx": 1,
    "finger_pos": [
        0.0511183797546303,
        -0.22657066281496385
    ],
    "id": 3742661165853741360,
    "observation": [
        -1.603455662727356,
        0.5091236233711243,
        -0.06447916477918625,
        0.30333998799324036,
        -1.2080074548721313,
        3.03971004486084
    ],
    "qpos": [
        -1.603455706355451,
        0.5091235941994579
    ],
    "qvel": [
        -1.2080074074889506,
        3.0397101120935512
    ],
    "render_time": 0.0018739700317382812,
    "reward": 0.0,
    "score": 0.0,
    "step_idx": 84,
    "success": null,
    "target_pos": [
        -0.013360786287278083,
        0.07676931206928468
    ],
    "terminated": false,
    "truncated": false
}