{
    "action": [
        -0.7795086122624146,
        0.14615598200612734
    ],
    "ep_idx": 1,
    "finger_pos": [
        0.03887376941108976,
        -0.23216114498478072
    ],
    "id": 3742661165853741360,
    "observation": [
        -1.6011403799057007,
        0.3924960792064667,
        -0.05223455652594566,
        0.3089304566383362,
        0.08254488557577133,
        -3.547178030014038
    ],
    "qpos": [
        -1.601140394233412,
        0.3924960925574774
    ],
    "qvel": [
        0.08254488411003649,
        -3.5471779790711686
    ],
    "render_time": 0.0018467903137207031,
    "reward": 0.0,
    "score": 0.0,
    "step_idx": 85,
    "success": null,
    "target_pos": [
        -0.013360786287278083,
        0.07676931206928468
    ],
    "terminated": false,
    "truncated": false
}