{
    "action": [
        -0.31546874828450466,
        0.8030944352924445
    ],
    "ep_idx": 1,
    "finger_pos": [
        0.026792057248628334,
        -0.23316770595272363
    ],
    "id": 3742661165853741360,
    "observation": [
        -1.6669024229049683,
        0.42101797461509705,
        -0.04015284404158592,
        0.3099370300769806,
        -1.8930548429489136,
        1.0924841165542603
    ],
    "qpos": [
        -1.6669023717879792,
        0.4210179610915966
    ],
    "qvel": [
        -1.8930548603953974,
        1.0924841517292483
    ],
    "render_time": 0.00183868408203125,
    "reward": 0.0,
    "score": 0.0,
    "step_idx": 86,
    "success": null,
    "target_pos": [
        -0.013360786287278083,
        0.07676931206928468
    ],
    "terminated": false,
    "truncated": false
}