{
    "action": [
        -0.9273022238313215,
        -0.8440715246371813
    ],
    "ep_idx": 1,
    "finger_pos": [
        0.01967207243218792,
        -0.22996237221804564
    ],
    "id": 3742661165853741360,
    "observation": [
        -1.7632046937942505,
        0.5554906725883484,
        -0.0330328568816185,
        0.3067316710948944,
        -2.4187755584716797,
        3.5796542167663574
    ],
    "qpos": [
        -1.7632046839408033,
        0.5554906879003638
    ],
    "qvel": [
        -2.418775661275801,
        3.5796541416185272
    ],
    "render_time": 0.0018754005432128906,
    "reward": 0.0,
    "score": 0.0,
    "step_idx": 87,
    "success": null,
    "target_pos": [
        -0.013360786287278083,
        0.07676931206928468
    ],
    "terminated": false,
    "truncated": false
}