{
    "action": [
        -0.48658252861254336,
        0.22072363628450686
    ],
    "ep_idx": 1,
    "finger_pos": [
        -0.003629058781306177,
        -0.23352358052690364
    ],
    "id": 3742661165853741360,
    "observation": [
        -1.8186662197113037,
        0.4646613895893097,
        -0.00973172765225172,
        0.31029289960861206,
        -1.412450909614563,
        -2.9166409969329834
    ],
    "qpos": [
        -1.8186662048744047,
        0.4646613813765068
    ],
    "qvel": [
        -1.4124509441169772,
        -2.9166410641252414
    ],
    "render_time": 0.0018610954284667969,
    "reward": 0.0,
    "score": 0.0,
    "step_idx": 88,
    "success": null,
    "target_pos": [
        -0.013360786287278083,
        0.07676931206928468
    ],
    "terminated": false,
    "truncated": false
}