{
    "action": [
        0.7154279075804149,
        -0.28958711469866816
    ],
    "ep_idx": 1,
    "finger_pos": [
        -0.023747919623565178,
        -0.2318031537405552
    ],
    "id": 3742661165853741360,
    "observation": [
        -1.9147166013717651,
        0.4836556613445282,
        0.010387132875621319,
        0.3085724711418152,
        -2.4979398250579834,
        0.8150572776794434
    ],
    "qpos": [
        -1.9147166175647918,
        0.4836556540687347
    ],
    "qvel": [
        -2.497939759038152,
        0.8150573070706311
    ],
    "render_time": 0.0018854141235351562,
    "reward": 0.0,
    "score": 0.0,
    "step_idx": 89,
    "success": null,
    "target_pos": [
        -0.013360786287278083,
        0.07676931206928468
    ],
    "terminated": false,
    "truncated": false
}