{
    "action": [
        -0.5931193720790868,
        0.30642940402544117
    ],
    "ep_idx": 1,
    "finger_pos": [
        -0.04095789517581499,
        -0.23178207519537894
    ],
    "id": 3742661165853741360,
    "observation": [
        -1.9423775672912598,
        0.39335647225379944,
        0.027597108855843544,
        0.3085514008998871,
        -0.34482473134994507,
        -2.505220413208008
    ],
    "qpos": [
        -1.9423776116796703,
        0.3933564669141105
    ],
    "qvel": [
        -0.3448247397433907,
        -2.5052203582427794
    ],
    "render_time": 0.001859426498413086,
    "reward": 0.0,
    "score": 0.0,
    "step_idx": 90,
    "success": null,
    "target_pos": [
        -0.013360786287278083,
        0.07676931206928468
    ],
    "terminated": false,
    "truncated": false
}