{
    "action": [
        -0.9874465058390098,
        -0.008723996806252465
    ],
    "ep_idx": 1,
    "finger_pos": [
        -0.05069095917183056,
        -0.22853379490637624
    ],
    "id": 3742661165853741360,
    "observation": [
        -2.0114879608154297,
        0.44483205676078796,
        0.03733017295598984,
        0.30530309677124023,
        -1.9032225608825684,
        1.6299335956573486
    ],
    "qpos": [
        -2.0114879375575807,
        0.4448320619627265
    ],
    "qvel": [
        -1.9032225991512393,
        1.6299336163328788
    ],
    "render_time": 0.0018451213836669922,
    "reward": 0.0,
    "score": 0.0,
    "step_idx": 91,
    "success": null,
    "target_pos": [
        -0.013360786287278083,
        0.07676931206928468
    ],
    "terminated": false,
    "truncated": false
}