{
    "action": [
        0.5607583368942219,
        -0.026087493182785915
    ],
    "ep_idx": 1,
    "finger_pos": [
        -0.06686966303685875,
        -0.22335758375139034
    ],
    "id": 3742661165853741360,
    "observation": [
        -2.1011343002319336,
        0.47889286279678345,
        0.053508877754211426,
        0.30012691020965576,
        -2.3842742443084717,
        0.7377206683158875
    ],
    "qpos": [
        -2.101134226948228,
        0.4788928738412446
    ],
    "qvel": [
        -2.384274256359592,
        0.7377206930040109
    ],
    "render_time": 0.001867532730102539,
    "reward": 0.0,
    "score": 0.0,
    "step_idx": 92,
    "success": null,
    "target_pos": [
        -0.013360786287278083,
        0.07676931206928468
    ],
    "terminated": false,
    "truncated": false
}