{
    "action": [
        -0.6557870536368031,
        0.32263843337357767
    ],
    "ep_idx": 1,
    "finger_pos": [
        -0.0811390744597084,
        -0.21977618786356853
    ],
    "id": 3742661165853741360,
    "observation": [
        -2.14330792427063,
        0.4376894235610962,
        0.06777828931808472,
        0.29654550552368164,
        -0.7722803354263306,
        -1.1500908136367798
    ],
    "qpos": [
        -2.143307926037086,
        0.43768943468533206
    ],
    "qvel": [
        -0.7722803186121289,
        -1.1500907965920428
    ],
    "render_time": 0.001867055892944336,
    "reward": 0.0,
    "score": 0.0,
    "step_idx": 93,
    "success": null,
    "target_pos": [
        -0.013360786287278083,
        0.07676931206928468
    ],
    "terminated": false,
    "truncated": false
}