{
    "action": [
        0.2356719054292722,
        0.4301100936406155
    ],
    "ep_idx": 1,
    "finger_pos": [
        -0.08995825877783288,
        -0.21441933065534338
    ],
    "id": 3742661165853741360,
    "observation": [
        -2.218262195587158,
        0.5004517436027527,
        0.07659747451543808,
        0.29118865728378296,
        -2.0325934886932373,
        1.8102917671203613
    ],
    "qpos": [
        -2.218262170509454,
        0.5004517503350059
    ],
    "qvel": [
        -2.032593435570696,
        1.8102917270321262
    ],
    "render_time": 0.0018677711486816406,
    "reward": 0.0,
    "score": 0.0,
    "step_idx": 94,
    "success": null,
    "target_pos": [
        -0.013360786287278083,
        0.07676931206928468
    ],
    "terminated": false,
    "truncated": false
}