{
    "action": [
        -0.10617353864948398,
        -0.5148133947635583
    ],
    "ep_idx": 1,
    "finger_pos": [
        -0.09498200864456569,
        -0.21028116710379952
    ],
    "id": 3742661165853741360,
    "observation": [
        -2.2737843990325928,
        0.5574583411216736,
        0.08162122219800949,
        0.2870504856109619,
        -1.2239528894424438,
        1.423209547996521
    ],
    "qpos": [
        -2.2737843623035134,
        0.5574583310002696
    ],
    "qvel": [
        -1.2239528787373009,
        1.4232095285542345
    ],
    "render_time": 0.0018608570098876953,
    "reward": 0.0,
    "score": 0.0,
    "step_idx": 95,
    "success": null,
    "target_pos": [
        -0.013360786287278083,
        0.07676931206928468
    ],
    "terminated": false,
    "truncated": false
}