{
    "action": [
        -0.3229755616527501,
        -0.2132376388482511
    ],
    "ep_idx": 1,
    "finger_pos": [
        -0.10644545326523751,
        -0.20737573057027203
    ],
    "id": 3742661165853741360,
    "observation": [
        -2.2854056358337402,
        0.4807608127593994,
        0.0930846706032753,
        0.2841450572013855,
        -0.20591600239276886,
        -2.2703168392181396
    ],
    "qpos": [
        -2.285405698285613,
        0.4807608128819587
    ],
    "qvel": [
        -0.2059159975447544,
        -2.270316860899225
    ],
    "render_time": 0.0018622875213623047,
    "reward": 0.0,
    "score": 0.0,
    "step_idx": 96,
    "success": null,
    "target_pos": [
        -0.013360786287278083,
        0.07676931206928468
    ],
    "terminated": false,
    "truncated": false
}