{
    "action": [
        -0.6488332643682817,
        -0.31628707556602276
    ],
    "ep_idx": 1,
    "finger_pos": [
        -0.11732299524128809,
        -0.20273020158727093
    ],
    "id": 3742661165853741360,
    "observation": [
        -2.315117359161377,
        0.4393986463546753,
        0.10396220535039902,
        0.27949950098991394,
        -0.8283413052558899,
        -0.9182547926902771
    ],
    "qpos": [
        -2.3151173267612983,
        0.43939866105246417
    ],
    "qvel": [
        -0.8283413175644476,
        -0.9182547920353079
    ],
    "render_time": 0.0018622875213623047,
    "reward": 0.0,
    "score": 0.0,
    "step_idx": 97,
    "success": null,
    "target_pos": [
        -0.013360786287278083,
        0.07676931206928468
    ],
    "terminated": false,
    "truncated": false
}