{
    "action": [
        0.8872027272372436,
        -0.5354414161932859
    ],
    "ep_idx": 1,
    "finger_pos": [
        -0.13149457730078146,
        -0.19502877616202036
    ],
    "id": 3742661165853741360,
    "observation": [
        -2.3639960289001465,
        0.39995622634887695,
        0.1181337907910347,
        0.2717980742454529,
        -1.3388783931732178,
        -1.0193367004394531
    ],
    "qpos": [
        -2.363996089349595,
        0.3999562391423042
    ],
    "qvel": [
        -1.338878377846314,
        -1.0193367346980582
    ],
    "render_time": 0.0018503665924072266,
    "reward": 0.0,
    "score": 0.0,
    "step_idx": 98,
    "success": null,
    "target_pos": [
        -0.013360786287278083,
        0.07676931206928468
    ],
    "terminated": false,
    "truncated": false
}