{
    "action": [
        0.9995731119137448,
        0.6561080195976494
    ],
    "ep_idx": 1,
    "finger_pos": [
        -0.14457116457775332,
        -0.18907323559817207
    ],
    "id": 3742661165853741360,
    "observation": [
        -2.352409839630127,
        0.2576287090778351,
        0.13121037185192108,
        0.2658425569534302,
        0.610186755657196,
        -3.7500059604644775
    ],
    "qpos": [
        -2.352409743992116,
        0.2576286961201833
    ],
    "qvel": [
        0.6101867694244398,
        -3.7500059008706113
    ],
    "render_time": 0.0018715858459472656,
    "reward": 0.0,
    "score": 0.0,
    "step_idx": 99,
    "success": null,
    "target_pos": [
        -0.013360786287278083,
        0.07676931206928468
    ],
    "terminated": false,
    "truncated": false
}