{
    "action": [
        -0.4256881172377034,
        0.965423816102335
    ],
    "ep_idx": 1,
    "finger_pos": [
        -0.13886800368272256,
        -0.1923875377868257
    ],
    "id": 3742661165853741360,
    "observation": [
        -2.3469736576080322,
        0.30192139744758606,
        0.12550722062587738,
        0.2691568434238434,
        0.2988148033618927,
        1.6046597957611084
    ],
    "qpos": [
        -2.346973679502431,
        0.30192139608259444
    ],
    "qvel": [
        0.29881481426803025,
        1.6046598240914725
    ],
    "render_time": 0.0018494129180908203,
    "reward": 0.0,
    "score": 0.0,
    "step_idx": 100,
    "success": null,
    "target_pos": [
        -0.013360786287278083,
        0.07676931206928468
    ],
    "terminated": false,
    "truncated": false
}