{
    "action": [
        -0.6328644128127958,
        0.4269653328270724
    ],
    "ep_idx": 1,
    "finger_pos": [
        -0.12487622918303724,
        -0.19648991271416386
    ],
    "id": 3742661165853741360,
    "observation": [
        -2.382261037826538,
        0.4906509220600128,
        0.11151544004678726,
        0.2732592225074768,
        -1.021820306777954,
        4.967721939086914
    ],
    "qpos": [
        -2.382261032152935,
        0.49065091598768906
    ],
    "qvel": [
        -1.0218202684887336,
        4.967721770602873
    ],
    "render_time": 0.0018684864044189453,
    "reward": 0.0,
    "score": 0.0,
    "step_idx": 101,
    "success": null,
    "target_pos": [
        -0.013360786287278083,
        0.07676931206928468
    ],
    "terminated": false,
    "truncated": false
}