{
    "action": [
        -0.5296725505269069,
        -0.6662339255144969
    ],
    "ep_idx": 1,
    "finger_pos": [
        -0.11779608456425769,
        -0.19613624056468687
    ],
    "id": 3742661165853741360,
    "observation": [
        -2.418473720550537,
        0.6136586666107178,
        0.10443529486656189,
        0.272905558347702,
        -0.9911055564880371,
        2.871284008026123
    ],
    "qpos": [
        -2.418473694800413,
        0.6136586570180059
    ],
    "qvel": [
        -0.991105553424543,
        2.8712841089975365
    ],
    "render_time": 0.0018610954284667969,
    "reward": 0.0,
    "score": 0.0,
    "step_idx": 102,
    "success": null,
    "target_pos": [
        -0.013360786287278083,
        0.07676931206928468
    ],
    "terminated": false,
    "truncated": false
}