{
    "action": [
        -0.844572436185943,
        -0.9707944203194052
    ],
    "ep_idx": 1,
    "finger_pos": [
        -0.12716942802658918,
        -0.19306133474977433
    ],
    "id": 3742661165853741360,
    "observation": [
        -2.4251906871795654,
        0.5438551902770996,
        0.11380863934755325,
        0.2698306441307068,
        -0.1855103075504303,
        -2.2692723274230957
    ],
    "qpos": [
        -2.4251905767996784,
        0.5438551866821318
    ],
    "qvel": [
        -0.18551030270580182,
        -2.269272385859309
    ],
    "render_time": 0.0018546581268310547,
    "reward": 0.0,
    "score": 0.0,
    "step_idx": 103,
    "success": null,
    "target_pos": [
        -0.013360786287278083,
        0.07676931206928468
    ],
    "terminated": false,
    "truncated": false
}