{
    "action": [
        -0.8430165896650712,
        -0.49688193959863414
    ],
    "ep_idx": 1,
    "finger_pos": [
        -0.1471545884450306,
        -0.18347402845032595
    ],
    "id": 3742661165853741360,
    "observation": [
        -2.4472005367279053,
        0.40083417296409607,
        0.13379380106925964,
        0.26024332642555237,
        -0.722727358341217,
        -3.760807752609253
    ],
    "qpos": [
        -2.447200595099601,
        0.40083416638681874
    ],
    "qvel": [
        -0.7227273352881542,
        -3.7608077016159998
    ],
    "render_time": 0.001863718032836914,
    "reward": 0.0,
    "score": 0.0,
    "step_idx": 104,
    "success": null,
    "target_pos": [
        -0.013360786287278083,
        0.07676931206928468
    ],
    "terminated": false,
    "truncated": false
}