{
    "action": [
        0.15663040612203027,
        0.002534161858537942
    ],
    "ep_idx": 1,
    "finger_pos": [
        -0.1676120924802746,
        -0.16750750645031692
    ],
    "id": 3742661165853741360,
    "observation": [
        -2.5156989097595215,
        0.31838470697402954,
        0.1542513072490692,
        0.24427682161331177,
        -1.9014781713485718,
        -1.923905849456787
    ],
    "qpos": [
        -2.5156989227776756,
        0.31838469381872647
    ],
    "qvel": [
        -1.901478221902709,
        -1.9239058557206092
    ],
    "render_time": 0.0018508434295654297,
    "reward": 0.0,
    "score": 0.0,
    "step_idx": 105,
    "success": null,
    "target_pos": [
        -0.013360786287278083,
        0.07676931206928468
    ],
    "terminated": false,
    "truncated": false
}