{
    "action": [
        0.9400786538020136,
        0.2226127352721412
    ],
    "ep_idx": 1,
    "finger_pos": [
        -0.18187041746510288,
        -0.15294248666960675
    ],
    "id": 3742661165853741360,
    "observation": [
        -2.5830166339874268,
        0.28127166628837585,
        0.16850963234901428,
        0.22971180081367493,
        -1.5626368522644043,
        -0.7988543510437012
    ],
    "qpos": [
        -2.5830165759622994,
        0.28127166908430196
    ],
    "qvel": [
        -1.5626368937012538,
        -0.7988543348874434
    ],
    "render_time": 0.001863241195678711,
    "reward": 0.0,
    "score": 0.0,
    "step_idx": 106,
    "success": null,
    "target_pos": [
        -0.013360786287278083,
        0.07676931206928468
    ],
    "terminated": false,
    "truncated": false
}