{
    "action": [
        0.5330997844751906,
        0.5312820208546429
    ],
    "ep_idx": 1,
    "finger_pos": [
        -0.18714540014050998,
        -0.14700309275868073
    ],
    "id": 3742661165853741360,
    "observation": [
        -2.605668306350708,
        0.25982722640037537,
        0.17378461360931396,
        0.22377240657806396,
        -0.2642909586429596,
        -0.4404166042804718
    ],
    "qpos": [
        -2.6056682820358685,
        0.25982723753511777
    ],
    "qvel": [
        -0.26429095853636153,
        -0.44041660036598407
    ],
    "render_time": 0.0018527507781982422,
    "reward": 0.0,
    "score": 0.0,
    "step_idx": 107,
    "success": null,
    "target_pos": [
        -0.013360786287278083,
        0.07676931206928468
    ],
    "terminated": false,
    "truncated": false
}