{
    "action": [
        0.9856170186116573,
        0.4835288175232284
    ],
    "ep_idx": 1,
    "finger_pos": [
        -0.1834142931673004,
        -0.1500015678935677
    ],
    "id": 3742661165853741360,
    "observation": [
        -2.6158926486968994,
        0.3196362853050232,
        0.17005351185798645,
        0.22677087783813477,
        -0.1314150094985962,
        1.7028363943099976
    ],
    "qpos": [
        -2.6158925332087932,
        0.31963628567041713
    ],
    "qvel": [
        -0.13141500374001297,
        1.702836389829517
    ],
    "render_time": 0.0018439292907714844,
    "reward": 0.0,
    "score": 0.0,
    "step_idx": 108,
    "success": null,
    "target_pos": [
        -0.013360786287278083,
        0.07676931206928468
    ],
    "terminated": false,
    "truncated": false
}