{
    "action": [
        -0.30888290887760905,
        -0.7336349276855381
    ],
    "ep_idx": 1,
    "finger_pos": [
        -0.1735307422648778,
        -0.15982367215071486
    ],
    "id": 3742661165853741360,
    "observation": [
        -2.5820257663726807,
        0.36947181820869446,
        0.16016995906829834,
        0.23659297823905945,
        1.1021634340286255,
        1.2554618120193481
    ],
    "qpos": [
        -2.5820258532118947,
        0.36947180659733697
    ],
    "qvel": [
        1.1021634886195855,
        1.2554617700605462
    ],
    "render_time": 0.0018651485443115234,
    "reward": 0.0,
    "score": 0.0,
    "step_idx": 109,
    "success": null,
    "target_pos": [
        -0.013360786287278083,
        0.07676931206928468
    ],
    "terminated": false,
    "truncated": false
}