{
    "action": [
        -0.6907562352192138,
        0.36617418833164184
    ],
    "ep_idx": 1,
    "finger_pos": [
        -0.17215814976731744,
        -0.1638265355791203
    ],
    "id": 3742661165853741360,
    "observation": [
        -2.5210394859313965,
        0.2801048159599304,
        0.15879736840724945,
        0.24059584736824036,
        1.4321881532669067,
        -2.5956170558929443
    ],
    "qpos": [
        -2.5210394148217863,
        0.2801048091082892
    ],
    "qvel": [
        1.432188198588197,
        -2.5956170850814364
    ],
    "render_time": 0.0018754005432128906,
    "reward": 0.0,
    "score": 0.0,
    "step_idx": 110,
    "success": null,
    "target_pos": [
        -0.013360786287278083,
        0.07676931206928468
    ],
    "terminated": false,
    "truncated": false
}