{
    "action": [
        -0.8868693787173507,
        -0.9656289386584784
    ],
    "ep_idx": 1,
    "finger_pos": [
        -0.16801910866895547,
        -0.16586132130687675
    ],
    "id": 3742661165853741360,
    "observation": [
        -2.5433177947998047,
        0.3613213896751404,
        0.15465831756591797,
        0.24263063073158264,
        -0.8431992530822754,
        2.4065802097320557
    ],
    "qpos": [
        -2.5433178525591846,
        0.36132139501963206
    ],
    "qvel": [
        -0.8431992508037316,
        2.4065802310714615
    ],
    "render_time": 0.0018734931945800781,
    "reward": 0.0,
    "score": 0.0,
    "step_idx": 111,
    "success": null,
    "target_pos": [
        -0.013360786287278083,
        0.07676931206928468
    ],
    "terminated": false,
    "truncated": false
}