{
    "action": [
        -0.4883268192511896,
        -0.9637948034912533
    ],
    "ep_idx": 1,
    "finger_pos": [
        -0.17945627295249084,
        -0.1565132088686427
    ],
    "id": 3742661165853741360,
    "observation": [
        -2.549639940261841,
        0.25052425265312195,
        0.16609548032283783,
        0.23328252136707306,
        -0.27281033992767334,
        -3.3044276237487793
    ],
    "qpos": [
        -2.549639893122649,
        0.25052425763422426
    ],
    "qvel": [
        -0.2728103289826832,
        -3.304427728098526
    ],
    "render_time": 0.0018858909606933594,
    "reward": 0.0,
    "score": 0.0,
    "step_idx": 112,
    "success": null,
    "target_pos": [
        -0.013360786287278083,
        0.07676931206928468
    ],
    "terminated": false,
    "truncated": false
}