{
    "action": [
        0.8047899299109829,
        0.04279520692538763
    ],
    "ep_idx": 1,
    "finger_pos": [
        -0.19541319560278525,
        -0.13895221849331774
    ],
    "id": 3742661165853741360,
    "observation": [
        -2.5663809776306152,
        0.0858086571097374,
        0.1820524036884308,
        0.21572153270244598,
        -0.5111058354377747,
        -4.213824272155762
    ],
    "qpos": [
        -2.5663808837352335,
        0.08580865456802896
    ],
    "qvel": [
        -0.5111058518887279,
        -4.213824456103917
    ],
    "render_time": 0.0018608570098876953,
    "reward": 0.0,
    "score": 0.0,
    "step_idx": 113,
    "success": null,
    "target_pos": [
        -0.013360786287278083,
        0.07676931206928468
    ],
    "terminated": false,
    "truncated": false
}