{
    "action": [
        0.19427787883668435,
        -0.04268949743794215
    ],
    "ep_idx": 1,
    "finger_pos": [
        -0.20196417437046182,
        -0.12961948955145358
    ],
    "id": 3742661165853741360,
    "observation": [
        -2.5836873054504395,
        0.025359492748975754,
        0.18860338628292084,
        0.20638880133628845,
        -0.23982280492782593,
        -1.222588062286377
    ],
    "qpos": [
        -2.583687213308793,
        0.025359492479187257
    ],
    "qvel": [
        -0.23982279994679134,
        -1.2225880047012434
    ],
    "render_time": 0.0018572807312011719,
    "reward": 0.0,
    "score": 0.0,
    "step_idx": 114,
    "success": null,
    "target_pos": [
        -0.013360786287278083,
        0.07676931206928468
    ],
    "terminated": false,
    "truncated": false
}