{
    "action": [
        0.39798827821053573,
        0.47228307316311824
    ],
    "ep_idx": 1,
    "finger_pos": [
        -0.20456169770183452,
        -0.12551697185899618
    ],
    "id": 3742661165853741360,
    "observation": [
        -2.591073513031006,
        -0.0003342374402564019,
        0.19120091199874878,
        0.20228628814220428,
        -0.13149890303611755,
        -0.5789579153060913
    ],
    "qpos": [
        -2.5910734118251915,
        -0.0003342374437821701
    ],
    "qvel": [
        -0.1314989011083596,
        -0.5789579096236893
    ],
    "render_time": 0.0019047260284423828,
    "reward": 0.0,
    "score": 0.0,
    "step_idx": 115,
    "success": null,
    "target_pos": [
        -0.013360786287278083,
        0.07676931206928468
    ],
    "terminated": false,
    "truncated": false
}