{
    "action": [
        -0.12770654703618356,
        0.10929428930796203
    ],
    "ep_idx": 1,
    "finger_pos": [
        -0.20233337866081313,
        -0.12890325611865946
    ],
    "id": 3742661165853741360,
    "observation": [
        -2.602353572845459,
        0.05600486323237419,
        0.1889725923538208,
        0.20567256212234497,
        -0.1975134313106537,
        1.6031731367111206
    ],
    "qpos": [
        -2.6023536651433945,
        0.05600486460111105
    ],
    "qvel": [
        -0.19751342952414636,
        1.6031730940651248
    ],
    "render_time": 0.0019080638885498047,
    "reward": 0.0,
    "score": 0.0,
    "step_idx": 116,
    "success": null,
    "target_pos": [
        -0.013360786287278083,
        0.07676931206928468
    ],
    "terminated": false,
    "truncated": false
}