{
    "action": [
        -0.2440196614218244,
        -0.20511215854472908
    ],
    "ep_idx": 1,
    "finger_pos": [
        -0.2004510221843269,
        -0.13155147208451737
    ],
    "id": 3742661165853741360,
    "observation": [
        -2.605241060256958,
        0.088847815990448,
        0.18709023296833038,
        0.20832078158855438,
        -0.08640269935131073,
        0.7486938238143921
    ],
    "qpos": [
        -2.605241068718886,
        0.08884781582284382
    ],
    "qvel": [
        -0.08640270029903727,
        0.748693835363723
    ],
    "render_time": 0.001920938491821289,
    "reward": 0.0,
    "score": 0.0,
    "step_idx": 117,
    "success": null,
    "target_pos": [
        -0.013360786287278083,
        0.07676931206928468
    ],
    "terminated": false,
    "truncated": false
}