{
    "action": [
        0.05675799409595417,
        0.7823980003750595
    ],
    "ep_idx": 1,
    "finger_pos": [
        -0.20159561282837907,
        -0.1299593639432607
    ],
    "id": 3742661165853741360,
    "observation": [
        -2.6037962436676025,
        0.06962239742279053,
        0.1882348209619522,
        0.20672868192195892,
        -0.007398937363177538,
        -0.599800705909729
    ],
    "qpos": [
        -2.6037961782510095,
        0.06962239551402542
    ],
    "qvel": [
        -0.007398937223219451,
        -0.5998006799913436
    ],
    "render_time": 0.001909494400024414,
    "reward": 0.0,
    "score": 0.0,
    "step_idx": 118,
    "success": null,
    "target_pos": [
        -0.013360786287278083,
        0.07676931206928468
    ],
    "terminated": false,
    "truncated": false
}