{
    "action": [
        -0.8730974245094401,
        -0.7268180107113731
    ],
    "ep_idx": 1,
    "finger_pos": [
        -0.19738042854630436,
        -0.13457225366961326
    ],
    "id": 3742661165853741360,
    "observation": [
        -2.6393795013427734,
        0.19237485527992249,
        0.18401964008808136,
        0.21134155988693237,
        -0.9074558019638062,
        3.3885109424591064
    ],
    "qpos": [
        -2.639379560680115,
        0.19237486215889554
    ],
    "qvel": [
        -0.9074558001760629,
        3.388511030713628
    ],
    "render_time": 0.0019183158874511719,
    "reward": 0.0,
    "score": 0.0,
    "step_idx": 119,
    "success": null,
    "target_pos": [
        -0.013360786287278083,
        0.07676931206928468
    ],
    "terminated": false,
    "truncated": false
}