{
    "action": [
        -0.8018954347327951,
        -0.5918622217877576
    ],
    "ep_idx": 1,
    "finger_pos": [
        -0.20337184411714343,
        -0.12655088900070904
    ],
    "id": 3742661165853741360,
    "observation": [
        -2.6474716663360596,
        0.1250162422657013,
        0.19001105427742004,
        0.2033202052116394,
        -0.3214310109615326,
        -2.170210123062134
    ],
    "qpos": [
        -2.647471653284085,
        0.12501624392361937
    ],
    "qvel": [
        -0.32143101890122805,
        -2.1702102252866697
    ],
    "render_time": 0.0019011497497558594,
    "reward": 0.0,
    "score": 0.0,
    "step_idx": 120,
    "success": null,
    "target_pos": [
        -0.013360786287278083,
        0.07676931206928468
    ],
    "terminated": false,
    "truncated": false
}