{
    "action": [
        -0.9744087253802622,
        0.14804934994117214
    ],
    "ep_idx": 1,
    "finger_pos": [
        -0.21316800145051196,
        -0.11014966085583541
    ],
    "id": 3742661165853741360,
    "observation": [
        -2.6860859394073486,
        0.042865604162216187,
        0.19980721175670624,
        0.1869189739227295,
        -1.1438355445861816,
        -2.0825350284576416
    ],
    "qpos": [
        -2.6860859710075458,
        0.04286560246975322
    ],
    "qvel": [
        -1.1438355192020253,
        -2.0825349852972384
    ],
    "render_time": 0.0018918514251708984,
    "reward": 0.0,
    "score": 0.0,
    "step_idx": 121,
    "success": null,
    "target_pos": [
        -0.013360786287278083,
        0.07676931206928468
    ],
    "terminated": false,
    "truncated": false
}