{
    "action": [
        -0.45683748089710896,
        0.9042333204074713
    ],
    "ep_idx": 1,
    "finger_pos": [
        -0.2212974710907623,
        -0.09233351814751611
    ],
    "id": 3742661165853741360,
    "observation": [
        -2.7883989810943604,
        0.08416704833507538,
        0.20793668925762177,
        0.16910283267498016,
        -2.765902042388916,
        1.2613078355789185
    ],
    "qpos": [
        -2.7883990944004964,
        0.08416704717132534
    ],
    "qvel": [
        -2.7659020274086954,
        1.2613078169163918
    ],
    "render_time": 0.0019316673278808594,
    "reward": 0.0,
    "score": 0.0,
    "step_idx": 122,
    "success": null,
    "target_pos": [
        -0.013360786287278083,
        0.07676931206928468
    ],
    "terminated": false,
    "truncated": false
}