{
    "action": [
        -0.3355578053172732,
        -0.18295358917394156
    ],
    "ep_idx": 1,
    "finger_pos": [
        -0.2248022241330133,
        -0.07908762621877823
    ],
    "id": 3742661165853741360,
    "observation": [
        -2.9221057891845703,
        0.23759859800338745,
        0.21144144237041473,
        0.1558569371700287,
        -3.343055486679077,
        4.057313442230225
    ],
    "qpos": [
        -2.922105747600534,
        0.23759859895787297
    ],
    "qvel": [
        -3.3430555436581537,
        4.057313306082107
    ],
    "render_time": 0.0019059181213378906,
    "reward": 0.0,
    "score": 0.0,
    "step_idx": 123,
    "success": null,
    "target_pos": [
        -0.013360786287278083,
        0.07676931206928468
    ],
    "terminated": false,
    "truncated": false
}