{
    "action": [
        -0.6847885758298129,
        0.21386499274990878
    ],
    "ep_idx": 1,
    "finger_pos": [
        -0.23098029458110408,
        -0.05955330911462403
    ],
    "id": 3742661165853741360,
    "observation": [
        -2.999843120574951,
        0.2211669534444809,
        0.21761950850486755,
        0.13632261753082275,
        -1.8195651769638062,
        -0.7901201248168945
    ],
    "qpos": [
        -2.999843119506153,
        0.22116694970586703
    ],
    "qvel": [
        -1.8195652226765846,
        -0.7901201004053227
    ],
    "render_time": 0.0019252300262451172,
    "reward": 0.0,
    "score": 0.0,
    "step_idx": 124,
    "success": null,
    "target_pos": [
        -0.013360786287278083,
        0.07676931206928468
    ],
    "terminated": false,
    "truncated": false
}