{
    "action": [
        0.44489362155176626,
        -0.45159320881248965
    ],
    "ep_idx": 1,
    "finger_pos": [
        -0.23444764358702525,
        -0.04053341258378216
    ],
    "id": 3742661165853741360,
    "observation": [
        -3.1019654273986816,
        0.2631387710571289,
        0.22108685970306396,
        0.11730272322893143,
        -2.6499991416931152,
        1.1954056024551392
    ],
    "qpos": [
        -3.1019653997973897,
        0.2631387685082858
    ],
    "qvel": [
        -2.6499991456303635,
        1.19540565886545
    ],
    "render_time": 0.0019030570983886719,
    "reward": 0.0,
    "score": 0.0,
    "step_idx": 125,
    "success": null,
    "target_pos": [
        -0.013360786287278083,
        0.07676931206928468
    ],
    "terminated": false,
    "truncated": false
}