{
    "action": [
        0.9864641944911103,
        -0.2093497721716715
    ],
    "ep_idx": 1,
    "finger_pos": [
        -0.23843487286528053,
        -0.019968843903563058
    ],
    "id": 3742661165853741360,
    "observation": [
        -3.1360745429992676,
        0.15607337653636932,
        0.22507408261299133,
        0.09673815965652466,
        -0.5726772546768188,
        -2.9768614768981934
    ],
    "qpos": [
        -3.136074648415418,
        0.1560733721793248
    ],
    "qvel": [
        -0.5726772755529861,
        -2.976861531750353
    ],
    "render_time": 0.001955747604370117,
    "reward": 0.0,
    "score": 0.0,
    "step_idx": 126,
    "success": null,
    "target_pos": [
        -0.013360786287278083,
        0.07676931206928468
    ],
    "terminated": false,
    "truncated": false
}