{
    "action": [
        -0.528807199711292,
        0.22924292382895328
    ],
    "ep_idx": 1,
    "finger_pos": [
        -0.23969406606477334,
        -0.010211017311526866
    ],
    "id": 3742661165853741360,
    "observation": [
        -3.1261816024780273,
        0.0543268583714962,
        0.22633327543735504,
        0.08698032796382904,
        0.5090226531028748,
        -2.443181276321411
    ],
    "qpos": [
        -3.1261816164077363,
        0.054326859750020766
    ],
    "qvel": [
        0.5090226349224433,
        -2.44318122126012
    ],
    "render_time": 0.0019271373748779297,
    "reward": 0.0,
    "score": 0.0,
    "step_idx": 127,
    "success": null,
    "target_pos": [
        -0.013360786287278083,
        0.07676931206928468
    ],
    "terminated": false,
    "truncated": false
}