{
    "action": [
        0.11311590532261451,
        0.0890486749366386
    ],
    "ep_idx": 1,
    "finger_pos": [
        -0.23958990550770082,
        -0.006884530916804575
    ],
    "id": 3742661165853741360,
    "observation": [
        -3.1637964248657227,
        0.10186100006103516,
        0.22622911632061005,
        0.08365384489297867,
        -1.1255536079406738,
        1.4696733951568604
    ],
    "qpos": [
        -3.1637964133410184,
        0.10186100056007931
    ],
    "qvel": [
        -1.125553639357337,
        1.469673402050916
    ],
    "render_time": 0.0019087791442871094,
    "reward": 0.0,
    "score": 0.0,
    "step_idx": 128,
    "success": null,
    "target_pos": [
        -0.013360786287278083,
        0.07676931206928468
    ],
    "terminated": false,
    "truncated": false
}