{
    "action": [
        0.2660859092491652,
        -0.9987912455807721
    ],
    "ep_idx": 1,
    "finger_pos": [
        -0.23960139456591584,
        -0.0030087508897009337
    ],
    "id": 3742661165853741360,
    "observation": [
        -3.185295581817627,
        0.11251895129680634,
        0.2262406051158905,
        0.07977806031703949,
        -0.4449180066585541,
        0.18016473948955536
    ],
    "qpos": [
        -3.1852954709641703,
        0.11251895067008813
    ],
    "qvel": [
        -0.44491801229040573,
        0.18016473340991043
    ],
    "render_time": 0.0019037723541259766,
    "reward": 0.0,
    "score": 0.0,
    "step_idx": 129,
    "success": null,
    "target_pos": [
        -0.013360786287278083,
        0.07676931206928468
    ],
    "terminated": false,
    "truncated": false
}