{
    "action": [
        -0.2911858161448655,
        -0.7461365291048949
    ],
    "ep_idx": 1,
    "finger_pos": [
        -0.23971666694849242,
        0.008522863319919095
    ],
    "id": 3742661165853741360,
    "observation": [
        -3.143980026245117,
        -0.06630295515060425,
        0.2263558804988861,
        0.06824644654989243,
        1.1626403331756592,
        -4.859986782073975
    ],
    "qpos": [
        -3.1439801111400065,
        -0.0663029532492167
    ],
    "qvel": [
        1.1626403332893078,
        -4.859986974730319
    ],
    "render_time": 0.001928091049194336,
    "reward": 0.0,
    "score": 0.0,
    "step_idx": 130,
    "success": null,
    "target_pos": [
        -0.013360786287278083,
        0.07676931206928468
    ],
    "terminated": false,
    "truncated": false
}