{
    "action": [
        0.3998471017832823,
        0.18625338769438105
    ],
    "ep_idx": 1,
    "finger_pos": [
        -0.23783755717720068,
        0.021286369821765364
    ],
    "id": 3742661165853741360,
    "observation": [
        -3.1303224563598633,
        -0.2010640799999237,
        0.22447676956653595,
        0.05548294261097908,
        0.19974210858345032,
        -3.268160581588745
    ],
    "qpos": [
        -3.13032240151716,
        -0.2010640795432107
    ],
    "qvel": [
        0.1997421053076408,
        -3.2681605715616904
    ],
    "render_time": 0.0019314289093017578,
    "reward": 0.0,
    "score": 0.0,
    "step_idx": 131,
    "success": null,
    "target_pos": [
        -0.013360786287278083,
        0.07676931206928468
    ],
    "terminated": false,
    "truncated": false
}