{
    "action": [
        -0.24608032052675322,
        0.261228053011177
    ],
    "ep_idx": 1,
    "finger_pos": [
        -0.237406900512936,
        0.024823646206307018
    ],
    "id": 3742661165853741360,
    "observation": [
        -3.1416923999786377,
        -0.20816664397716522,
        0.22404611110687256,
        0.05194566771388054,
        -0.22516344487667084,
        0.11333028227090836
    ],
    "qpos": [
        -3.1416923539268944,
        -0.2081666434447983
    ],
    "qvel": [
        -0.22516345191408055,
        0.11333027871918844
    ],
    "render_time": 0.001920938491821289,
    "reward": 0.0,
    "score": 0.0,
    "step_idx": 132,
    "success": null,
    "target_pos": [
        -0.013360786287278083,
        0.07676931206928468
    ],
    "terminated": false,
    "truncated": false
}