{
    "action": [
        0.9838333927372778,
        -0.8889715697997123
    ],
    "ep_idx": 1,
    "finger_pos": [
        -0.23793074792544872,
        0.02528835595739266
    ],
    "id": 3742661165853741360,
    "observation": [
        -3.1695098876953125,
        -0.15593963861465454,
        0.22456996142864227,
        0.05148095637559891,
        -0.7560955286026001,
        1.4027737379074097
    ],
    "qpos": [
        -3.169509837097344,
        -0.15593963830401225
    ],
    "qvel": [
        -0.7560955052679087,
        1.4027737743503916
    ],
    "render_time": 0.0019278526306152344,
    "reward": 0.0,
    "score": 0.0,
    "step_idx": 133,
    "success": null,
    "target_pos": [
        -0.013360786287278083,
        0.07676931206928468
    ],
    "terminated": false,
    "truncated": false
}