{
    "action": [
        -0.1727674899779843,
        0.1349918881016563
    ],
    "ep_idx": 1,
    "finger_pos": [
        -0.23457194294811334,
        0.030489386103711824
    ],
    "id": 3742661165853741360,
    "observation": [
        -3.1009647846221924,
        -0.3397641181945801,
        0.22121115028858185,
        0.04627992585301399,
        2.0402581691741943,
        -5.053735733032227
    ],
    "qpos": [
        -3.1009647758372685,
        -0.3397641221833702
    ],
    "qvel": [
        2.040258209287331,
        -5.0537357812156944
    ],
    "render_time": 0.0019474029541015625,
    "reward": 0.0,
    "score": 0.0,
    "step_idx": 134,
    "success": null,
    "target_pos": [
        -0.013360786287278083,
        0.07676931206928468
    ],
    "terminated": false,
    "truncated": false
}