{
    "action": [
        0.009226370800496708,
        -0.0428402123038123
    ],
    "ep_idx": 1,
    "finger_pos": [
        -0.23515141433324005,
        0.027339899813958825
    ],
    "id": 3742661165853741360,
    "observation": [
        -3.0922114849090576,
        -0.3302529752254486,
        0.2217906266450882,
        0.04942941293120384,
        0.02342236414551735,
        0.6920570135116577
    ],
    "qpos": [
        -3.0922115902312908,
        -0.3302529710648431
    ],
    "qvel": [
        0.023422363561541815,
        0.6920570063201895
    ],
    "render_time": 0.0019233226776123047,
    "reward": 0.0,
    "score": 0.0,
    "step_idx": 135,
    "success": null,
    "target_pos": [
        -0.013360786287278083,
        0.07676931206928468
    ],
    "terminated": false,
    "truncated": false
}