{
    "action": [
        0.5135810020281042,
        0.6153099183300674
    ],
    "ep_idx": 1,
    "finger_pos": [
        -0.235307966593493,
        0.02557712720542775
    ],
    "id": 3742661165853741360,
    "observation": [
        -3.0836896896362305,
        -0.3323483467102051,
        0.22194717824459076,
        0.051192183047533035,
        0.22232790291309357,
        -0.12271399050951004
    ],
    "qpos": [
        -3.083689802964762,
        -0.3323483472595188
    ],
    "qvel": [
        0.2223278992364502,
        -0.12271399291183202
    ],
    "render_time": 0.0019342899322509766,
    "reward": 0.0,
    "score": 0.0,
    "step_idx": 136,
    "success": null,
    "target_pos": [
        -0.013360786287278083,
        0.07676931206928468
    ],
    "terminated": false,
    "truncated": false
}