{
    "action": [
        0.5501234317986612,
        -0.9799581122113625
    ],
    "ep_idx": 1,
    "finger_pos": [
        -0.23760383516934996,
        0.015374513936911034
    ],
    "id": 3742661165853741360,
    "observation": [
        -3.08031964302063,
        -0.2517789602279663,
        0.22424304485321045,
        0.06139479950070381,
        0.17350025475025177,
        2.242910385131836
    ],
    "qpos": [
        -3.080319603575473,
        -0.2517789495066643
    ],
    "qvel": [
        0.1735002516053012,
        2.242910485160856
    ],
    "render_time": 0.0019240379333496094,
    "reward": 0.0,
    "score": 0.0,
    "step_idx": 137,
    "success": null,
    "target_pos": [
        -0.013360786287278083,
        0.07676931206928468
    ],
    "terminated": false,
    "truncated": false
}