{
    "action": [
        0.4094219781884001,
        0.6164113714584436
    ],
    "ep_idx": 1,
    "finger_pos": [
        -0.23438900777808258,
        0.013823162159166458
    ],
    "id": 3742661165853741360,
    "observation": [
        -2.991880416870117,
        -0.41723886132240295,
        0.22102822363376617,
        0.0629461482167244,
        2.398357391357422,
        -4.67960262298584
    ],
    "qpos": [
        -2.991880298298615,
        -0.4172388487277589
    ],
    "qvel": [
        2.398357499630373,
        -4.679602653970797
    ],
    "render_time": 0.0019178390502929688,
    "reward": 0.0,
    "score": 0.0,
    "step_idx": 138,
    "success": null,
    "target_pos": [
        -0.013360786287278083,
        0.07676931206928468
    ],
    "terminated": false,
    "truncated": false
}