{
    "action": [
        -0.8749745780510241,
        -0.5830454334909798
    ],
    "ep_idx": 1,
    "finger_pos": [
        -0.23636331431197738,
        -0.00130281075475518
    ],
    "id": 3742661165853741360,
    "observation": [
        -2.9618611335754395,
        -0.3484393060207367,
        0.22300252318382263,
        0.07807212322950363,
        0.6588295102119446,
        2.3345885276794434
    ],
    "qpos": [
        -2.9618611535267094,
        -0.34843931343257595
    ],
    "qvel": [
        0.6588295348969062,
        2.3345885390716488
    ],
    "render_time": 0.0019373893737792969,
    "reward": 0.0,
    "score": 0.0,
    "step_idx": 139,
    "success": null,
    "target_pos": [
        -0.013360786287278083,
        0.07676931206928468
    ],
    "terminated": false,
    "truncated": false
}