{
    "action": [
        -0.07648266249957847,
        -0.5909518462078285
    ],
    "ep_idx": 1,
    "finger_pos": [
        -0.2355546816290875,
        -0.0026930974142567905
    ],
    "id": 3742661165853741360,
    "observation": [
        -2.937727928161621,
        -0.3848644495010376,
        0.2221938967704773,
        0.07946240901947021,
        0.39373064041137695,
        -1.2796406745910645
    ],
    "qpos": [
        -2.9377279269154424,
        -0.3848644432934277
    ],
    "qvel": [
        0.39373064620862364,
        -1.2796407172005284
    ],
    "render_time": 0.0019371509552001953,
    "reward": 0.0,
    "score": 0.0,
    "step_idx": 140,
    "success": null,
    "target_pos": [
        -0.013360786287278083,
        0.07676931206928468
    ],
    "terminated": false,
    "truncated": false
}