{
    "action": [
        -0.5715591162197473,
        0.18163586074616833
    ],
    "ep_idx": 1,
    "finger_pos": [
        -0.23297677071737283,
        0.0037039735046875757
    ],
    "id": 3742661165853741360,
    "observation": [
        -2.9154839515686035,
        -0.4840117394924164,
        0.21961598098278046,
        0.07306534051895142,
        0.5280742049217224,
        -2.5997748374938965
    ],
    "qpos": [
        -2.915483905829827,
        -0.48401175094669435
    ],
    "qvel": [
        0.52807419532363,
        -2.5997749420653795
    ],
    "render_time": 0.0019309520721435547,
    "reward": 0.0,
    "score": 0.0,
    "step_idx": 141,
    "success": null,
    "target_pos": [
        -0.013360786287278083,
        0.07676931206928468
    ],
    "terminated": false,
    "truncated": false
}