{
    "action": [
        -0.4379330413009903,
        0.4457459023160937
    ],
    "ep_idx": 1,
    "finger_pos": [
        -0.23386684253526951,
        0.008137439326641321
    ],
    "id": 3742661165853741360,
    "observation": [
        -2.952455520629883,
        -0.4478365182876587,
        0.22050605714321136,
        0.06863187253475189,
        -1.1365100145339966,
        1.225929856300354
    ],
    "qpos": [
        -2.9524555511083768,
        -0.44783650468872505
    ],
    "qvel": [
        -1.1365100464105857,
        1.2259298166587183
    ],
    "render_time": 0.0019431114196777344,
    "reward": 0.0,
    "score": 0.0,
    "step_idx": 142,
    "success": null,
    "target_pos": [
        -0.013360786287278083,
        0.07676931206928468
    ],
    "terminated": false,
    "truncated": false
}