{
    "action": [
        0.9831683990005677,
        -0.9034994449790865
    ],
    "ep_idx": 1,
    "finger_pos": [
        -0.23585323949075887,
        0.012368682383291354
    ],
    "id": 3742661165853741360,
    "observation": [
        -3.015268087387085,
        -0.35743778944015503,
        0.22249245643615723,
        0.06440062820911407,
        -1.635254144668579,
        2.356710433959961
    ],
    "qpos": [
        -3.0152680438918416,
        -0.35743779324547453
    ],
    "qvel": [
        -1.6352541731653816,
        2.3567103323552927
    ],
    "render_time": 0.001956462860107422,
    "reward": 0.0,
    "score": 0.0,
    "step_idx": 143,
    "success": null,
    "target_pos": [
        -0.013360786287278083,
        0.07676931206928468
    ],
    "terminated": false,
    "truncated": false
}