{
    "action": [
        -0.18742674766285994,
        -0.10160798450236808
    ],
    "ep_idx": 1,
    "finger_pos": [
        -0.23027704943518307,
        0.022014112219459446
    ],
    "id": 3742661165853741360,
    "observation": [
        -2.9672436714172363,
        -0.5393154621124268,
        0.2169162631034851,
        0.05475519970059395,
        1.5903981924057007,
        -5.1240315437316895
    ],
    "qpos": [
        -2.967243672516767,
        -0.5393154373534169
    ],
    "qvel": [
        1.5903982038903297,
        -5.124031329498343
    ],
    "render_time": 0.0019683837890625,
    "reward": 0.0,
    "score": 0.0,
    "step_idx": 144,
    "success": null,
    "target_pos": [
        -0.013360786287278083,
        0.07676931206928468
    ],
    "terminated": false,
    "truncated": false
}