{
    "action": [
        -0.5908061839919014,
        -0.546407534285509
    ],
    "ep_idx": 1,
    "finger_pos": [
        -0.22875535870771593,
        0.025088147685857105
    ],
    "id": 3742661165853741360,
    "observation": [
        -2.9629995822906494,
        -0.575657844543457,
        0.21539457142353058,
        0.051681164652109146,
        -0.07092972844839096,
        -0.5118470191955566
    ],
    "qpos": [
        -2.962999545848488,
        -0.5756578660407514
    ],
    "qvel": [
        -0.07092972830454919,
        -0.5118470131107172
    ],
    "render_time": 0.001943349838256836,
    "reward": 0.0,
    "score": 0.0,
    "step_idx": 145,
    "success": null,
    "target_pos": [
        -0.013360786287278083,
        0.07676931206928468
    ],
    "terminated": false,
    "truncated": false
}