{
    "action": [
        0.4833910377999362,
        -0.46559239894251236
    ],
    "ep_idx": 1,
    "finger_pos": [
        -0.2249091224534503,
        0.0351998464494597
    ],
    "id": 3742661165853741360,
    "observation": [
        -2.974602222442627,
        -0.6444759964942932,
        0.2115483433008194,
        0.04156946390867233,
        -0.4251803755760193,
        -1.877119779586792
    ],
    "qpos": [
        -2.9746022255737525,
        -0.6444760220208328
    ],
    "qvel": [
        -0.42518036237178847,
        -1.8771197871773515
    ],
    "render_time": 0.0020058155059814453,
    "reward": 0.0,
    "score": 0.0,
    "step_idx": 146,
    "success": null,
    "target_pos": [
        -0.013360786287278083,
        0.07676931206928468
    ],
    "terminated": false,
    "truncated": false
}