{
    "action": [
        -0.5208769652168179,
        0.6729567941180041
    ],
    "ep_idx": 1,
    "finger_pos": [
        -0.21871733124320472,
        0.0441667495559794
    ],
    "id": 3742661165853741360,
    "observation": [
        -2.9636969566345215,
        -0.7543029189109802,
        0.20535653829574585,
        0.03260256350040436,
        0.4262530207633972,
        -2.8129754066467285
    ],
    "qpos": [
        -2.9636969131346858,
        -0.7543029394546834
    ],
    "qvel": [
        0.42625303022026645,
        -2.8129755182778564
    ],
    "render_time": 0.0020072460174560547,
    "reward": 0.0,
    "score": 0.0,
    "step_idx": 147,
    "success": null,
    "target_pos": [
        -0.013360786287278083,
        0.07676931206928468
    ],
    "terminated": false,
    "truncated": false
}