{
    "action": [
        0.9318428816200808,
        -0.8349058045207114
    ],
    "ep_idx": 1,
    "finger_pos": [
        -0.22266556561293244,
        0.04597603207173298
    ],
    "id": 3742661165853741360,
    "observation": [
        -3.0192525386810303,
        -0.6519175171852112,
        0.2093047797679901,
        0.03079327940940857,
        -1.635637879371643,
        3.1846582889556885
    ],
    "qpos": [
        -3.019252572534956,
        -0.6519175469508771
    ],
    "qvel": [
        -1.6356379310953504,
        3.184658402814965
    ],
    "render_time": 0.002009868621826172,
    "reward": 0.0,
    "score": 0.0,
    "step_idx": 148,
    "success": null,
    "target_pos": [
        -0.013360786287278083,
        0.07676931206928468
    ],
    "terminated": false,
    "truncated": false
}