{
    "action": [
        0.15964134050201406,
        -0.47405346900769607
    ],
    "ep_idx": 1,
    "finger_pos": [
        -0.2149659124114586,
        0.05107588372647409
    ],
    "id": 3742661165853741360,
    "observation": [
        -2.9737534523010254,
        -0.8022271990776062,
        0.20160512626171112,
        0.02569342777132988,
        1.5590434074401855,
        -4.47715950012207
    ],
    "qpos": [
        -2.9737534260794467,
        -0.802227222900828
    ],
    "qvel": [
        1.5590434077482014,
        -4.477159474745955
    ],
    "render_time": 0.0019948482513427734,
    "reward": 0.0,
    "score": 0.0,
    "step_idx": 149,
    "success": null,
    "target_pos": [
        -0.013360786287278083,
        0.07676931206928468
    ],
    "terminated": false,
    "truncated": false
}