{
    "action": [
        0.10465033918257216,
        -0.09525310471204218
    ],
    "ep_idx": 1,
    "finger_pos": [
        -0.2090598044127473,
        0.05277631487426153
    ],
    "id": 3742661165853741360,
    "observation": [
        -2.9342122077941895,
        -0.9093197584152222,
        0.19569902122020721,
        0.02399299666285515,
        0.9205570220947266,
        -2.4764013290405273
    ],
    "qpos": [
        -2.934212255901377,
        -0.9093197318389735
    ],
    "qvel": [
        0.9205570018621158,
        -2.4764012103518063
    ],
    "render_time": 0.002001047134399414,
    "reward": 0.0,
    "score": 0.0,
    "step_idx": 150,
    "success": null,
    "target_pos": [
        -0.013360786287278083,
        0.07676931206928468
    ],
    "terminated": false,
    "truncated": false
}