{
    "action": [
        -0.36927368224688784,
        0.9628336221301055
    ],
    "ep_idx": 1,
    "finger_pos": [
        -0.20731972860168477,
        0.05193396912298555
    ],
    "id": 3742661165853741360,
    "observation": [
        -2.914740800857544,
        -0.94460529088974,
        0.19395893812179565,
        0.024835342541337013,
        0.43881863355636597,
        -0.6808372735977173
    ],
    "qpos": [
        -2.9147409155086605,
        -0.9446052912383878
    ],
    "qvel": [
        0.43881863936154564,
        -0.6808372469874231
    ],
    "render_time": 0.0020093917846679688,
    "reward": 0.0,
    "score": 0.0,
    "step_idx": 151,
    "success": null,
    "target_pos": [
        -0.013360786287278083,
        0.07676931206928468
    ],
    "terminated": false,
    "truncated": false
}