{
    "action": [
        0.1997487860691156,
        0.22024270235231103
    ],
    "ep_idx": 1,
    "finger_pos": [
        -0.21671841247938264,
        0.04584294177530557
    ],
    "id": 3742661165853741360,
    "observation": [
        -2.95499587059021,
        -0.7901123762130737,
        0.20335762202739716,
        0.03092637099325657,
        -1.2305107116699219,
        4.478599548339844
    ],
    "qpos": [
        -2.9549957671995006,
        -0.7901123924614695
    ],
    "qvel": [
        -1.2305107624033798,
        4.478599354424748
    ],
    "render_time": 0.0019867420196533203,
    "reward": 0.0,
    "score": 0.0,
    "step_idx": 152,
    "success": null,
    "target_pos": [
        -0.013360786287278083,
        0.07676931206928468
    ],
    "terminated": false,
    "truncated": false
}