{
    "action": [
        -0.9838800021013552,
        -0.13783507360007774
    ],
    "ep_idx": 1,
    "finger_pos": [
        -0.2203733307929454,
        0.041179410088611854
    ],
    "id": 3742661165853741360,
    "observation": [
        -2.961301565170288,
        -0.73004549741745,
        0.20701254904270172,
        0.035589903593063354,
        0.015606747008860111,
        1.1304247379302979
    ],
    "qpos": [
        -2.961301484573139,
        -0.73004550829523
    ],
    "qvel": [
        0.01560674687196728,
        1.1304247016782798
    ],
    "render_time": 0.0020008087158203125,
    "reward": 0.0,
    "score": 0.0,
    "step_idx": 153,
    "success": null,
    "target_pos": [
        -0.013360786287278083,
        0.07676931206928468
    ],
    "terminated": false,
    "truncated": false
}