{
    "action": [
        0.8245278881815732,
        0.5210288116618107
    ],
    "ep_idx": 1,
    "finger_pos": [
        -0.22061258659090996,
        0.04536392888840153
    ],
    "id": 3742661165853741360,
    "observation": [
        -2.991715908050537,
        -0.7053542733192444,
        0.20725180208683014,
        0.031405381858348846,
        -1.010660171508789,
        0.5091966390609741
    ],
    "qpos": [
        -2.99171586002672,
        -0.7053542718364344
    ],
    "qvel": [
        -1.0106601385197358,
        0.5091966485608228
    ],
    "render_time": 0.001985311508178711,
    "reward": 0.0,
    "score": 0.0,
    "step_idx": 154,
    "success": null,
    "target_pos": [
        -0.013360786287278083,
        0.07676931206928468
    ],
    "terminated": false,
    "truncated": false
}