{
    "action": [
        -0.16523273051267373,
        0.6348895133753514
    ],
    "ep_idx": 1,
    "finger_pos": [
        -0.22314003316745865,
        0.042591718042229804
    ],
    "id": 3742661165853741360,
    "observation": [
        -3.001723527908325,
        -0.6569498777389526,
        0.20977924764156342,
        0.034177593886852264,
        0.007102569565176964,
        1.3374589681625366
    ],
    "qpos": [
        -3.001723455847524,
        -0.6569498690049542
    ],
    "qvel": [
        0.007102569768871914,
        1.3374590160209179
    ],
    "render_time": 0.0020227432250976562,
    "reward": 0.0,
    "score": 0.0,
    "step_idx": 155,
    "success": null,
    "target_pos": [
        -0.013360786287278083,
        0.07676931206928468
    ],
    "terminated": false,
    "truncated": false
}