{
    "action": [
        0.06522862399962692,
        -0.24255902222986525
    ],
    "ep_idx": 1,
    "finger_pos": [
        -0.2287153538551767,
        0.034783594406366206
    ],
    "id": 3742661165853741360,
    "observation": [
        -3.0231473445892334,
        -0.5387424230575562,
        0.2153545618057251,
        0.04198571667075157,
        -0.6095701456069946,
        3.1385087966918945
    ],
    "qpos": [
        -3.02314740226341,
        -0.5387424260830713
    ],
    "qvel": [
        -0.609570144003553,
        3.1385088962781733
    ],
    "render_time": 0.002039670944213867,
    "reward": 0.0,
    "score": 0.0,
    "step_idx": 156,
    "success": null,
    "target_pos": [
        -0.013360786287278083,
        0.07676931206928468
    ],
    "terminated": false,
    "truncated": false
}