{
    "action": [
        -0.8203852218881293,
        -0.4068299761125813
    ],
    "ep_idx": 1,
    "finger_pos": [
        -0.22829315915253906,
        0.03307061189154918
    ],
    "id": 3742661165853741360,
    "observation": [
        -3.0057950019836426,
        -0.5593142509460449,
        0.2149323672056198,
        0.04369870200753212,
        0.5328793525695801,
        -0.9010459184646606
    ],
    "qpos": [
        -3.005795099316559,
        -0.5593142687980338
    ],
    "qvel": [
        0.5328793247353399,
        -0.9010458957866859
    ],
    "render_time": 0.0020058155059814453,
    "reward": 0.0,
    "score": 0.0,
    "step_idx": 157,
    "success": null,
    "target_pos": [
        -0.013360786287278083,
        0.07676931206928468
    ],
    "terminated": false,
    "truncated": false
}