{
    "action": [
        -0.5641269116932013,
        0.9064234875737609
    ],
    "ep_idx": 1,
    "finger_pos": [
        -0.22600615687708758,
        0.03953344943702761
    ],
    "id": 3742661165853741360,
    "observation": [
        -3.016983985900879,
        -0.5955573320388794,
        0.21264536678791046,
        0.037235863506793976,
        -0.51651531457901,
        -0.9536835551261902
    ],
    "qpos": [
        -3.0169839828429823,
        -0.595557311912806
    ],
    "qvel": [
        -0.5165153231139781,
        -0.9536835841580451
    ],
    "render_time": 0.002020597457885742,
    "reward": 0.0,
    "score": 0.0,
    "step_idx": 158,
    "success": null,
    "target_pos": [
        -0.013360786287278083,
        0.07676931206928468
    ],
    "terminated": false,
    "truncated": false
}