{
    "action": [
        0.13362759910863464,
        -0.8525411257355207
    ],
    "ep_idx": 1,
    "finger_pos": [
        -0.23044719888112383,
        0.04176241702515017
    ],
    "id": 3742661165853741360,
    "observation": [
        -3.1005918979644775,
        -0.44055700302124023,
        0.21708641946315765,
        0.035006895661354065,
        -2.280006170272827,
        4.399526119232178
    ],
    "qpos": [
        -3.1005918047395657,
        -0.44055701307416617
    ],
    "qvel": [
        -2.2800061640971596,
        4.399526297018763
    ],
    "render_time": 0.002012491226196289,
    "reward": 0.0,
    "score": 0.0,
    "step_idx": 159,
    "success": null,
    "target_pos": [
        -0.013360786287278083,
        0.07676931206928468
    ],
    "terminated": false,
    "truncated": false
}