{
    "action": [
        -0.586563206509829,
        0.8379580715784536
    ],
    "ep_idx": 1,
    "finger_pos": [
        -0.22388537650954077,
        0.054510450148321274
    ],
    "id": 3742661165853741360,
    "observation": [
        -3.097010612487793,
        -0.5668197274208069,
        0.21052458882331848,
        0.022258860990405083,
        0.3231249153614044,
        -3.888026237487793
    ],
    "qpos": [
        -3.097010724988724,
        -0.5668197462809461
    ],
    "qvel": [
        0.3231249157711972,
        -3.8880262575625553
    ],
    "render_time": 0.0020263195037841797,
    "reward": 0.0,
    "score": 0.0,
    "step_idx": 160,
    "success": null,
    "target_pos": [
        -0.013360786287278083,
        0.07676931206928468
    ],
    "terminated": false,
    "truncated": false
}