{
    "action": [
        -0.21681523652237278,
        -0.14683299215800427
    ],
    "ep_idx": 1,
    "finger_pos": [
        -0.2267504253244571,
        0.05887643288026599
    ],
    "id": 3742661165853741360,
    "observation": [
        -3.176670789718628,
        -0.43792960047721863,
        0.21338963508605957,
        0.017892878502607346,
        -2.251971960067749,
        3.9565837383270264
    ],
    "qpos": [
        -3.1766708753216952,
        -0.43792960130880365
    ],
    "qvel": [
        -2.2519720390414326,
        3.9565836703198087
    ],
    "render_time": 0.0020263195037841797,
    "reward": 0.0,
    "score": 0.0,
    "step_idx": 161,
    "success": null,
    "target_pos": [
        -0.013360786287278083,
        0.07676931206928468
    ],
    "terminated": false,
    "truncated": false
}