{
    "action": [
        -0.9301401671658407,
        -0.07165143069897018
    ],
    "ep_idx": 1,
    "finger_pos": [
        -0.22394941460337792,
        0.06860718395021362
    ],
    "id": 3742661165853741360,
    "observation": [
        -3.219006299972534,
        -0.43971964716911316,
        0.21058863401412964,
        0.008162127807736397,
        -0.9481207132339478,
        -0.44530344009399414
    ],
    "qpos": [
        -3.2190062297980497,
        -0.4397196463497042
    ],
    "qvel": [
        -0.948120713823303,
        -0.4453034433276766
    ],
    "render_time": 0.002006053924560547,
    "reward": 0.0,
    "score": 0.0,
    "step_idx": 162,
    "success": null,
    "target_pos": [
        -0.013360786287278083,
        0.07676931206928468
    ],
    "terminated": false,
    "truncated": false
}