{
    "action": [
        0.5998006290641915,
        0.264378527301951
    ],
    "ep_idx": 1,
    "finger_pos": [
        -0.21947069508480876,
        0.08292648383883826
    ],
    "id": 3742661165853741360,
    "observation": [
        -3.290621757507324,
        -0.42447149753570557,
        0.2061099112033844,
        -0.0061571719124913216,
        -1.985152244567871,
        0.43024390935897827
    ],
    "qpos": [
        -3.290621794381304,
        -0.424471497788633
    ],
    "qvel": [
        -1.985152215997748,
        0.4302438954836286
    ],
    "render_time": 0.002034425735473633,
    "reward": 0.0,
    "score": 0.0,
    "step_idx": 163,
    "success": null,
    "target_pos": [
        -0.013360786287278083,
        0.07676931206928468
    ],
    "terminated": false,
    "truncated": false
}