{
    "action": [
        -0.035125664682484015,
        -0.9355876580462452
    ],
    "ep_idx": 1,
    "finger_pos": [
        -0.21623292891142837,
        0.0914930465076269
    ],
    "id": 3742661165853741360,
    "observation": [
        -3.3331828117370605,
        -0.4173784554004669,
        0.2028721421957016,
        -0.014723733998835087,
        -0.8112084865570068,
        0.19636791944503784
    ],
    "qpos": [
        -3.333182849834634,
        -0.4173784630917096
    ],
    "qvel": [
        -0.8112085000598208,
        0.19636791336876272
    ],
    "render_time": 0.0020368099212646484,
    "reward": 0.0,
    "score": 0.0,
    "step_idx": 164,
    "success": null,
    "target_pos": [
        -0.013360786287278083,
        0.07676931206928468
    ],
    "terminated": false,
    "truncated": false
}