{
    "action": [
        0.505630565092138,
        -0.20284375608782956
    ],
    "ep_idx": 1,
    "finger_pos": [
        -0.20572770764468246,
        0.10340683473721307
    ],
    "id": 3742661165853741360,
    "observation": [
        -3.3213894367218018,
        -0.5719200372695923,
        0.19236692786216736,
        -0.026637522503733635,
        0.36120152473449707,
        -4.244460105895996
    ],
    "qpos": [
        -3.3213894631741945,
        -0.5719200484055549
    ],
    "qvel": [
        0.3612015113755687,
        -4.244459954891005
    ],
    "render_time": 0.0020439624786376953,
    "reward": 0.0,
    "score": 0.0,
    "step_idx": 165,
    "success": null,
    "target_pos": [
        -0.013360786287278083,
        0.07676931206928468
    ],
    "terminated": false,
    "truncated": false
}