{
    "action": [
        -0.8436913018282872,
        0.2773143387068393
    ],
    "ep_idx": 1,
    "finger_pos": [
        -0.19950102800776998,
        0.10886853645099158
    ],
    "id": 3742661165853741360,
    "observation": [
        -3.314009189605713,
        -0.6542450785636902,
        0.186140239238739,
        -0.032099224627017975,
        0.26765838265419006,
        -1.815110683441162
    ],
    "qpos": [
        -3.3140091882306364,
        -0.654245055452816
    ],
    "qvel": [
        0.2676583708767436,
        -1.8151107267529838
    ],
    "render_time": 0.002043008804321289,
    "reward": 0.0,
    "score": 0.0,
    "step_idx": 166,
    "success": null,
    "target_pos": [
        -0.013360786287278083,
        0.07676931206928468
    ],
    "terminated": false,
    "truncated": false
}