{
    "action": [
        0.06560118214634425,
        0.045427169778673226
    ],
    "ep_idx": 1,
    "finger_pos": [
        -0.19901242846661232,
        0.11444644638228237
    ],
    "id": 3742661165853741360,
    "observation": [
        -3.3676345348358154,
        -0.5916926264762878,
        0.18565164506435394,
        -0.037677135318517685,
        -1.6220247745513916,
        1.908389925956726
    ],
    "qpos": [
        -3.367634612241859,
        -0.5916926406682308
    ],
    "qvel": [
        -1.6220247716746532,
        1.9083899785818468
    ],
    "render_time": 0.002013683319091797,
    "reward": 0.0,
    "score": 0.0,
    "step_idx": 167,
    "success": null,
    "target_pos": [
        -0.013360786287278083,
        0.07676931206928468
    ],
    "terminated": false,
    "truncated": false
}