{
    "action": [
        0.4114276813870479,
        0.2723850491615998
    ],
    "ep_idx": 1,
    "finger_pos": [
        -0.19571135346391294,
        0.12057625354002867
    ],
    "id": 3742661165853741360,
    "observation": [
        -3.402225971221924,
        -0.583069384098053,
        0.18235056102275848,
        -0.04380694031715393,
        -0.7396084666252136,
        0.0437893383204937
    ],
    "qpos": [
        -3.402226072535611,
        -0.5830693689480089
    ],
    "qvel": [
        -0.7396084761448205,
        0.04378933840226107
    ],
    "render_time": 0.002036571502685547,
    "reward": 0.0,
    "score": 0.0,
    "step_idx": 168,
    "success": null,
    "target_pos": [
        -0.013360786287278083,
        0.07676931206928468
    ],
    "terminated": false,
    "truncated": false
}