{
    "action": [
        -0.5476811934320203,
        0.7415259580587892
    ],
    "ep_idx": 1,
    "finger_pos": [
        -0.1959092312913202,
        0.12169597462353027
    ],
    "id": 3742661165853741360,
    "observation": [
        -3.417097568511963,
        -0.5606931447982788,
        0.18254844844341278,
        -0.044926661998033524,
        -0.23576852679252625,
        0.6414048671722412
    ],
    "qpos": [
        -3.4170976732012064,
        -0.5606931676407819
    ],
    "qvel": [
        -0.23576852516177205,
        0.6414048925683258
    ],
    "render_time": 0.0020360946655273438,
    "reward": 0.0,
    "score": 0.0,
    "step_idx": 169,
    "success": null,
    "target_pos": [
        -0.013360786287278083,
        0.07676931206928468
    ],
    "terminated": false,
    "truncated": false
}