{
    "action": [
        -0.749320218198086,
        -0.2630956780983933
    ],
    "ep_idx": 1,
    "finger_pos": [
        -0.20141921985494038,
        0.12066839077019227
    ],
    "id": 3742661165853741360,
    "observation": [
        -3.472778558731079,
        -0.4171295166015625,
        0.18805843591690063,
        -0.04389907792210579,
        -1.5649445056915283,
        3.8942766189575195
    ],
    "qpos": [
        -3.472778560181201,
        -0.4171295133727687
    ],
    "qvel": [
        -1.5649444557623033,
        3.89427663900178
    ],
    "render_time": 0.0020303726196289062,
    "reward": 0.0,
    "score": 0.0,
    "step_idx": 170,
    "success": null,
    "target_pos": [
        -0.013360786287278083,
        0.07676931206928468
    ],
    "terminated": false,
    "truncated": false
}