{
    "action": [
        -0.8036069921160218,
        -0.6263697781178563
    ],
    "ep_idx": 1,
    "finger_pos": [
        -0.19681875034451388,
        0.12826368787570686
    ],
    "id": 3742661165853741360,
    "observation": [
        -3.513113260269165,
        -0.4120756685733795,
        0.18345797061920166,
        -0.05149437487125397,
        -1.068543553352356,
        -0.2779594361782074
    ],
    "qpos": [
        -3.513113159279359,
        -0.4120756800093703
    ],
    "qvel": [
        -1.0685434996168615,
        -0.2779594451970281
    ],
    "render_time": 0.004473209381103516,
    "reward": 0.0,
    "score": 0.0,
    "step_idx": 171,
    "success": null,
    "target_pos": [
        -0.013360786287278083,
        0.07676931206928468
    ],
    "terminated": false,
    "truncated": false
}