{
    "action": [
        0.13175353040664906,
        -0.526261691151048
    ],
    "ep_idx": 1,
    "finger_pos": [
        -0.18339858264950482,
        0.14338103183140893
    ],
    "id": 3742661165853741360,
    "observation": [
        -3.5594730377197266,
        -0.49132826924324036,
        0.17003779113292694,
        -0.06661172211170197,
        -1.293068528175354,
        -2.1732451915740967
    ],
    "qpos": [
        -3.559473024061655,
        -0.49132827767841536
    ],
    "qvel": [
        -1.2930685236343122,
        -2.1732451885081145
    ],
    "render_time": 0.0020601749420166016,
    "reward": 0.0,
    "score": 0.0,
    "step_idx": 172,
    "success": null,
    "target_pos": [
        -0.013360786287278083,
        0.07676931206928468
    ],
    "terminated": false,
    "truncated": false
}