{
    "action": [
        -0.9204339270749748,
        -0.019311291590465185
    ],
    "ep_idx": 1,
    "finger_pos": [
        -0.16705561889222753,
        0.15670117046719778
    ],
    "id": 3742661165853741360,
    "observation": [
        -3.591750383377075,
        -0.6065381765365601,
        0.15369483828544617,
        -0.07993185520172119,
        -0.7099559903144836,
        -2.931918144226074
    ],
    "qpos": [
        -3.591750447835666,
        -0.6065381706301317
    ],
    "qvel": [
        -0.7099560023986029,
        -2.93191821822484
    ],
    "render_time": 0.0020301342010498047,
    "reward": 0.0,
    "score": 0.0,
    "step_idx": 173,
    "success": null,
    "target_pos": [
        -0.013360786287278083,
        0.07676931206928468
    ],
    "terminated": false,
    "truncated": false
}