{
    "action": [
        0.12072647830758365,
        0.5998380942383232
    ],
    "ep_idx": 1,
    "finger_pos": [
        -0.15342119326324585,
        0.17027521154926833
    ],
    "id": 3742661165853741360,
    "observation": [
        -3.6778461933135986,
        -0.6023300886154175,
        0.1400604099035263,
        -0.09350589662790298,
        -2.3939757347106934,
        0.40093114972114563
    ],
    "qpos": [
        -3.6778461667923055,
        -0.602330076186664
    ],
    "qvel": [
        -2.3939758419123036,
        0.400931160317224
    ],
    "render_time": 0.0020232200622558594,
    "reward": 0.0,
    "score": 0.0,
    "step_idx": 174,
    "success": null,
    "target_pos": [
        -0.013360786287278083,
        0.07676931206928468
    ],
    "terminated": false,
    "truncated": false
}