{
    "action": [
        -0.020020496998462534,
        -0.47986046228434787
    ],
    "ep_idx": 1,
    "finger_pos": [
        -0.146316865731909,
        0.17978276248789737
    ],
    "id": 3742661165853741360,
    "observation": [
        -3.7670743465423584,
        -0.5243666768074036,
        0.13295607268810272,
        -0.10301344841718674,
        -2.0943808555603027,
        2.1432182788848877
    ],
    "qpos": [
        -3.7670742377630715,
        -0.5243666500106661
    ],
    "qvel": [
        -2.0943808425473036,
        2.1432182019136983
    ],
    "render_time": 0.0020399093627929688,
    "reward": 0.0,
    "score": 0.0,
    "step_idx": 175,
    "success": null,
    "target_pos": [
        -0.013360786287278083,
        0.07676931206928468
    ],
    "terminated": false,
    "truncated": false
}