{
    "action": [
        0.7230132389030268,
        -0.9314881110893722
    ],
    "ep_idx": 1,
    "finger_pos": [
        -0.13237036438038155,
        0.18727333274735034
    ],
    "id": 3742661165853741360,
    "observation": [
        -3.797818899154663,
        -0.5985503196716309,
        0.1190095767378807,
        -0.11050402373075485,
        -0.61979079246521,
        -2.256507158279419
    ],
    "qpos": [
        -3.797818803909775,
        -0.5985503487024938
    ],
    "qvel": [
        -0.6197908171545663,
        -2.2565072033546087
    ],
    "render_time": 0.0020279884338378906,
    "reward": 0.0,
    "score": 0.0,
    "step_idx": 176,
    "success": null,
    "target_pos": [
        -0.013360786287278083,
        0.07676931206928468
    ],
    "terminated": false,
    "truncated": false
}