{
    "action": [
        -0.05131634594606105,
        0.6573111658256952
    ],
    "ep_idx": 1,
    "finger_pos": [
        -0.11498252206108589,
        0.18904871475400045
    ],
    "id": 3742661165853741360,
    "observation": [
        -3.7682602405548096,
        -0.7953795194625854,
        0.10162173211574554,
        -0.11227940022945404,
        0.9722719192504883,
        -5.150883674621582
    ],
    "qpos": [
        -3.7682601629647583,
        -0.7953795309492315
    ],
    "qvel": [
        0.972271893257072,
        -5.15088345694266
    ],
    "render_time": 0.0020532608032226562,
    "reward": 0.0,
    "score": 0.0,
    "step_idx": 177,
    "success": null,
    "target_pos": [
        -0.013360786287278083,
        0.07676931206928468
    ],
    "terminated": false,
    "truncated": false
}