{
    "action": [
        0.2597022158163389,
        -0.1800812069194877
    ],
    "ep_idx": 1,
    "finger_pos": [
        -0.11618069310886162,
        0.19171740836461806
    ],
    "id": 3742661165853741360,
    "observation": [
        -3.8023743629455566,
        -0.7303906679153442,
        0.10281990468502045,
        -0.1149480938911438,
        -1.0218572616577148,
        2.428114414215088
    ],
    "qpos": [
        -3.802374274283837,
        -0.7303906638088447
    ],
    "qvel": [
        -1.0218572581310394,
        2.4281143616291794
    ],
    "render_time": 0.0020380020141601562,
    "reward": 0.0,
    "score": 0.0,
    "step_idx": 178,
    "success": null,
    "target_pos": [
        -0.013360786287278083,
        0.07676931206928468
    ],
    "terminated": false,
    "truncated": false
}