{
    "action": [
        -0.2462870514815212,
        -0.49092492372930807
    ],
    "ep_idx": 1,
    "finger_pos": [
        -0.11421243027302505,
        0.19172236668407944
    ],
    "id": 3742661165853741360,
    "observation": [
        -3.7983269691467285,
        -0.7535942196846008,
        0.1008516475558281,
        -0.11495305597782135,
        0.27275940775871277,
        -0.923935055732727
    ],
    "qpos": [
        -3.798326993780726,
        -0.7535941950804241
    ],
    "qvel": [
        0.2727594013660976,
        -0.9239350847726208
    ],
    "render_time": 0.0020513534545898438,
    "reward": 0.0,
    "score": 0.0,
    "step_idx": 179,
    "success": null,
    "target_pos": [
        -0.013360786287278083,
        0.07676931206928468
    ],
    "terminated": false,
    "truncated": false
}