{
    "action": [
        -0.21577722292187396,
        0.9132180576497446
    ],
    "ep_idx": 1,
    "finger_pos": [
        -0.10705846469072372,
        0.19193140516450008
    ],
    "id": 3742661165853741360,
    "observation": [
        -3.7900588512420654,
        -0.8270430564880371,
        0.0936976820230484,
        -0.11516208946704865,
        0.13766925036907196,
        -1.958606243133545
    ],
    "qpos": [
        -3.790058959817336,
        -0.8270430514210889
    ],
    "qvel": [
        0.137669255603789,
        -1.9586062225433145
    ],
    "render_time": 0.0020456314086914062,
    "reward": 0.0,
    "score": 0.0,
    "step_idx": 180,
    "success": null,
    "target_pos": [
        -0.013360786287278083,
        0.07676931206928468
    ],
    "terminated": false,
    "truncated": false
}