{
    "action": [
        -0.08545844075534714,
        0.9258336101295159
    ],
    "ep_idx": 1,
    "finger_pos": [
        -0.11264518039012522,
        0.19550722508003662
    ],
    "id": 3742661165853741360,
    "observation": [
        -3.841961622238159,
        -0.6954300999641418,
        0.09928439557552338,
        -0.11873791366815567,
        -1.4578444957733154,
        3.954319953918457
    ],
    "qpos": [
        -3.8419616316489567,
        -0.6954301251835696
    ],
    "qvel": [
        -1.4578445117320484,
        3.954319881857472
    ],
    "render_time": 0.0020720958709716797,
    "reward": 0.0,
    "score": 0.0,
    "step_idx": 181,
    "success": null,
    "target_pos": [
        -0.013360786287278083,
        0.07676931206928468
    ],
    "terminated": false,
    "truncated": false
}