{
    "action": [
        0.719590037188208,
        0.22370763576131658
    ],
    "ep_idx": 1,
    "finger_pos": [
        -0.12204267703623162,
        0.19715380952765907
    ],
    "id": 3742661165853741360,
    "observation": [
        -3.897082805633545,
        -0.5220335721969604,
        0.10868188738822937,
        -0.12038449943065643,
        -1.3365269899368286,
        4.3883891105651855
    ],
    "qpos": [
        -3.897082724392709,
        -0.5220335978000596
    ],
    "qvel": [
        -1.3365269448366548,
        4.388389201502926
    ],
    "render_time": 0.0020384788513183594,
    "reward": 0.0,
    "score": 0.0,
    "step_idx": 182,
    "success": null,
    "target_pos": [
        -0.013360786287278083,
        0.07676931206928468
    ],
    "terminated": false,
    "truncated": false
}