{
    "action": [
        -0.5978593188396484,
        0.7579704877471871
    ],
    "ep_idx": 1,
    "finger_pos": [
        -0.12876876364875212,
        0.1940123982134413
    ],
    "id": 3742661165853741360,
    "observation": [
        -3.8818399906158447,
        -0.48918643593788147,
        0.11540798097848892,
        -0.11724308878183365,
        0.6808838248252869,
        0.4784005880355835
    ],
    "qpos": [
        -3.8818400383352163,
        -0.48918642360127323
    ],
    "qvel": [
        0.6808838348640177,
        0.47840058533561824
    ],
    "render_time": 0.0020627975463867188,
    "reward": 0.0,
    "score": 0.0,
    "step_idx": 183,
    "success": null,
    "target_pos": [
        -0.013360786287278083,
        0.07676931206928468
    ],
    "terminated": false,
    "truncated": false
}