{
    "action": [
        0.6078271227141774,
        -0.9740219409044539
    ],
    "ep_idx": 1,
    "finger_pos": [
        -0.13977175114105675,
        0.19098624472104675
    ],
    "id": 3742661165853741360,
    "observation": [
        -3.9137916564941406,
        -0.3336379826068878,
        0.12641096115112305,
        -0.11421693116426468,
        -1.034490704536438,
        4.214162826538086
    ],
    "qpos": [
        -3.913791659684655,
        -0.33363797497905673
    ],
    "qvel": [
        -1.03449076411093,
        4.214162607958879
    ],
    "render_time": 0.002050638198852539,
    "reward": 0.0,
    "score": 0.0,
    "step_idx": 184,
    "success": null,
    "target_pos": [
        -0.013360786287278083,
        0.07676931206928468
    ],
    "terminated": false,
    "truncated": false
}