{
    "action": [
        0.5362358558961415,
        0.13802148152701688
    ],
    "ep_idx": 1,
    "finger_pos": [
        -0.13517557097545124,
        0.18943319636459852
    ],
    "id": 3742661165853741360,
    "observation": [
        -3.8456296920776367,
        -0.4939557909965515,
        0.1218147873878479,
        -0.1126638874411583,
        1.9912850856781006,
        -4.738088130950928
    ],
    "qpos": [
        -3.8456296486669777,
        -0.4939557823220473
    ],
    "qvel": [
        1.9912851355425851,
        -4.738088179637269
    ],
    "render_time": 0.0020749568939208984,
    "reward": 0.0,
    "score": 0.0,
    "step_idx": 185,
    "success": null,
    "target_pos": [
        -0.013360786287278083,
        0.07676931206928468
    ],
    "terminated": false,
    "truncated": false
}