{
    "action": [
        0.4457580634024805,
        -0.851017616949955
    ],
    "ep_idx": 1,
    "finger_pos": [
        -0.1409994306344867,
        0.1844221025549031
    ],
    "id": 3742661165853741360,
    "observation": [
        -3.803128242492676,
        -0.5130282044410706,
        0.12763863801956177,
        -0.10765279084444046,
        1.049796223640442,
        -0.04833712801337242
    ],
    "qpos": [
        -3.80312827807447,
        -0.513028221156819
    ],
    "qvel": [
        1.0497962337754096,
        -0.04833712918017219
    ],
    "render_time": 0.002032756805419922,
    "reward": 0.0,
    "score": 0.0,
    "step_idx": 186,
    "success": null,
    "target_pos": [
        -0.013360786287278083,
        0.07676931206928468
    ],
    "terminated": false,
    "truncated": false
}