{
    "action": [
        0.13910392932192073,
        -0.2961774768217411
    ],
    "ep_idx": 1,
    "finger_pos": [
        -0.14023179796853477,
        0.1786628363405211
    ],
    "id": 3742661165853741360,
    "observation": [
        -3.7178781032562256,
        -0.6580953598022461,
        0.1268710047006607,
        -0.10189352184534073,
        2.2341840267181396,
        -3.972062110900879
    ],
    "qpos": [
        -3.7178780142191643,
        -0.6580953835299086
    ],
    "qvel": [
        2.234184006796332,
        -3.972062200711098
    ],
    "render_time": 0.0020842552185058594,
    "reward": 0.0,
    "score": 0.0,
    "step_idx": 187,
    "success": null,
    "target_pos": [
        -0.013360786287278083,
        0.07676931206928468
    ],
    "terminated": false,
    "truncated": false
}