{
    "action": [
        -0.9644201259149074,
        0.7927783564678674
    ],
    "ep_idx": 1,
    "finger_pos": [
        -0.1426075515956889,
        0.17324874339511867
    ],
    "id": 3742661165853741360,
    "observation": [
        -3.661073923110962,
        -0.7252482771873474,
        0.1292467713356018,
        -0.09647943079471588,
        1.3125673532485962,
        -1.4474754333496094
    ],
    "qpos": [
        -3.6610739769004264,
        -0.72524828534179
    ],
    "qvel": [
        1.312567403507726,
        -1.4474754811511135
    ],
    "render_time": 0.002442598342895508,
    "reward": 0.0,
    "score": 0.0,
    "step_idx": 188,
    "success": null,
    "target_pos": [
        -0.013360786287278083,
        0.07676931206928468
    ],
    "terminated": false,
    "truncated": false
}