{
    "action": [
        -0.6364748026036182,
        -0.3396719067366474
    ],
    "ep_idx": 1,
    "finger_pos": [
        -0.1527616812869941,
        0.17246356778294103
    ],
    "id": 3742661165853741360,
    "observation": [
        -3.703561544418335,
        -0.5678688883781433,
        0.1394008994102478,
        -0.09569425880908966,
        -1.4797923564910889,
        4.533450126647949
    ],
    "qpos": [
        -3.7035616341383037,
        -0.5678688872272816
    ],
    "qvel": [
        -1.4797923588212165,
        4.533450206212895
    ],
    "render_time": 0.0020971298217773438,
    "reward": 0.0,
    "score": 0.0,
    "step_idx": 189,
    "success": null,
    "target_pos": [
        -0.013360786287278083,
        0.07676931206928468
    ],
    "terminated": false,
    "truncated": false
}