{
    "action": [
        0.29300132975653725,
        0.32583040982991407
    ],
    "ep_idx": 1,
    "finger_pos": [
        -0.14771735765890648,
        0.17666120485859393
    ],
    "id": 3742661165853741360,
    "observation": [
        -3.7304325103759766,
        -0.571102499961853,
        0.1343565732240677,
        -0.09989189356565475,
        -0.6885389089584351,
        -0.6145592927932739
    ],
    "qpos": [
        -3.7304324967055686,
        -0.5711024935431064
    ],
    "qvel": [
        -0.688538912001478,
        -0.6145592658576005
    ],
    "render_time": 0.0020914077758789062,
    "reward": 0.0,
    "score": 0.0,
    "step_idx": 190,
    "success": null,
    "target_pos": [
        -0.013360786287278083,
        0.07676931206928468
    ],
    "terminated": false,
    "truncated": false
}