{
    "action": [
        0.5755830805865974,
        -0.5771074831542609
    ],
    "ep_idx": 1,
    "finger_pos": [
        -0.14648439047099573,
        0.1789890049796718
    ],
    "id": 3742661165853741360,
    "observation": [
        -3.756284236907959,
        -0.5404907464981079,
        0.13312360644340515,
        -0.10221969336271286,
        -0.5547873377799988,
        0.9338694214820862
    ],
    "qpos": [
        -3.7562841253861334,
        -0.5404907433387183
    ],
    "qvel": [
        -0.5547873384765055,
        0.9338694369576135
    ],
    "render_time": 0.002065420150756836,
    "reward": 0.0,
    "score": 0.0,
    "step_idx": 191,
    "success": null,
    "target_pos": [
        -0.013360786287278083,
        0.07676931206928468
    ],
    "terminated": false,
    "truncated": false
}