{
    "action": [
        0.6433051007437571,
        0.9048026333510106
    ],
    "ep_idx": 1,
    "finger_pos": [
        -0.1408723229897503,
        0.17847784825150126
    ],
    "id": 3742661165853741360,
    "observation": [
        -3.7184090614318848,
        -0.6515967845916748,
        0.12751153111457825,
        -0.1017085388302803,
        1.1660079956054688,
        -3.1283602714538574
    ],
    "qpos": [
        -3.7184090258836706,
        -0.6515967578535183
    ],
    "qvel": [
        1.166007968666428,
        -3.128360157396074
    ],
    "render_time": 0.0021042823791503906,
    "reward": 0.0,
    "score": 0.0,
    "step_idx": 192,
    "success": null,
    "target_pos": [
        -0.013360786287278083,
        0.07676931206928468
    ],
    "terminated": false,
    "truncated": false
}