{
    "action": [
        0.40868754447329736,
        -0.30381157089869704
    ],
    "ep_idx": 1,
    "finger_pos": [
        -0.1533121854030773,
        0.17277370340329984
    ],
    "id": 3742661165853741360,
    "observation": [
        -3.71169114112854,
        -0.5498224496841431,
        0.13995139300823212,
        -0.09600438922643661,
        0.18440715968608856,
        3.2067365646362305
    ],
    "qpos": [
        -3.711691071822382,
        -0.549822436532349
    ],
    "qvel": [
        0.18440716196388027,
        3.2067365678565634
    ],
    "render_time": 0.0020847320556640625,
    "reward": 0.0,
    "score": 0.0,
    "step_idx": 193,
    "success": null,
    "target_pos": [
        -0.013360786287278083,
        0.07676931206928468
    ],
    "terminated": false,
    "truncated": false
}