{
    "action": [
        0.9176387521128515,
        0.1924637296729772
    ],
    "ep_idx": 1,
    "finger_pos": [
        -0.1595109401241302,
        0.16538050053470202
    ],
    "id": 3742661165853741360,
    "observation": [
        -3.652038097381592,
        -0.5860340595245361,
        0.1461501568555832,
        -0.0886111855506897,
        1.6450363397598267,
        -1.3329968452453613
    ],
    "qpos": [
        -3.6520380344161003,
        -0.5860340758741728
    ],
    "qvel": [
        1.6450363478184977,
        -1.3329968873346743
    ],
    "render_time": 0.0020694732666015625,
    "reward": 0.0,
    "score": 0.0,
    "step_idx": 194,
    "success": null,
    "target_pos": [
        -0.013360786287278083,
        0.07676931206928468
    ],
    "terminated": false,
    "truncated": false
}