{
    "action": [
        -0.14935494985842923,
        0.5390642382342272
    ],
    "ep_idx": 1,
    "finger_pos": [
        -0.17116925197795174,
        0.15319287221798594
    ],
    "id": 3742661165853741360,
    "observation": [
        -3.5777480602264404,
        -0.5877571702003479,
        0.15780846774578094,
        -0.07642356306314468,
        1.9890176057815552,
        0.1309266984462738
    ],
    "qpos": [
        -3.5777481653500294,
        -0.587757152762732
    ],
    "qvel": [
        1.9890175796941196,
        0.13092670185488975
    ],
    "render_time": 0.002089977264404297,
    "reward": 0.0,
    "score": 0.0,
    "step_idx": 195,
    "success": null,
    "target_pos": [
        -0.013360786287278083,
        0.07676931206928468
    ],
    "terminated": false,
    "truncated": false
}