{
    "action": [
        -0.25310529283687067,
        0.02312762239606858
    ],
    "ep_idx": 1,
    "finger_pos": [
        -0.1869670046663366,
        0.13934538524753398
    ],
    "id": 3742661165853741360,
    "observation": [
        -3.543142795562744,
        -0.47786441445350647,
        0.17360621690750122,
        -0.06257607042789459,
        0.6790980100631714,
        3.0078704357147217
    ],
    "qpos": [
        -3.543142902428156,
        -0.4778644101617814
    ],
    "qvel": [
        0.6790980064490983,
        3.0078704376652983
    ],
    "render_time": 0.0020706653594970703,
    "reward": 0.0,
    "score": 0.0,
    "step_idx": 196,
    "success": null,
    "target_pos": [
        -0.013360786287278083,
        0.07676931206928468
    ],
    "terminated": false,
    "truncated": false
}