{
    "action": [
        0.8427783121226129,
        -0.42461575272621777
    ],
    "ep_idx": 1,
    "finger_pos": [
        -0.19513877309288613,
        0.12979776788813815
    ],
    "id": 3742661165853741360,
    "observation": [
        -3.511409282684326,
        -0.4342789649963379,
        0.1817779839038849,
        -0.05302845686674118,
        0.7219102382659912,
        0.8630040884017944
    ],
    "qpos": [
        -3.511409347081392,
        -0.43427896853046544
    ],
    "qvel": [
        0.7219102376948187,
        0.8630041087059006
    ],
    "render_time": 0.0021665096282958984,
    "reward": 0.0,
    "score": 0.0,
    "step_idx": 197,
    "success": null,
    "target_pos": [
        -0.013360786287278083,
        0.07676931206928468
    ],
    "terminated": false,
    "truncated": false
}