{
    "action": [
        -0.22245950660043468,
        -0.13843459815523684
    ],
    "ep_idx": 1,
    "finger_pos": [
        -0.1978663261166081,
        0.12079004849226707
    ],
    "id": 3742661165853741360,
    "observation": [
        -3.427863121032715,
        -0.5236135721206665,
        0.18450553715229034,
        -0.04402073472738266,
        2.300335645675659,
        -2.4970271587371826
    ],
    "qpos": [
        -3.4278631770847694,
        -0.5236135534191523
    ],
    "qvel": [
        2.3003357051796613,
        -2.497027111813543
    ],
    "render_time": 0.002079010009765625,
    "reward": 0.0,
    "score": 0.0,
    "step_idx": 198,
    "success": null,
    "target_pos": [
        -0.013360786287278083,
        0.07676931206928468
    ],
    "terminated": false,
    "truncated": false
}