{
    "action": [
        -0.4454866399540467,
        0.04467204167608618
    ],
    "ep_idx": 1,
    "finger_pos": [
        -0.20222343373952129,
        0.11244025033167791
    ],
    "id": 3742661165853741360,
    "observation": [
        -3.3802340030670166,
        -0.5376236438751221,
        0.1888626515865326,
        -0.035670939832925797,
        0.993260383605957,
        -0.16904301941394806
    ],
    "qpos": [
        -3.380234077720789,
        -0.5376236558966854
    ],
    "qvel": [
        0.9932604038358661,
        -0.1690430156614684
    ],
    "render_time": 0.0020911693572998047,
    "reward": 0.0,
    "score": 0.0,
    "step_idx": 199,
    "success": null,
    "target_pos": [
        -0.013360786287278083,
        0.07676931206928468
    ],
    "terminated": false,
    "truncated": false
}