{
    "action": [
        null,
        null
    ],
    "ep_idx": 1,
    "finger_pos": [
        -0.2056763183458666,
        0.10808830285926081
    ],
    "id": 3742661165853741360,
    "observation": [
        -3.3722641468048096,
        -0.5063759684562683,
        0.19231553375720978,
        -0.031318992376327515,
        0.02343589998781681,
        0.848041832447052
    ],
    "qpos": [
        -3.372264133395379,
        -0.5063759396231946
    ],
    "qvel": [
        0.023435900596581183,
        0.8480418509043498
    ],
    "render_time": 0.002089977264404297,
    "reward": 0.0,
    "score": 0.0,
    "step_idx": 200,
    "success": null,
    "target_pos": [
        -0.013360786287278083,
        0.07676931206928468
    ],
    "terminated": false,
    "truncated": true
}